-- MariaDB dump 10.19  Distrib 10.4.32-MariaDB, for Win64 (AMD64)
--
-- Host: localhost    Database: gestion_wings
-- ------------------------------------------------------
-- Server version	10.4.32-MariaDB

/*!40101 SET @OLD_CHARACTER_SET_CLIENT=@@CHARACTER_SET_CLIENT */;
/*!40101 SET @OLD_CHARACTER_SET_RESULTS=@@CHARACTER_SET_RESULTS */;
/*!40101 SET @OLD_COLLATION_CONNECTION=@@COLLATION_CONNECTION */;
/*!40101 SET NAMES utf8mb4 */;
/*!40103 SET @OLD_TIME_ZONE=@@TIME_ZONE */;
/*!40103 SET TIME_ZONE='+00:00' */;
/*!40014 SET @OLD_UNIQUE_CHECKS=@@UNIQUE_CHECKS, UNIQUE_CHECKS=0 */;
/*!40014 SET @OLD_FOREIGN_KEY_CHECKS=@@FOREIGN_KEY_CHECKS, FOREIGN_KEY_CHECKS=0 */;
/*!40101 SET @OLD_SQL_MODE=@@SQL_MODE, SQL_MODE='NO_AUTO_VALUE_ON_ZERO' */;
/*!40111 SET @OLD_SQL_NOTES=@@SQL_NOTES, SQL_NOTES=0 */;

--
-- Table structure for table `alumno_planes`
--

DROP TABLE IF EXISTS `alumno_planes`;
/*!40101 SET @saved_cs_client     = @@character_set_client */;
/*!40101 SET character_set_client = utf8 */;
CREATE TABLE `alumno_planes` (
  `id` bigint(20) unsigned NOT NULL AUTO_INCREMENT,
  `alumno_id` bigint(20) unsigned NOT NULL,
  `plan_id` bigint(20) unsigned NOT NULL,
  `fecha_desde` date NOT NULL,
  `fecha_hasta` date DEFAULT NULL,
  `activo` tinyint(1) NOT NULL DEFAULT 1,
  `created_at` timestamp NULL DEFAULT NULL,
  `updated_at` timestamp NULL DEFAULT NULL,
  PRIMARY KEY (`id`),
  UNIQUE KEY `unique_alumno_plan_activo` (`alumno_id`,`activo`),
  KEY `alumno_planes_plan_id_foreign` (`plan_id`),
  CONSTRAINT `alumno_planes_alumno_id_foreign` FOREIGN KEY (`alumno_id`) REFERENCES `alumnos` (`id`) ON DELETE CASCADE,
  CONSTRAINT `alumno_planes_plan_id_foreign` FOREIGN KEY (`plan_id`) REFERENCES `grupo_planes` (`id`)
) ENGINE=InnoDB AUTO_INCREMENT=35 DEFAULT CHARSET=utf8mb4 COLLATE=utf8mb4_unicode_ci;
/*!40101 SET character_set_client = @saved_cs_client */;

--
-- Dumping data for table `alumno_planes`
--

LOCK TABLES `alumno_planes` WRITE;
/*!40000 ALTER TABLE `alumno_planes` DISABLE KEYS */;
INSERT INTO `alumno_planes` VALUES (1,1,1,'2025-03-01',NULL,1,'2026-06-22 08:22:28','2026-06-22 08:22:28'),(2,2,2,'2025-05-15',NULL,1,'2026-06-22 08:22:28','2026-06-22 08:22:28'),(3,3,1,'2025-07-22',NULL,1,'2026-06-22 08:22:28','2026-06-22 08:22:28'),(4,4,2,'2025-09-10',NULL,1,'2026-06-22 08:22:28','2026-06-22 08:22:28'),(5,5,1,'2025-11-18',NULL,1,'2026-06-22 08:22:28','2026-06-22 08:22:28'),(6,6,2,'2026-01-05',NULL,1,'2026-06-22 08:22:28','2026-06-22 08:22:28'),(7,7,3,'2025-03-15',NULL,1,'2026-06-22 08:22:28','2026-06-22 08:22:28'),(8,8,4,'2025-06-08',NULL,1,'2026-06-22 08:22:28','2026-06-22 08:22:28'),(9,9,3,'2025-08-20',NULL,1,'2026-06-22 08:22:28','2026-06-22 08:22:28'),(10,10,4,'2025-10-14',NULL,1,'2026-06-22 08:22:28','2026-06-22 08:22:28'),(11,11,3,'2025-12-22',NULL,1,'2026-06-22 08:22:28','2026-06-22 08:22:28'),(12,13,5,'2024-08-10',NULL,1,'2026-06-22 08:22:28','2026-06-22 08:22:28'),(13,14,6,'2024-10-05',NULL,1,'2026-06-22 08:22:28','2026-06-22 08:22:28'),(14,15,5,'2024-12-18',NULL,1,'2026-06-22 08:22:28','2026-06-22 08:22:28'),(15,16,6,'2025-02-28',NULL,1,'2026-06-22 08:22:28','2026-06-22 08:22:28'),(16,17,5,'2025-05-12',NULL,1,'2026-06-22 08:22:28','2026-06-22 08:22:28'),(17,18,6,'2025-08-07',NULL,1,'2026-06-22 08:22:28','2026-06-22 08:22:28'),(18,19,5,'2025-11-25',NULL,1,'2026-06-22 08:22:28','2026-06-22 08:22:28'),(19,20,6,'2026-01-30',NULL,1,'2026-06-22 08:22:28','2026-06-22 08:22:28'),(20,21,7,'2024-08-22',NULL,1,'2026-06-22 08:22:28','2026-06-22 08:22:28'),(21,23,7,'2025-01-14',NULL,1,'2026-06-22 08:22:28','2026-06-22 08:22:28'),(22,24,8,'2025-04-08',NULL,1,'2026-06-22 08:22:28','2026-06-22 08:22:28'),(23,25,7,'2025-06-30',NULL,1,'2026-06-22 08:22:28','2026-06-22 08:22:28'),(24,26,8,'2025-09-15',NULL,1,'2026-06-22 08:22:28','2026-06-22 08:22:28'),(25,27,7,'2025-12-01',NULL,1,'2026-06-22 08:22:28','2026-06-22 08:22:28'),(26,28,8,'2026-03-12',NULL,1,'2026-06-22 08:22:28','2026-06-22 08:22:28'),(27,29,9,'2024-09-05',NULL,1,'2026-06-22 08:22:28','2026-06-22 08:22:28'),(28,30,10,'2024-11-19',NULL,1,'2026-06-22 08:22:28','2026-06-22 08:22:28'),(29,31,9,'2025-02-08',NULL,1,'2026-06-22 08:22:28','2026-06-22 08:22:28'),(30,32,10,'2025-04-22',NULL,1,'2026-06-22 08:22:28','2026-06-22 08:22:28'),(31,33,9,'2025-07-11',NULL,1,'2026-06-22 08:22:28','2026-06-22 08:22:28'),(32,34,10,'2025-10-03',NULL,1,'2026-06-22 08:22:28','2026-06-22 08:22:28'),(33,35,9,'2026-01-08',NULL,1,'2026-06-22 08:22:28','2026-06-22 08:22:28'),(34,36,10,'2026-03-25',NULL,1,'2026-06-22 08:22:28','2026-06-22 08:22:28');
/*!40000 ALTER TABLE `alumno_planes` ENABLE KEYS */;
UNLOCK TABLES;

--
-- Table structure for table `alumnos`
--

DROP TABLE IF EXISTS `alumnos`;
/*!40101 SET @saved_cs_client     = @@character_set_client */;
/*!40101 SET character_set_client = utf8 */;
CREATE TABLE `alumnos` (
  `id` bigint(20) unsigned NOT NULL AUTO_INCREMENT,
  `nombre` varchar(255) NOT NULL,
  `apellido` varchar(255) NOT NULL,
  `dni` varchar(255) DEFAULT NULL,
  `fecha_nacimiento` date NOT NULL,
  `celular` varchar(255) NOT NULL,
  `nombre_tutor` varchar(255) DEFAULT NULL,
  `telefono_tutor` varchar(255) DEFAULT NULL,
  `email` varchar(255) DEFAULT NULL,
  `deporte_id` bigint(20) unsigned NOT NULL,
  `grupo_id` bigint(20) unsigned NOT NULL,
  `fecha_alta` date NOT NULL,
  `activo` tinyint(1) NOT NULL DEFAULT 1,
  `created_at` timestamp NULL DEFAULT NULL,
  `updated_at` timestamp NULL DEFAULT NULL,
  PRIMARY KEY (`id`),
  UNIQUE KEY `alumnos_dni_deporte_unique` (`dni`,`deporte_id`),
  KEY `alumnos_deporte_id_foreign` (`deporte_id`),
  KEY `alumnos_grupo_id_foreign` (`grupo_id`),
  CONSTRAINT `alumnos_deporte_id_foreign` FOREIGN KEY (`deporte_id`) REFERENCES `deportes` (`id`) ON DELETE CASCADE,
  CONSTRAINT `alumnos_grupo_id_foreign` FOREIGN KEY (`grupo_id`) REFERENCES `grupos` (`id`) ON DELETE CASCADE
) ENGINE=InnoDB AUTO_INCREMENT=37 DEFAULT CHARSET=utf8mb4 COLLATE=utf8mb4_unicode_ci;
/*!40101 SET character_set_client = @saved_cs_client */;

--
-- Dumping data for table `alumnos`
--

LOCK TABLES `alumnos` WRITE;
/*!40000 ALTER TABLE `alumnos` DISABLE KEYS */;
INSERT INTO `alumnos` VALUES (1,'Lucas','González','30000001','2012-04-15','11-4500-0001',NULL,NULL,NULL,2,1,'2025-03-01',1,'2026-06-22 08:22:30','2026-06-22 08:22:30'),(2,'Matías','Rodríguez','30000002','2013-08-22','11-4500-0002',NULL,NULL,NULL,2,1,'2025-05-15',1,'2026-06-22 08:22:30','2026-06-22 08:22:30'),(3,'Sebastián','López','30000003','2011-11-03','11-4500-0003',NULL,NULL,NULL,2,1,'2025-07-22',1,'2026-06-22 08:22:30','2026-06-22 08:22:30'),(4,'Ezequiel','Fernández','30000004','2014-02-28','11-4500-0004',NULL,NULL,NULL,2,1,'2025-09-10',1,'2026-06-22 08:22:30','2026-06-22 08:22:30'),(5,'Agustín','Martínez','30000005','2012-07-10','11-4500-0005',NULL,NULL,NULL,2,1,'2025-11-18',1,'2026-06-22 08:22:30','2026-06-22 08:22:30'),(6,'Tomás','García','30000006','2013-01-19','11-4500-0006',NULL,NULL,NULL,2,1,'2026-01-05',1,'2026-06-22 08:22:30','2026-06-22 08:22:30'),(7,'Federico','Pérez','30000007','2010-09-07','11-4500-0007',NULL,NULL,NULL,2,2,'2025-03-15',1,'2026-06-22 08:22:30','2026-06-22 08:22:30'),(8,'Nicolás','Sánchez','30000008','2011-05-14','11-4500-0008',NULL,NULL,NULL,2,2,'2025-06-08',1,'2026-06-22 08:22:30','2026-06-22 08:22:30'),(9,'Ignacio','Romero','30000009','2010-12-30','11-4500-0009',NULL,NULL,NULL,2,2,'2025-08-20',1,'2026-06-22 08:22:30','2026-06-22 08:22:30'),(10,'Leandro','Torres','30000010','2011-03-25','11-4500-0010',NULL,NULL,NULL,2,2,'2025-10-14',1,'2026-06-22 08:22:30','2026-06-22 08:22:30'),(11,'Nahuel','Álvarez','30000011','2012-10-11','11-4500-0011',NULL,NULL,NULL,2,2,'2025-12-22',1,'2026-06-22 08:22:30','2026-06-22 08:22:30'),(12,'Ramiro','Flores','30000012','2013-06-05','11-4500-0012',NULL,NULL,NULL,2,2,'2026-02-17',0,'2026-06-22 08:22:30','2026-06-22 08:22:30'),(13,'Valentina','Gómez','38000001','2014-03-08','11-4500-0001',NULL,NULL,NULL,1,3,'2024-08-10',1,'2026-06-22 08:22:30','2026-06-22 08:22:30'),(14,'Camila','Díaz','38000002','2015-07-21','11-4500-0002',NULL,NULL,NULL,1,3,'2024-10-05',1,'2026-06-22 08:22:30','2026-06-22 08:22:30'),(15,'Sofía','Ruiz','38000003','2013-11-14','11-4500-0003',NULL,NULL,NULL,1,3,'2024-12-18',1,'2026-06-22 08:22:30','2026-06-22 08:22:30'),(16,'Lucía','Moreno','38000004','2014-01-30','11-4500-0004',NULL,NULL,NULL,1,3,'2025-02-28',1,'2026-06-22 08:22:30','2026-06-22 08:22:30'),(17,'Martina','Jiménez','38000005','2015-09-18','11-4500-0005',NULL,NULL,NULL,1,3,'2025-05-12',1,'2026-06-22 08:22:30','2026-06-22 08:22:30'),(18,'Giuliana','Herrera','38000006','2013-04-02','11-4500-0006',NULL,NULL,NULL,1,3,'2025-08-07',1,'2026-06-22 08:22:30','2026-06-22 08:22:30'),(19,'Florencia','Castro','38000007','2014-08-27','11-4500-0007',NULL,NULL,NULL,1,3,'2025-11-25',1,'2026-06-22 08:22:30','2026-06-22 08:22:30'),(20,'Pilar','Vargas','38000008','2015-12-09','11-4500-0008',NULL,NULL,NULL,1,3,'2026-01-30',1,'2026-06-22 08:22:30','2026-06-22 08:22:30'),(21,'Agostina','Ramos','38000009','2011-05-16','11-4500-0009',NULL,NULL,NULL,1,4,'2024-08-22',1,'2026-06-22 08:22:30','2026-06-22 08:22:30'),(22,'Milagros','Ortiz','38000010','2012-02-23','11-4500-0010',NULL,NULL,NULL,1,4,'2024-11-03',0,'2026-06-22 08:22:30','2026-06-22 08:22:30'),(23,'Candela','Delgado','38000011','2010-10-05','11-4500-0011',NULL,NULL,NULL,1,4,'2025-01-14',1,'2026-06-22 08:22:30','2026-06-22 08:22:30'),(24,'Ámbar','Gutiérrez','38000012','2011-08-13','11-4500-0012',NULL,NULL,NULL,1,4,'2025-04-08',1,'2026-06-22 08:22:30','2026-06-22 08:22:30'),(25,'Rocío','Soto','38000013','2012-06-29','11-4500-0013',NULL,NULL,NULL,1,4,'2025-06-30',1,'2026-06-22 08:22:30','2026-06-22 08:22:30'),(26,'Abril','Medina','38000014','2013-03-17','11-4500-0014',NULL,NULL,NULL,1,4,'2025-09-15',1,'2026-06-22 08:22:30','2026-06-22 08:22:30'),(27,'Natalia','Navarro','38000015','2011-11-22','11-4500-0015',NULL,NULL,NULL,1,4,'2025-12-01',1,'2026-06-22 08:22:30','2026-06-22 08:22:30'),(28,'Bianca','Silva','38000016','2012-09-04','11-4500-0016',NULL,NULL,NULL,1,4,'2026-03-12',1,'2026-06-22 08:22:30','2026-06-22 08:22:30'),(29,'Isabella','Núñez','38000017','2009-07-11','11-4500-0017',NULL,NULL,NULL,1,5,'2024-09-05',1,'2026-06-22 08:22:30','2026-06-22 08:22:30'),(30,'Aldana','Mendoza','38000018','2010-01-28','11-4500-0018',NULL,NULL,NULL,1,5,'2024-11-19',1,'2026-06-22 08:22:30','2026-06-22 08:22:30'),(31,'Catalina','Ponce','38000019','2009-04-15','11-4500-0019',NULL,NULL,NULL,1,5,'2025-02-08',1,'2026-06-22 08:22:30','2026-06-22 08:22:30'),(32,'Victoria','Cruz','38000020','2010-11-03','11-4500-0020',NULL,NULL,NULL,1,5,'2025-04-22',1,'2026-06-22 08:22:30','2026-06-22 08:22:30'),(33,'Valentina','Reyes','38000021','2009-08-20','11-4500-0021',NULL,NULL,NULL,1,5,'2025-07-11',1,'2026-06-22 08:22:30','2026-06-22 08:22:30'),(34,'Agustina','Morales','38000022','2010-05-07','11-4500-0022',NULL,NULL,NULL,1,5,'2025-10-03',1,'2026-06-22 08:22:30','2026-06-22 08:22:30'),(35,'Emilia','Vega','38000023','2009-12-25','11-4500-0023',NULL,NULL,NULL,1,5,'2026-01-08',1,'2026-06-22 08:22:30','2026-06-22 08:22:30'),(36,'Delfina','Pereyra','38000024','2010-06-18','11-4500-0024',NULL,NULL,NULL,1,5,'2026-03-25',1,'2026-06-22 08:22:30','2026-06-22 08:22:30');
/*!40000 ALTER TABLE `alumnos` ENABLE KEYS */;
UNLOCK TABLES;

--
-- Table structure for table `alumnos_revision_cobranza`
--

DROP TABLE IF EXISTS `alumnos_revision_cobranza`;
/*!40101 SET @saved_cs_client     = @@character_set_client */;
/*!40101 SET character_set_client = utf8 */;
CREATE TABLE `alumnos_revision_cobranza` (
  `id` bigint(20) unsigned NOT NULL AUTO_INCREMENT,
  `alumno_id` bigint(20) unsigned NOT NULL,
  `periodo_objetivo` varchar(7) NOT NULL,
  `motivo` varchar(255) NOT NULL,
  `estado_revision` enum('PENDIENTE','RESUELTO') NOT NULL DEFAULT 'PENDIENTE',
  `created_at` timestamp NULL DEFAULT NULL,
  `updated_at` timestamp NULL DEFAULT NULL,
  PRIMARY KEY (`id`),
  UNIQUE KEY `revision_alumno_periodo_unique` (`alumno_id`,`periodo_objetivo`),
  CONSTRAINT `alumnos_revision_cobranza_alumno_id_foreign` FOREIGN KEY (`alumno_id`) REFERENCES `alumnos` (`id`) ON DELETE CASCADE
) ENGINE=InnoDB DEFAULT CHARSET=utf8mb4 COLLATE=utf8mb4_unicode_ci;
/*!40101 SET character_set_client = @saved_cs_client */;

--
-- Dumping data for table `alumnos_revision_cobranza`
--

LOCK TABLES `alumnos_revision_cobranza` WRITE;
/*!40000 ALTER TABLE `alumnos_revision_cobranza` DISABLE KEYS */;
/*!40000 ALTER TABLE `alumnos_revision_cobranza` ENABLE KEYS */;
UNLOCK TABLES;

--
-- Table structure for table `asistencia_excesos`
--

DROP TABLE IF EXISTS `asistencia_excesos`;
/*!40101 SET @saved_cs_client     = @@character_set_client */;
/*!40101 SET character_set_client = utf8 */;
CREATE TABLE `asistencia_excesos` (
  `id` bigint(20) unsigned NOT NULL AUTO_INCREMENT,
  `asistencia_id` bigint(20) unsigned NOT NULL,
  `alumno_id` bigint(20) unsigned NOT NULL,
  `fecha_clase` date NOT NULL,
  `motivo` enum('EXTRA','RECUPERA') NOT NULL,
  `detalle` text DEFAULT NULL,
  `created_at` timestamp NULL DEFAULT NULL,
  `updated_at` timestamp NULL DEFAULT NULL,
  PRIMARY KEY (`id`),
  UNIQUE KEY `asistencia_excesos_asistencia_id_unique` (`asistencia_id`),
  KEY `asistencia_excesos_alumno_id_index` (`alumno_id`),
  CONSTRAINT `asistencia_excesos_alumno_id_foreign` FOREIGN KEY (`alumno_id`) REFERENCES `alumnos` (`id`) ON DELETE CASCADE,
  CONSTRAINT `asistencia_excesos_asistencia_id_foreign` FOREIGN KEY (`asistencia_id`) REFERENCES `asistencias` (`id`) ON DELETE CASCADE
) ENGINE=InnoDB DEFAULT CHARSET=utf8mb4 COLLATE=utf8mb4_unicode_ci;
/*!40101 SET character_set_client = @saved_cs_client */;

--
-- Dumping data for table `asistencia_excesos`
--

LOCK TABLES `asistencia_excesos` WRITE;
/*!40000 ALTER TABLE `asistencia_excesos` DISABLE KEYS */;
/*!40000 ALTER TABLE `asistencia_excesos` ENABLE KEYS */;
UNLOCK TABLES;

--
-- Table structure for table `asistencias`
--

DROP TABLE IF EXISTS `asistencias`;
/*!40101 SET @saved_cs_client     = @@character_set_client */;
/*!40101 SET character_set_client = utf8 */;
CREATE TABLE `asistencias` (
  `id` bigint(20) unsigned NOT NULL AUTO_INCREMENT,
  `clase_id` bigint(20) unsigned NOT NULL,
  `alumno_id` bigint(20) unsigned NOT NULL,
  `presente` tinyint(1) NOT NULL,
  `created_at` timestamp NULL DEFAULT NULL,
  `updated_at` timestamp NULL DEFAULT NULL,
  PRIMARY KEY (`id`),
  UNIQUE KEY `asistencia_clase_alumno_unique` (`clase_id`,`alumno_id`),
  KEY `asistencias_alumno_id_foreign` (`alumno_id`),
  CONSTRAINT `asistencias_alumno_id_foreign` FOREIGN KEY (`alumno_id`) REFERENCES `alumnos` (`id`) ON DELETE CASCADE,
  CONSTRAINT `asistencias_clase_id_foreign` FOREIGN KEY (`clase_id`) REFERENCES `clases` (`id`) ON DELETE CASCADE
) ENGINE=InnoDB AUTO_INCREMENT=3511 DEFAULT CHARSET=utf8mb4 COLLATE=utf8mb4_unicode_ci;
/*!40101 SET character_set_client = @saved_cs_client */;

--
-- Dumping data for table `asistencias`
--

LOCK TABLES `asistencias` WRITE;
/*!40000 ALTER TABLE `asistencias` DISABLE KEYS */;
INSERT INTO `asistencias` VALUES (1,1,13,1,'2026-06-22 08:22:28','2026-06-22 08:22:28'),(2,1,14,1,'2026-06-22 08:22:28','2026-06-22 08:22:28'),(3,1,15,1,'2026-06-22 08:22:28','2026-06-22 08:22:28'),(4,1,16,1,'2026-06-22 08:22:28','2026-06-22 08:22:28'),(5,1,17,1,'2026-06-22 08:22:28','2026-06-22 08:22:28'),(6,1,18,1,'2026-06-22 08:22:28','2026-06-22 08:22:28'),(7,1,19,1,'2026-06-22 08:22:28','2026-06-22 08:22:28'),(8,1,20,1,'2026-06-22 08:22:28','2026-06-22 08:22:28'),(9,23,13,1,'2026-06-22 08:22:28','2026-06-22 08:22:28'),(10,23,14,1,'2026-06-22 08:22:28','2026-06-22 08:22:28'),(11,23,15,1,'2026-06-22 08:22:28','2026-06-22 08:22:28'),(12,23,16,1,'2026-06-22 08:22:28','2026-06-22 08:22:28'),(13,23,17,1,'2026-06-22 08:22:28','2026-06-22 08:22:28'),(14,23,18,1,'2026-06-22 08:22:28','2026-06-22 08:22:28'),(15,23,19,1,'2026-06-22 08:22:28','2026-06-22 08:22:28'),(16,23,20,1,'2026-06-22 08:22:28','2026-06-22 08:22:28'),(17,45,13,1,'2026-06-22 08:22:28','2026-06-22 08:22:28'),(18,45,14,1,'2026-06-22 08:22:28','2026-06-22 08:22:28'),(19,45,15,1,'2026-06-22 08:22:28','2026-06-22 08:22:28'),(20,45,16,1,'2026-06-22 08:22:28','2026-06-22 08:22:28'),(21,45,17,1,'2026-06-22 08:22:28','2026-06-22 08:22:28'),(22,45,18,1,'2026-06-22 08:22:28','2026-06-22 08:22:28'),(23,45,19,1,'2026-06-22 08:22:28','2026-06-22 08:22:28'),(24,45,20,1,'2026-06-22 08:22:28','2026-06-22 08:22:28'),(25,67,13,1,'2026-06-22 08:22:28','2026-06-22 08:22:28'),(26,67,14,1,'2026-06-22 08:22:28','2026-06-22 08:22:28'),(27,67,15,1,'2026-06-22 08:22:28','2026-06-22 08:22:28'),(28,67,16,1,'2026-06-22 08:22:28','2026-06-22 08:22:28'),(29,67,17,1,'2026-06-22 08:22:28','2026-06-22 08:22:28'),(30,67,18,1,'2026-06-22 08:22:28','2026-06-22 08:22:28'),(31,67,19,1,'2026-06-22 08:22:28','2026-06-22 08:22:28'),(32,67,20,1,'2026-06-22 08:22:28','2026-06-22 08:22:28'),(33,89,13,1,'2026-06-22 08:22:28','2026-06-22 08:22:28'),(34,89,14,1,'2026-06-22 08:22:28','2026-06-22 08:22:28'),(35,89,15,1,'2026-06-22 08:22:28','2026-06-22 08:22:28'),(36,89,16,1,'2026-06-22 08:22:28','2026-06-22 08:22:28'),(37,89,17,1,'2026-06-22 08:22:28','2026-06-22 08:22:28'),(38,89,18,1,'2026-06-22 08:22:28','2026-06-22 08:22:28'),(39,89,19,1,'2026-06-22 08:22:28','2026-06-22 08:22:28'),(40,89,20,1,'2026-06-22 08:22:28','2026-06-22 08:22:28'),(41,111,13,1,'2026-06-22 08:22:28','2026-06-22 08:22:28'),(42,111,14,1,'2026-06-22 08:22:28','2026-06-22 08:22:28'),(43,111,15,1,'2026-06-22 08:22:28','2026-06-22 08:22:28'),(44,111,16,1,'2026-06-22 08:22:28','2026-06-22 08:22:28'),(45,111,17,1,'2026-06-22 08:22:28','2026-06-22 08:22:28'),(46,111,18,1,'2026-06-22 08:22:28','2026-06-22 08:22:28'),(47,111,19,1,'2026-06-22 08:22:28','2026-06-22 08:22:28'),(48,111,20,1,'2026-06-22 08:22:28','2026-06-22 08:22:28'),(49,133,13,1,'2026-06-22 08:22:28','2026-06-22 08:22:28'),(50,133,14,1,'2026-06-22 08:22:28','2026-06-22 08:22:28'),(51,133,15,1,'2026-06-22 08:22:28','2026-06-22 08:22:28'),(52,133,16,1,'2026-06-22 08:22:28','2026-06-22 08:22:28'),(53,133,17,1,'2026-06-22 08:22:28','2026-06-22 08:22:28'),(54,133,18,1,'2026-06-22 08:22:28','2026-06-22 08:22:28'),(55,133,19,1,'2026-06-22 08:22:28','2026-06-22 08:22:28'),(56,133,20,1,'2026-06-22 08:22:28','2026-06-22 08:22:28'),(57,155,13,1,'2026-06-22 08:22:28','2026-06-22 08:22:28'),(58,155,14,1,'2026-06-22 08:22:28','2026-06-22 08:22:28'),(59,155,15,1,'2026-06-22 08:22:28','2026-06-22 08:22:28'),(60,155,16,1,'2026-06-22 08:22:28','2026-06-22 08:22:28'),(61,155,17,1,'2026-06-22 08:22:28','2026-06-22 08:22:28'),(62,155,18,1,'2026-06-22 08:22:28','2026-06-22 08:22:28'),(63,155,19,1,'2026-06-22 08:22:28','2026-06-22 08:22:28'),(64,155,20,1,'2026-06-22 08:22:28','2026-06-22 08:22:28'),(65,177,13,1,'2026-06-22 08:22:28','2026-06-22 08:22:28'),(66,177,14,1,'2026-06-22 08:22:28','2026-06-22 08:22:28'),(67,177,15,1,'2026-06-22 08:22:28','2026-06-22 08:22:28'),(68,177,16,1,'2026-06-22 08:22:28','2026-06-22 08:22:28'),(69,177,17,1,'2026-06-22 08:22:28','2026-06-22 08:22:28'),(70,177,18,1,'2026-06-22 08:22:28','2026-06-22 08:22:28'),(71,177,19,1,'2026-06-22 08:22:28','2026-06-22 08:22:28'),(72,177,20,1,'2026-06-22 08:22:28','2026-06-22 08:22:28'),(73,199,13,1,'2026-06-22 08:22:28','2026-06-22 08:22:28'),(74,199,14,1,'2026-06-22 08:22:28','2026-06-22 08:22:28'),(75,199,15,1,'2026-06-22 08:22:28','2026-06-22 08:22:28'),(76,199,16,1,'2026-06-22 08:22:28','2026-06-22 08:22:28'),(77,199,17,1,'2026-06-22 08:22:28','2026-06-22 08:22:28'),(78,199,18,1,'2026-06-22 08:22:28','2026-06-22 08:22:28'),(79,199,19,1,'2026-06-22 08:22:28','2026-06-22 08:22:28'),(80,199,20,1,'2026-06-22 08:22:28','2026-06-22 08:22:28'),(81,221,13,1,'2026-06-22 08:22:28','2026-06-22 08:22:28'),(82,221,14,1,'2026-06-22 08:22:28','2026-06-22 08:22:28'),(83,221,15,1,'2026-06-22 08:22:28','2026-06-22 08:22:28'),(84,221,16,1,'2026-06-22 08:22:28','2026-06-22 08:22:28'),(85,221,17,1,'2026-06-22 08:22:28','2026-06-22 08:22:28'),(86,221,18,1,'2026-06-22 08:22:28','2026-06-22 08:22:28'),(87,221,19,1,'2026-06-22 08:22:28','2026-06-22 08:22:28'),(88,221,20,1,'2026-06-22 08:22:28','2026-06-22 08:22:28'),(89,243,13,1,'2026-06-22 08:22:28','2026-06-22 08:22:28'),(90,243,14,1,'2026-06-22 08:22:28','2026-06-22 08:22:28'),(91,243,15,1,'2026-06-22 08:22:28','2026-06-22 08:22:28'),(92,243,16,1,'2026-06-22 08:22:28','2026-06-22 08:22:28'),(93,243,17,1,'2026-06-22 08:22:28','2026-06-22 08:22:28'),(94,243,18,1,'2026-06-22 08:22:28','2026-06-22 08:22:28'),(95,243,19,1,'2026-06-22 08:22:28','2026-06-22 08:22:28'),(96,243,20,1,'2026-06-22 08:22:28','2026-06-22 08:22:28'),(97,265,13,1,'2026-06-22 08:22:28','2026-06-22 08:22:28'),(98,265,14,1,'2026-06-22 08:22:28','2026-06-22 08:22:28'),(99,265,15,1,'2026-06-22 08:22:28','2026-06-22 08:22:28'),(100,265,16,1,'2026-06-22 08:22:28','2026-06-22 08:22:28'),(101,265,17,1,'2026-06-22 08:22:28','2026-06-22 08:22:28'),(102,265,18,1,'2026-06-22 08:22:28','2026-06-22 08:22:28'),(103,265,19,1,'2026-06-22 08:22:28','2026-06-22 08:22:28'),(104,265,20,1,'2026-06-22 08:22:28','2026-06-22 08:22:28'),(105,287,13,1,'2026-06-22 08:22:28','2026-06-22 08:22:28'),(106,287,14,1,'2026-06-22 08:22:28','2026-06-22 08:22:28'),(107,287,15,1,'2026-06-22 08:22:28','2026-06-22 08:22:28'),(108,287,16,1,'2026-06-22 08:22:28','2026-06-22 08:22:28'),(109,287,17,1,'2026-06-22 08:22:28','2026-06-22 08:22:28'),(110,287,18,1,'2026-06-22 08:22:28','2026-06-22 08:22:28'),(111,287,19,1,'2026-06-22 08:22:28','2026-06-22 08:22:28'),(112,287,20,1,'2026-06-22 08:22:28','2026-06-22 08:22:28'),(113,309,13,1,'2026-06-22 08:22:28','2026-06-22 08:22:28'),(114,309,14,1,'2026-06-22 08:22:28','2026-06-22 08:22:28'),(115,309,15,1,'2026-06-22 08:22:28','2026-06-22 08:22:28'),(116,309,16,1,'2026-06-22 08:22:28','2026-06-22 08:22:28'),(117,309,17,1,'2026-06-22 08:22:28','2026-06-22 08:22:28'),(118,309,18,1,'2026-06-22 08:22:28','2026-06-22 08:22:28'),(119,309,19,1,'2026-06-22 08:22:28','2026-06-22 08:22:28'),(120,309,20,1,'2026-06-22 08:22:28','2026-06-22 08:22:28'),(121,331,13,1,'2026-06-22 08:22:28','2026-06-22 08:22:28'),(122,331,14,1,'2026-06-22 08:22:28','2026-06-22 08:22:28'),(123,331,15,1,'2026-06-22 08:22:28','2026-06-22 08:22:28'),(124,331,16,1,'2026-06-22 08:22:28','2026-06-22 08:22:28'),(125,331,17,1,'2026-06-22 08:22:28','2026-06-22 08:22:28'),(126,331,18,1,'2026-06-22 08:22:28','2026-06-22 08:22:28'),(127,331,19,1,'2026-06-22 08:22:28','2026-06-22 08:22:28'),(128,331,20,1,'2026-06-22 08:22:28','2026-06-22 08:22:28'),(129,353,13,1,'2026-06-22 08:22:28','2026-06-22 08:22:28'),(130,353,14,1,'2026-06-22 08:22:28','2026-06-22 08:22:28'),(131,353,15,1,'2026-06-22 08:22:28','2026-06-22 08:22:28'),(132,353,16,1,'2026-06-22 08:22:28','2026-06-22 08:22:28'),(133,353,17,1,'2026-06-22 08:22:28','2026-06-22 08:22:28'),(134,353,18,1,'2026-06-22 08:22:28','2026-06-22 08:22:28'),(135,353,19,1,'2026-06-22 08:22:28','2026-06-22 08:22:28'),(136,353,20,1,'2026-06-22 08:22:28','2026-06-22 08:22:28'),(137,375,13,1,'2026-06-22 08:22:28','2026-06-22 08:22:28'),(138,375,14,1,'2026-06-22 08:22:28','2026-06-22 08:22:28'),(139,375,15,1,'2026-06-22 08:22:28','2026-06-22 08:22:28'),(140,375,16,1,'2026-06-22 08:22:28','2026-06-22 08:22:28'),(141,375,17,1,'2026-06-22 08:22:28','2026-06-22 08:22:28'),(142,375,18,1,'2026-06-22 08:22:28','2026-06-22 08:22:28'),(143,375,19,1,'2026-06-22 08:22:28','2026-06-22 08:22:28'),(144,375,20,1,'2026-06-22 08:22:28','2026-06-22 08:22:28'),(145,397,13,1,'2026-06-22 08:22:28','2026-06-22 08:22:28'),(146,397,14,1,'2026-06-22 08:22:28','2026-06-22 08:22:28'),(147,397,15,1,'2026-06-22 08:22:28','2026-06-22 08:22:28'),(148,397,16,1,'2026-06-22 08:22:28','2026-06-22 08:22:28'),(149,397,17,1,'2026-06-22 08:22:28','2026-06-22 08:22:28'),(150,397,18,1,'2026-06-22 08:22:28','2026-06-22 08:22:28'),(151,397,19,1,'2026-06-22 08:22:28','2026-06-22 08:22:28'),(152,397,20,1,'2026-06-22 08:22:28','2026-06-22 08:22:28'),(153,419,13,1,'2026-06-22 08:22:28','2026-06-22 08:22:28'),(154,419,14,1,'2026-06-22 08:22:28','2026-06-22 08:22:28'),(155,419,15,1,'2026-06-22 08:22:28','2026-06-22 08:22:28'),(156,419,16,1,'2026-06-22 08:22:28','2026-06-22 08:22:28'),(157,419,17,1,'2026-06-22 08:22:28','2026-06-22 08:22:28'),(158,419,18,1,'2026-06-22 08:22:28','2026-06-22 08:22:28'),(159,419,19,1,'2026-06-22 08:22:28','2026-06-22 08:22:28'),(160,419,20,1,'2026-06-22 08:22:28','2026-06-22 08:22:28'),(161,441,13,1,'2026-06-22 08:22:28','2026-06-22 08:22:28'),(162,441,14,1,'2026-06-22 08:22:28','2026-06-22 08:22:28'),(163,441,15,1,'2026-06-22 08:22:28','2026-06-22 08:22:28'),(164,441,16,1,'2026-06-22 08:22:28','2026-06-22 08:22:28'),(165,441,17,1,'2026-06-22 08:22:28','2026-06-22 08:22:28'),(166,441,18,1,'2026-06-22 08:22:28','2026-06-22 08:22:28'),(167,441,19,1,'2026-06-22 08:22:28','2026-06-22 08:22:28'),(168,441,20,1,'2026-06-22 08:22:28','2026-06-22 08:22:28'),(169,463,13,1,'2026-06-22 08:22:28','2026-06-22 08:22:28'),(170,463,14,1,'2026-06-22 08:22:28','2026-06-22 08:22:28'),(171,463,15,1,'2026-06-22 08:22:28','2026-06-22 08:22:28'),(172,463,16,1,'2026-06-22 08:22:28','2026-06-22 08:22:28'),(173,463,17,1,'2026-06-22 08:22:28','2026-06-22 08:22:28'),(174,463,18,1,'2026-06-22 08:22:28','2026-06-22 08:22:28'),(175,463,19,1,'2026-06-22 08:22:28','2026-06-22 08:22:28'),(176,463,20,1,'2026-06-22 08:22:28','2026-06-22 08:22:28'),(177,485,13,1,'2026-06-22 08:22:28','2026-06-22 08:22:28'),(178,485,14,1,'2026-06-22 08:22:28','2026-06-22 08:22:28'),(179,485,15,1,'2026-06-22 08:22:28','2026-06-22 08:22:28'),(180,485,16,1,'2026-06-22 08:22:28','2026-06-22 08:22:28'),(181,485,17,1,'2026-06-22 08:22:28','2026-06-22 08:22:28'),(182,485,18,1,'2026-06-22 08:22:28','2026-06-22 08:22:28'),(183,485,19,1,'2026-06-22 08:22:28','2026-06-22 08:22:28'),(184,485,20,1,'2026-06-22 08:22:28','2026-06-22 08:22:28'),(185,507,13,1,'2026-06-22 08:22:28','2026-06-22 08:22:28'),(186,507,14,1,'2026-06-22 08:22:28','2026-06-22 08:22:28'),(187,507,15,1,'2026-06-22 08:22:28','2026-06-22 08:22:28'),(188,507,16,1,'2026-06-22 08:22:28','2026-06-22 08:22:28'),(189,507,17,1,'2026-06-22 08:22:28','2026-06-22 08:22:28'),(190,507,18,1,'2026-06-22 08:22:28','2026-06-22 08:22:28'),(191,507,19,1,'2026-06-22 08:22:28','2026-06-22 08:22:28'),(192,507,20,1,'2026-06-22 08:22:28','2026-06-22 08:22:28'),(193,529,13,1,'2026-06-22 08:22:28','2026-06-22 08:22:28'),(194,529,14,1,'2026-06-22 08:22:28','2026-06-22 08:22:28'),(195,529,15,1,'2026-06-22 08:22:28','2026-06-22 08:22:28'),(196,529,16,1,'2026-06-22 08:22:28','2026-06-22 08:22:28'),(197,529,17,1,'2026-06-22 08:22:28','2026-06-22 08:22:28'),(198,529,18,1,'2026-06-22 08:22:28','2026-06-22 08:22:28'),(199,529,19,1,'2026-06-22 08:22:28','2026-06-22 08:22:28'),(200,529,20,1,'2026-06-22 08:22:28','2026-06-22 08:22:28'),(201,2,21,1,'2026-06-22 08:22:28','2026-06-22 08:22:28'),(202,2,23,1,'2026-06-22 08:22:28','2026-06-22 08:22:28'),(203,2,24,0,'2026-06-22 08:22:28','2026-06-22 08:22:28'),(204,2,25,1,'2026-06-22 08:22:28','2026-06-22 08:22:28'),(205,2,26,1,'2026-06-22 08:22:28','2026-06-22 08:22:28'),(206,2,27,1,'2026-06-22 08:22:28','2026-06-22 08:22:28'),(207,2,28,1,'2026-06-22 08:22:28','2026-06-22 08:22:28'),(208,24,21,1,'2026-06-22 08:22:28','2026-06-22 08:22:28'),(209,24,23,1,'2026-06-22 08:22:28','2026-06-22 08:22:28'),(210,24,24,0,'2026-06-22 08:22:28','2026-06-22 08:22:28'),(211,24,25,1,'2026-06-22 08:22:28','2026-06-22 08:22:28'),(212,24,26,1,'2026-06-22 08:22:28','2026-06-22 08:22:28'),(213,24,27,1,'2026-06-22 08:22:28','2026-06-22 08:22:28'),(214,24,28,1,'2026-06-22 08:22:28','2026-06-22 08:22:28'),(215,46,21,1,'2026-06-22 08:22:28','2026-06-22 08:22:28'),(216,46,23,1,'2026-06-22 08:22:28','2026-06-22 08:22:28'),(217,46,24,0,'2026-06-22 08:22:28','2026-06-22 08:22:28'),(218,46,25,1,'2026-06-22 08:22:28','2026-06-22 08:22:28'),(219,46,26,1,'2026-06-22 08:22:28','2026-06-22 08:22:28'),(220,46,27,1,'2026-06-22 08:22:28','2026-06-22 08:22:28'),(221,46,28,1,'2026-06-22 08:22:28','2026-06-22 08:22:28'),(222,68,21,1,'2026-06-22 08:22:28','2026-06-22 08:22:28'),(223,68,23,1,'2026-06-22 08:22:28','2026-06-22 08:22:28'),(224,68,24,0,'2026-06-22 08:22:28','2026-06-22 08:22:28'),(225,68,25,1,'2026-06-22 08:22:28','2026-06-22 08:22:28'),(226,68,26,1,'2026-06-22 08:22:28','2026-06-22 08:22:28'),(227,68,27,1,'2026-06-22 08:22:28','2026-06-22 08:22:28'),(228,68,28,1,'2026-06-22 08:22:28','2026-06-22 08:22:28'),(229,90,21,1,'2026-06-22 08:22:28','2026-06-22 08:22:28'),(230,90,23,1,'2026-06-22 08:22:28','2026-06-22 08:22:28'),(231,90,24,0,'2026-06-22 08:22:28','2026-06-22 08:22:28'),(232,90,25,1,'2026-06-22 08:22:28','2026-06-22 08:22:28'),(233,90,26,1,'2026-06-22 08:22:28','2026-06-22 08:22:28'),(234,90,27,1,'2026-06-22 08:22:28','2026-06-22 08:22:28'),(235,90,28,1,'2026-06-22 08:22:28','2026-06-22 08:22:28'),(236,112,21,1,'2026-06-22 08:22:28','2026-06-22 08:22:28'),(237,112,23,1,'2026-06-22 08:22:28','2026-06-22 08:22:28'),(238,112,24,0,'2026-06-22 08:22:28','2026-06-22 08:22:28'),(239,112,25,1,'2026-06-22 08:22:28','2026-06-22 08:22:28'),(240,112,26,1,'2026-06-22 08:22:28','2026-06-22 08:22:28'),(241,112,27,1,'2026-06-22 08:22:28','2026-06-22 08:22:28'),(242,112,28,1,'2026-06-22 08:22:28','2026-06-22 08:22:28'),(243,134,21,1,'2026-06-22 08:22:28','2026-06-22 08:22:28'),(244,134,23,1,'2026-06-22 08:22:28','2026-06-22 08:22:28'),(245,134,24,0,'2026-06-22 08:22:28','2026-06-22 08:22:28'),(246,134,25,1,'2026-06-22 08:22:28','2026-06-22 08:22:28'),(247,134,26,1,'2026-06-22 08:22:28','2026-06-22 08:22:28'),(248,134,27,1,'2026-06-22 08:22:28','2026-06-22 08:22:28'),(249,134,28,1,'2026-06-22 08:22:28','2026-06-22 08:22:28'),(250,156,21,1,'2026-06-22 08:22:28','2026-06-22 08:22:28'),(251,156,23,1,'2026-06-22 08:22:28','2026-06-22 08:22:28'),(252,156,24,0,'2026-06-22 08:22:28','2026-06-22 08:22:28'),(253,156,25,1,'2026-06-22 08:22:28','2026-06-22 08:22:28'),(254,156,26,1,'2026-06-22 08:22:28','2026-06-22 08:22:28'),(255,156,27,1,'2026-06-22 08:22:28','2026-06-22 08:22:28'),(256,156,28,1,'2026-06-22 08:22:28','2026-06-22 08:22:28'),(257,178,21,1,'2026-06-22 08:22:28','2026-06-22 08:22:28'),(258,178,23,1,'2026-06-22 08:22:28','2026-06-22 08:22:28'),(259,178,24,0,'2026-06-22 08:22:28','2026-06-22 08:22:28'),(260,178,25,1,'2026-06-22 08:22:28','2026-06-22 08:22:28'),(261,178,26,1,'2026-06-22 08:22:28','2026-06-22 08:22:28'),(262,178,27,1,'2026-06-22 08:22:28','2026-06-22 08:22:28'),(263,178,28,1,'2026-06-22 08:22:28','2026-06-22 08:22:28'),(264,200,21,1,'2026-06-22 08:22:28','2026-06-22 08:22:28'),(265,200,23,1,'2026-06-22 08:22:28','2026-06-22 08:22:28'),(266,200,24,0,'2026-06-22 08:22:28','2026-06-22 08:22:28'),(267,200,25,1,'2026-06-22 08:22:28','2026-06-22 08:22:28'),(268,200,26,1,'2026-06-22 08:22:28','2026-06-22 08:22:28'),(269,200,27,1,'2026-06-22 08:22:28','2026-06-22 08:22:28'),(270,200,28,1,'2026-06-22 08:22:28','2026-06-22 08:22:28'),(271,222,21,1,'2026-06-22 08:22:28','2026-06-22 08:22:28'),(272,222,23,1,'2026-06-22 08:22:28','2026-06-22 08:22:28'),(273,222,24,0,'2026-06-22 08:22:28','2026-06-22 08:22:28'),(274,222,25,1,'2026-06-22 08:22:28','2026-06-22 08:22:28'),(275,222,26,1,'2026-06-22 08:22:28','2026-06-22 08:22:28'),(276,222,27,1,'2026-06-22 08:22:28','2026-06-22 08:22:28'),(277,222,28,1,'2026-06-22 08:22:28','2026-06-22 08:22:28'),(278,244,21,1,'2026-06-22 08:22:28','2026-06-22 08:22:28'),(279,244,23,1,'2026-06-22 08:22:28','2026-06-22 08:22:28'),(280,244,24,0,'2026-06-22 08:22:28','2026-06-22 08:22:28'),(281,244,25,1,'2026-06-22 08:22:28','2026-06-22 08:22:28'),(282,244,26,1,'2026-06-22 08:22:28','2026-06-22 08:22:28'),(283,244,27,1,'2026-06-22 08:22:28','2026-06-22 08:22:28'),(284,244,28,1,'2026-06-22 08:22:28','2026-06-22 08:22:28'),(285,266,21,1,'2026-06-22 08:22:28','2026-06-22 08:22:28'),(286,266,23,1,'2026-06-22 08:22:28','2026-06-22 08:22:28'),(287,266,24,0,'2026-06-22 08:22:28','2026-06-22 08:22:28'),(288,266,25,1,'2026-06-22 08:22:28','2026-06-22 08:22:28'),(289,266,26,1,'2026-06-22 08:22:28','2026-06-22 08:22:28'),(290,266,27,1,'2026-06-22 08:22:28','2026-06-22 08:22:28'),(291,266,28,1,'2026-06-22 08:22:28','2026-06-22 08:22:28'),(292,288,21,1,'2026-06-22 08:22:28','2026-06-22 08:22:28'),(293,288,23,1,'2026-06-22 08:22:28','2026-06-22 08:22:28'),(294,288,24,0,'2026-06-22 08:22:28','2026-06-22 08:22:28'),(295,288,25,1,'2026-06-22 08:22:28','2026-06-22 08:22:28'),(296,288,26,1,'2026-06-22 08:22:28','2026-06-22 08:22:28'),(297,288,27,1,'2026-06-22 08:22:28','2026-06-22 08:22:28'),(298,288,28,1,'2026-06-22 08:22:28','2026-06-22 08:22:28'),(299,310,21,1,'2026-06-22 08:22:28','2026-06-22 08:22:28'),(300,310,23,1,'2026-06-22 08:22:28','2026-06-22 08:22:28'),(301,310,24,0,'2026-06-22 08:22:28','2026-06-22 08:22:28'),(302,310,25,1,'2026-06-22 08:22:28','2026-06-22 08:22:28'),(303,310,26,1,'2026-06-22 08:22:28','2026-06-22 08:22:28'),(304,310,27,1,'2026-06-22 08:22:28','2026-06-22 08:22:28'),(305,310,28,1,'2026-06-22 08:22:28','2026-06-22 08:22:28'),(306,332,21,1,'2026-06-22 08:22:28','2026-06-22 08:22:28'),(307,332,23,1,'2026-06-22 08:22:28','2026-06-22 08:22:28'),(308,332,24,0,'2026-06-22 08:22:28','2026-06-22 08:22:28'),(309,332,25,1,'2026-06-22 08:22:28','2026-06-22 08:22:28'),(310,332,26,1,'2026-06-22 08:22:28','2026-06-22 08:22:28'),(311,332,27,1,'2026-06-22 08:22:28','2026-06-22 08:22:28'),(312,332,28,1,'2026-06-22 08:22:28','2026-06-22 08:22:28'),(313,354,21,1,'2026-06-22 08:22:28','2026-06-22 08:22:28'),(314,354,23,1,'2026-06-22 08:22:28','2026-06-22 08:22:28'),(315,354,24,0,'2026-06-22 08:22:28','2026-06-22 08:22:28'),(316,354,25,1,'2026-06-22 08:22:28','2026-06-22 08:22:28'),(317,354,26,1,'2026-06-22 08:22:28','2026-06-22 08:22:28'),(318,354,27,1,'2026-06-22 08:22:28','2026-06-22 08:22:28'),(319,354,28,1,'2026-06-22 08:22:28','2026-06-22 08:22:28'),(320,376,21,1,'2026-06-22 08:22:28','2026-06-22 08:22:28'),(321,376,23,1,'2026-06-22 08:22:28','2026-06-22 08:22:28'),(322,376,24,0,'2026-06-22 08:22:28','2026-06-22 08:22:28'),(323,376,25,1,'2026-06-22 08:22:28','2026-06-22 08:22:28'),(324,376,26,1,'2026-06-22 08:22:28','2026-06-22 08:22:28'),(325,376,27,1,'2026-06-22 08:22:28','2026-06-22 08:22:28'),(326,376,28,1,'2026-06-22 08:22:28','2026-06-22 08:22:28'),(327,398,21,1,'2026-06-22 08:22:28','2026-06-22 08:22:28'),(328,398,23,1,'2026-06-22 08:22:28','2026-06-22 08:22:28'),(329,398,24,0,'2026-06-22 08:22:28','2026-06-22 08:22:28'),(330,398,25,1,'2026-06-22 08:22:28','2026-06-22 08:22:28'),(331,398,26,1,'2026-06-22 08:22:28','2026-06-22 08:22:28'),(332,398,27,1,'2026-06-22 08:22:28','2026-06-22 08:22:28'),(333,398,28,1,'2026-06-22 08:22:28','2026-06-22 08:22:28'),(334,420,21,1,'2026-06-22 08:22:28','2026-06-22 08:22:28'),(335,420,23,1,'2026-06-22 08:22:28','2026-06-22 08:22:28'),(336,420,24,0,'2026-06-22 08:22:28','2026-06-22 08:22:28'),(337,420,25,1,'2026-06-22 08:22:28','2026-06-22 08:22:28'),(338,420,26,1,'2026-06-22 08:22:28','2026-06-22 08:22:28'),(339,420,27,1,'2026-06-22 08:22:28','2026-06-22 08:22:28'),(340,420,28,1,'2026-06-22 08:22:28','2026-06-22 08:22:28'),(341,442,21,1,'2026-06-22 08:22:28','2026-06-22 08:22:28'),(342,442,23,1,'2026-06-22 08:22:28','2026-06-22 08:22:28'),(343,442,24,0,'2026-06-22 08:22:28','2026-06-22 08:22:28'),(344,442,25,1,'2026-06-22 08:22:28','2026-06-22 08:22:28'),(345,442,26,1,'2026-06-22 08:22:28','2026-06-22 08:22:28'),(346,442,27,1,'2026-06-22 08:22:28','2026-06-22 08:22:28'),(347,442,28,1,'2026-06-22 08:22:28','2026-06-22 08:22:28'),(348,464,21,1,'2026-06-22 08:22:28','2026-06-22 08:22:28'),(349,464,23,1,'2026-06-22 08:22:28','2026-06-22 08:22:28'),(350,464,24,0,'2026-06-22 08:22:28','2026-06-22 08:22:28'),(351,464,25,1,'2026-06-22 08:22:28','2026-06-22 08:22:28'),(352,464,26,1,'2026-06-22 08:22:28','2026-06-22 08:22:28'),(353,464,27,1,'2026-06-22 08:22:28','2026-06-22 08:22:28'),(354,464,28,1,'2026-06-22 08:22:28','2026-06-22 08:22:28'),(355,486,21,1,'2026-06-22 08:22:28','2026-06-22 08:22:28'),(356,486,23,1,'2026-06-22 08:22:28','2026-06-22 08:22:28'),(357,486,24,0,'2026-06-22 08:22:28','2026-06-22 08:22:28'),(358,486,25,1,'2026-06-22 08:22:28','2026-06-22 08:22:28'),(359,486,26,1,'2026-06-22 08:22:28','2026-06-22 08:22:28'),(360,486,27,1,'2026-06-22 08:22:28','2026-06-22 08:22:28'),(361,486,28,1,'2026-06-22 08:22:28','2026-06-22 08:22:28'),(362,508,21,1,'2026-06-22 08:22:28','2026-06-22 08:22:28'),(363,508,23,1,'2026-06-22 08:22:28','2026-06-22 08:22:28'),(364,508,24,0,'2026-06-22 08:22:28','2026-06-22 08:22:28'),(365,508,25,1,'2026-06-22 08:22:28','2026-06-22 08:22:28'),(366,508,26,1,'2026-06-22 08:22:28','2026-06-22 08:22:28'),(367,508,27,1,'2026-06-22 08:22:28','2026-06-22 08:22:28'),(368,508,28,1,'2026-06-22 08:22:28','2026-06-22 08:22:28'),(369,530,21,1,'2026-06-22 08:22:28','2026-06-22 08:22:28'),(370,530,23,1,'2026-06-22 08:22:28','2026-06-22 08:22:28'),(371,530,24,0,'2026-06-22 08:22:28','2026-06-22 08:22:28'),(372,530,25,1,'2026-06-22 08:22:28','2026-06-22 08:22:28'),(373,530,26,1,'2026-06-22 08:22:28','2026-06-22 08:22:28'),(374,530,27,1,'2026-06-22 08:22:28','2026-06-22 08:22:28'),(375,530,28,1,'2026-06-22 08:22:28','2026-06-22 08:22:28'),(376,3,29,1,'2026-06-22 08:22:28','2026-06-22 08:22:28'),(377,3,30,1,'2026-06-22 08:22:28','2026-06-22 08:22:28'),(378,3,31,1,'2026-06-22 08:22:28','2026-06-22 08:22:28'),(379,3,32,1,'2026-06-22 08:22:28','2026-06-22 08:22:28'),(380,3,33,1,'2026-06-22 08:22:28','2026-06-22 08:22:28'),(381,3,34,1,'2026-06-22 08:22:28','2026-06-22 08:22:28'),(382,3,35,1,'2026-06-22 08:22:28','2026-06-22 08:22:28'),(383,3,36,0,'2026-06-22 08:22:28','2026-06-22 08:22:28'),(384,25,29,1,'2026-06-22 08:22:28','2026-06-22 08:22:28'),(385,25,30,1,'2026-06-22 08:22:28','2026-06-22 08:22:28'),(386,25,31,1,'2026-06-22 08:22:28','2026-06-22 08:22:28'),(387,25,32,1,'2026-06-22 08:22:28','2026-06-22 08:22:28'),(388,25,33,1,'2026-06-22 08:22:28','2026-06-22 08:22:28'),(389,25,34,1,'2026-06-22 08:22:28','2026-06-22 08:22:28'),(390,25,35,1,'2026-06-22 08:22:28','2026-06-22 08:22:28'),(391,25,36,0,'2026-06-22 08:22:28','2026-06-22 08:22:28'),(392,47,29,1,'2026-06-22 08:22:28','2026-06-22 08:22:28'),(393,47,30,1,'2026-06-22 08:22:28','2026-06-22 08:22:28'),(394,47,31,1,'2026-06-22 08:22:28','2026-06-22 08:22:28'),(395,47,32,1,'2026-06-22 08:22:28','2026-06-22 08:22:28'),(396,47,33,1,'2026-06-22 08:22:28','2026-06-22 08:22:28'),(397,47,34,1,'2026-06-22 08:22:28','2026-06-22 08:22:28'),(398,47,35,1,'2026-06-22 08:22:28','2026-06-22 08:22:28'),(399,47,36,0,'2026-06-22 08:22:28','2026-06-22 08:22:28'),(400,69,29,1,'2026-06-22 08:22:28','2026-06-22 08:22:28'),(401,69,30,1,'2026-06-22 08:22:28','2026-06-22 08:22:28'),(402,69,31,1,'2026-06-22 08:22:28','2026-06-22 08:22:28'),(403,69,32,1,'2026-06-22 08:22:28','2026-06-22 08:22:28'),(404,69,33,1,'2026-06-22 08:22:28','2026-06-22 08:22:28'),(405,69,34,1,'2026-06-22 08:22:28','2026-06-22 08:22:28'),(406,69,35,1,'2026-06-22 08:22:28','2026-06-22 08:22:28'),(407,69,36,0,'2026-06-22 08:22:28','2026-06-22 08:22:28'),(408,91,29,1,'2026-06-22 08:22:28','2026-06-22 08:22:28'),(409,91,30,1,'2026-06-22 08:22:28','2026-06-22 08:22:28'),(410,91,31,1,'2026-06-22 08:22:28','2026-06-22 08:22:28'),(411,91,32,1,'2026-06-22 08:22:28','2026-06-22 08:22:28'),(412,91,33,1,'2026-06-22 08:22:28','2026-06-22 08:22:28'),(413,91,34,1,'2026-06-22 08:22:28','2026-06-22 08:22:28'),(414,91,35,1,'2026-06-22 08:22:28','2026-06-22 08:22:28'),(415,91,36,0,'2026-06-22 08:22:28','2026-06-22 08:22:28'),(416,113,29,1,'2026-06-22 08:22:28','2026-06-22 08:22:28'),(417,113,30,1,'2026-06-22 08:22:28','2026-06-22 08:22:28'),(418,113,31,1,'2026-06-22 08:22:28','2026-06-22 08:22:28'),(419,113,32,1,'2026-06-22 08:22:28','2026-06-22 08:22:28'),(420,113,33,1,'2026-06-22 08:22:28','2026-06-22 08:22:28'),(421,113,34,1,'2026-06-22 08:22:28','2026-06-22 08:22:28'),(422,113,35,1,'2026-06-22 08:22:28','2026-06-22 08:22:28'),(423,113,36,0,'2026-06-22 08:22:28','2026-06-22 08:22:28'),(424,135,29,1,'2026-06-22 08:22:28','2026-06-22 08:22:28'),(425,135,30,1,'2026-06-22 08:22:28','2026-06-22 08:22:28'),(426,135,31,1,'2026-06-22 08:22:28','2026-06-22 08:22:28'),(427,135,32,1,'2026-06-22 08:22:28','2026-06-22 08:22:28'),(428,135,33,1,'2026-06-22 08:22:28','2026-06-22 08:22:28'),(429,135,34,1,'2026-06-22 08:22:28','2026-06-22 08:22:28'),(430,135,35,1,'2026-06-22 08:22:28','2026-06-22 08:22:28'),(431,135,36,0,'2026-06-22 08:22:28','2026-06-22 08:22:28'),(432,157,29,1,'2026-06-22 08:22:28','2026-06-22 08:22:28'),(433,157,30,1,'2026-06-22 08:22:28','2026-06-22 08:22:28'),(434,157,31,1,'2026-06-22 08:22:28','2026-06-22 08:22:28'),(435,157,32,1,'2026-06-22 08:22:28','2026-06-22 08:22:28'),(436,157,33,1,'2026-06-22 08:22:28','2026-06-22 08:22:28'),(437,157,34,1,'2026-06-22 08:22:28','2026-06-22 08:22:28'),(438,157,35,1,'2026-06-22 08:22:28','2026-06-22 08:22:28'),(439,157,36,0,'2026-06-22 08:22:28','2026-06-22 08:22:28'),(440,179,29,1,'2026-06-22 08:22:28','2026-06-22 08:22:28'),(441,179,30,1,'2026-06-22 08:22:28','2026-06-22 08:22:28'),(442,179,31,1,'2026-06-22 08:22:28','2026-06-22 08:22:28'),(443,179,32,1,'2026-06-22 08:22:28','2026-06-22 08:22:28'),(444,179,33,1,'2026-06-22 08:22:28','2026-06-22 08:22:28'),(445,179,34,1,'2026-06-22 08:22:28','2026-06-22 08:22:28'),(446,179,35,1,'2026-06-22 08:22:28','2026-06-22 08:22:28'),(447,179,36,0,'2026-06-22 08:22:28','2026-06-22 08:22:28'),(448,201,29,1,'2026-06-22 08:22:28','2026-06-22 08:22:28'),(449,201,30,1,'2026-06-22 08:22:28','2026-06-22 08:22:28'),(450,201,31,1,'2026-06-22 08:22:28','2026-06-22 08:22:28'),(451,201,32,1,'2026-06-22 08:22:28','2026-06-22 08:22:28'),(452,201,33,1,'2026-06-22 08:22:28','2026-06-22 08:22:28'),(453,201,34,1,'2026-06-22 08:22:28','2026-06-22 08:22:28'),(454,201,35,1,'2026-06-22 08:22:28','2026-06-22 08:22:28'),(455,201,36,0,'2026-06-22 08:22:28','2026-06-22 08:22:28'),(456,223,29,1,'2026-06-22 08:22:28','2026-06-22 08:22:28'),(457,223,30,1,'2026-06-22 08:22:28','2026-06-22 08:22:28'),(458,223,31,1,'2026-06-22 08:22:28','2026-06-22 08:22:28'),(459,223,32,1,'2026-06-22 08:22:28','2026-06-22 08:22:28'),(460,223,33,1,'2026-06-22 08:22:28','2026-06-22 08:22:28'),(461,223,34,1,'2026-06-22 08:22:28','2026-06-22 08:22:28'),(462,223,35,1,'2026-06-22 08:22:28','2026-06-22 08:22:28'),(463,223,36,0,'2026-06-22 08:22:28','2026-06-22 08:22:28'),(464,245,29,1,'2026-06-22 08:22:28','2026-06-22 08:22:28'),(465,245,30,1,'2026-06-22 08:22:28','2026-06-22 08:22:28'),(466,245,31,1,'2026-06-22 08:22:28','2026-06-22 08:22:28'),(467,245,32,1,'2026-06-22 08:22:28','2026-06-22 08:22:28'),(468,245,33,1,'2026-06-22 08:22:28','2026-06-22 08:22:28'),(469,245,34,1,'2026-06-22 08:22:28','2026-06-22 08:22:28'),(470,245,35,1,'2026-06-22 08:22:28','2026-06-22 08:22:28'),(471,245,36,0,'2026-06-22 08:22:28','2026-06-22 08:22:28'),(472,267,29,1,'2026-06-22 08:22:28','2026-06-22 08:22:28'),(473,267,30,1,'2026-06-22 08:22:28','2026-06-22 08:22:28'),(474,267,31,1,'2026-06-22 08:22:28','2026-06-22 08:22:28'),(475,267,32,1,'2026-06-22 08:22:28','2026-06-22 08:22:28'),(476,267,33,1,'2026-06-22 08:22:28','2026-06-22 08:22:28'),(477,267,34,1,'2026-06-22 08:22:28','2026-06-22 08:22:28'),(478,267,35,1,'2026-06-22 08:22:28','2026-06-22 08:22:28'),(479,267,36,0,'2026-06-22 08:22:28','2026-06-22 08:22:28'),(480,289,29,1,'2026-06-22 08:22:28','2026-06-22 08:22:28'),(481,289,30,1,'2026-06-22 08:22:28','2026-06-22 08:22:28'),(482,289,31,1,'2026-06-22 08:22:28','2026-06-22 08:22:28'),(483,289,32,1,'2026-06-22 08:22:28','2026-06-22 08:22:28'),(484,289,33,1,'2026-06-22 08:22:28','2026-06-22 08:22:28'),(485,289,34,1,'2026-06-22 08:22:28','2026-06-22 08:22:28'),(486,289,35,1,'2026-06-22 08:22:28','2026-06-22 08:22:28'),(487,289,36,0,'2026-06-22 08:22:28','2026-06-22 08:22:28'),(488,311,29,1,'2026-06-22 08:22:28','2026-06-22 08:22:28'),(489,311,30,1,'2026-06-22 08:22:28','2026-06-22 08:22:28'),(490,311,31,1,'2026-06-22 08:22:28','2026-06-22 08:22:28'),(491,311,32,1,'2026-06-22 08:22:28','2026-06-22 08:22:28'),(492,311,33,1,'2026-06-22 08:22:28','2026-06-22 08:22:28'),(493,311,34,1,'2026-06-22 08:22:28','2026-06-22 08:22:28'),(494,311,35,1,'2026-06-22 08:22:28','2026-06-22 08:22:28'),(495,311,36,0,'2026-06-22 08:22:28','2026-06-22 08:22:28'),(496,333,29,1,'2026-06-22 08:22:28','2026-06-22 08:22:28'),(497,333,30,1,'2026-06-22 08:22:28','2026-06-22 08:22:28'),(498,333,31,1,'2026-06-22 08:22:28','2026-06-22 08:22:28'),(499,333,32,1,'2026-06-22 08:22:28','2026-06-22 08:22:28'),(500,333,33,1,'2026-06-22 08:22:28','2026-06-22 08:22:28'),(501,333,34,1,'2026-06-22 08:22:28','2026-06-22 08:22:28'),(502,333,35,1,'2026-06-22 08:22:28','2026-06-22 08:22:28'),(503,333,36,0,'2026-06-22 08:22:28','2026-06-22 08:22:28'),(504,355,29,1,'2026-06-22 08:22:28','2026-06-22 08:22:28'),(505,355,30,1,'2026-06-22 08:22:28','2026-06-22 08:22:28'),(506,355,31,1,'2026-06-22 08:22:28','2026-06-22 08:22:28'),(507,355,32,1,'2026-06-22 08:22:28','2026-06-22 08:22:28'),(508,355,33,1,'2026-06-22 08:22:28','2026-06-22 08:22:28'),(509,355,34,1,'2026-06-22 08:22:28','2026-06-22 08:22:28'),(510,355,35,1,'2026-06-22 08:22:28','2026-06-22 08:22:28'),(511,355,36,0,'2026-06-22 08:22:28','2026-06-22 08:22:28'),(512,377,29,1,'2026-06-22 08:22:28','2026-06-22 08:22:28'),(513,377,30,1,'2026-06-22 08:22:28','2026-06-22 08:22:28'),(514,377,31,1,'2026-06-22 08:22:28','2026-06-22 08:22:28'),(515,377,32,1,'2026-06-22 08:22:28','2026-06-22 08:22:28'),(516,377,33,1,'2026-06-22 08:22:28','2026-06-22 08:22:28'),(517,377,34,1,'2026-06-22 08:22:28','2026-06-22 08:22:28'),(518,377,35,1,'2026-06-22 08:22:28','2026-06-22 08:22:28'),(519,377,36,0,'2026-06-22 08:22:28','2026-06-22 08:22:28'),(520,399,29,1,'2026-06-22 08:22:28','2026-06-22 08:22:28'),(521,399,30,1,'2026-06-22 08:22:28','2026-06-22 08:22:28'),(522,399,31,1,'2026-06-22 08:22:28','2026-06-22 08:22:28'),(523,399,32,1,'2026-06-22 08:22:28','2026-06-22 08:22:28'),(524,399,33,1,'2026-06-22 08:22:28','2026-06-22 08:22:28'),(525,399,34,1,'2026-06-22 08:22:28','2026-06-22 08:22:28'),(526,399,35,1,'2026-06-22 08:22:28','2026-06-22 08:22:28'),(527,399,36,0,'2026-06-22 08:22:28','2026-06-22 08:22:28'),(528,421,29,1,'2026-06-22 08:22:28','2026-06-22 08:22:28'),(529,421,30,1,'2026-06-22 08:22:28','2026-06-22 08:22:28'),(530,421,31,1,'2026-06-22 08:22:28','2026-06-22 08:22:28'),(531,421,32,1,'2026-06-22 08:22:28','2026-06-22 08:22:28'),(532,421,33,1,'2026-06-22 08:22:28','2026-06-22 08:22:28'),(533,421,34,1,'2026-06-22 08:22:28','2026-06-22 08:22:28'),(534,421,35,1,'2026-06-22 08:22:28','2026-06-22 08:22:28'),(535,421,36,0,'2026-06-22 08:22:28','2026-06-22 08:22:28'),(536,443,29,1,'2026-06-22 08:22:28','2026-06-22 08:22:28'),(537,443,30,1,'2026-06-22 08:22:28','2026-06-22 08:22:28'),(538,443,31,1,'2026-06-22 08:22:28','2026-06-22 08:22:28'),(539,443,32,1,'2026-06-22 08:22:28','2026-06-22 08:22:28'),(540,443,33,1,'2026-06-22 08:22:28','2026-06-22 08:22:28'),(541,443,34,1,'2026-06-22 08:22:28','2026-06-22 08:22:28'),(542,443,35,1,'2026-06-22 08:22:28','2026-06-22 08:22:28'),(543,443,36,0,'2026-06-22 08:22:28','2026-06-22 08:22:28'),(544,4,1,1,'2026-06-22 08:22:28','2026-06-22 08:22:28'),(545,4,2,1,'2026-06-22 08:22:28','2026-06-22 08:22:28'),(546,4,3,1,'2026-06-22 08:22:28','2026-06-22 08:22:28'),(547,4,4,1,'2026-06-22 08:22:28','2026-06-22 08:22:28'),(548,4,5,1,'2026-06-22 08:22:28','2026-06-22 08:22:28'),(549,4,6,1,'2026-06-22 08:22:28','2026-06-22 08:22:28'),(550,26,1,1,'2026-06-22 08:22:28','2026-06-22 08:22:28'),(551,26,2,1,'2026-06-22 08:22:28','2026-06-22 08:22:28'),(552,26,3,1,'2026-06-22 08:22:28','2026-06-22 08:22:28'),(553,26,4,1,'2026-06-22 08:22:28','2026-06-22 08:22:28'),(554,26,5,1,'2026-06-22 08:22:28','2026-06-22 08:22:28'),(555,26,6,1,'2026-06-22 08:22:28','2026-06-22 08:22:28'),(556,48,1,1,'2026-06-22 08:22:28','2026-06-22 08:22:28'),(557,48,2,1,'2026-06-22 08:22:28','2026-06-22 08:22:28'),(558,48,3,1,'2026-06-22 08:22:28','2026-06-22 08:22:28'),(559,48,4,1,'2026-06-22 08:22:28','2026-06-22 08:22:28'),(560,48,5,1,'2026-06-22 08:22:28','2026-06-22 08:22:28'),(561,48,6,1,'2026-06-22 08:22:28','2026-06-22 08:22:28'),(562,70,1,1,'2026-06-22 08:22:28','2026-06-22 08:22:28'),(563,70,2,1,'2026-06-22 08:22:28','2026-06-22 08:22:28'),(564,70,3,1,'2026-06-22 08:22:28','2026-06-22 08:22:28'),(565,70,4,1,'2026-06-22 08:22:28','2026-06-22 08:22:28'),(566,70,5,1,'2026-06-22 08:22:28','2026-06-22 08:22:28'),(567,70,6,1,'2026-06-22 08:22:28','2026-06-22 08:22:28'),(568,92,1,1,'2026-06-22 08:22:28','2026-06-22 08:22:28'),(569,92,2,1,'2026-06-22 08:22:28','2026-06-22 08:22:28'),(570,92,3,1,'2026-06-22 08:22:28','2026-06-22 08:22:28'),(571,92,4,1,'2026-06-22 08:22:28','2026-06-22 08:22:28'),(572,92,5,1,'2026-06-22 08:22:28','2026-06-22 08:22:28'),(573,92,6,1,'2026-06-22 08:22:28','2026-06-22 08:22:28'),(574,114,1,1,'2026-06-22 08:22:28','2026-06-22 08:22:28'),(575,114,2,1,'2026-06-22 08:22:28','2026-06-22 08:22:28'),(576,114,3,1,'2026-06-22 08:22:28','2026-06-22 08:22:28'),(577,114,4,1,'2026-06-22 08:22:28','2026-06-22 08:22:28'),(578,114,5,1,'2026-06-22 08:22:28','2026-06-22 08:22:28'),(579,114,6,1,'2026-06-22 08:22:28','2026-06-22 08:22:28'),(580,136,1,1,'2026-06-22 08:22:28','2026-06-22 08:22:28'),(581,136,2,1,'2026-06-22 08:22:28','2026-06-22 08:22:28'),(582,136,3,1,'2026-06-22 08:22:28','2026-06-22 08:22:28'),(583,136,4,1,'2026-06-22 08:22:28','2026-06-22 08:22:28'),(584,136,5,1,'2026-06-22 08:22:28','2026-06-22 08:22:28'),(585,136,6,1,'2026-06-22 08:22:28','2026-06-22 08:22:28'),(586,158,1,1,'2026-06-22 08:22:28','2026-06-22 08:22:28'),(587,158,2,1,'2026-06-22 08:22:28','2026-06-22 08:22:28'),(588,158,3,1,'2026-06-22 08:22:28','2026-06-22 08:22:28'),(589,158,4,1,'2026-06-22 08:22:28','2026-06-22 08:22:28'),(590,158,5,1,'2026-06-22 08:22:28','2026-06-22 08:22:28'),(591,158,6,1,'2026-06-22 08:22:28','2026-06-22 08:22:28'),(592,180,1,1,'2026-06-22 08:22:28','2026-06-22 08:22:28'),(593,180,2,1,'2026-06-22 08:22:28','2026-06-22 08:22:28'),(594,180,3,1,'2026-06-22 08:22:28','2026-06-22 08:22:28'),(595,180,4,1,'2026-06-22 08:22:28','2026-06-22 08:22:28'),(596,180,5,1,'2026-06-22 08:22:28','2026-06-22 08:22:28'),(597,180,6,1,'2026-06-22 08:22:28','2026-06-22 08:22:28'),(598,202,1,1,'2026-06-22 08:22:28','2026-06-22 08:22:28'),(599,202,2,1,'2026-06-22 08:22:28','2026-06-22 08:22:28'),(600,202,3,1,'2026-06-22 08:22:28','2026-06-22 08:22:28'),(601,202,4,1,'2026-06-22 08:22:28','2026-06-22 08:22:28'),(602,202,5,1,'2026-06-22 08:22:28','2026-06-22 08:22:28'),(603,202,6,1,'2026-06-22 08:22:28','2026-06-22 08:22:28'),(604,224,1,1,'2026-06-22 08:22:28','2026-06-22 08:22:28'),(605,224,2,1,'2026-06-22 08:22:28','2026-06-22 08:22:28'),(606,224,3,1,'2026-06-22 08:22:28','2026-06-22 08:22:28'),(607,224,4,1,'2026-06-22 08:22:28','2026-06-22 08:22:28'),(608,224,5,1,'2026-06-22 08:22:28','2026-06-22 08:22:28'),(609,224,6,1,'2026-06-22 08:22:28','2026-06-22 08:22:28'),(610,246,1,1,'2026-06-22 08:22:28','2026-06-22 08:22:28'),(611,246,2,1,'2026-06-22 08:22:28','2026-06-22 08:22:28'),(612,246,3,1,'2026-06-22 08:22:28','2026-06-22 08:22:28'),(613,246,4,1,'2026-06-22 08:22:28','2026-06-22 08:22:28'),(614,246,5,1,'2026-06-22 08:22:28','2026-06-22 08:22:28'),(615,246,6,1,'2026-06-22 08:22:28','2026-06-22 08:22:28'),(616,268,1,1,'2026-06-22 08:22:28','2026-06-22 08:22:28'),(617,268,2,1,'2026-06-22 08:22:28','2026-06-22 08:22:28'),(618,268,3,1,'2026-06-22 08:22:28','2026-06-22 08:22:28'),(619,268,4,1,'2026-06-22 08:22:28','2026-06-22 08:22:28'),(620,268,5,1,'2026-06-22 08:22:28','2026-06-22 08:22:28'),(621,268,6,1,'2026-06-22 08:22:28','2026-06-22 08:22:28'),(622,290,1,1,'2026-06-22 08:22:28','2026-06-22 08:22:28'),(623,290,2,1,'2026-06-22 08:22:28','2026-06-22 08:22:28'),(624,290,3,1,'2026-06-22 08:22:28','2026-06-22 08:22:28'),(625,290,4,1,'2026-06-22 08:22:28','2026-06-22 08:22:28'),(626,290,5,1,'2026-06-22 08:22:28','2026-06-22 08:22:28'),(627,290,6,1,'2026-06-22 08:22:28','2026-06-22 08:22:28'),(628,312,1,1,'2026-06-22 08:22:28','2026-06-22 08:22:28'),(629,312,2,1,'2026-06-22 08:22:28','2026-06-22 08:22:28'),(630,312,3,1,'2026-06-22 08:22:28','2026-06-22 08:22:28'),(631,312,4,1,'2026-06-22 08:22:28','2026-06-22 08:22:28'),(632,312,5,1,'2026-06-22 08:22:28','2026-06-22 08:22:28'),(633,312,6,1,'2026-06-22 08:22:28','2026-06-22 08:22:28'),(634,334,1,1,'2026-06-22 08:22:28','2026-06-22 08:22:28'),(635,334,2,1,'2026-06-22 08:22:28','2026-06-22 08:22:28'),(636,334,3,1,'2026-06-22 08:22:28','2026-06-22 08:22:28'),(637,334,4,1,'2026-06-22 08:22:28','2026-06-22 08:22:28'),(638,334,5,1,'2026-06-22 08:22:28','2026-06-22 08:22:28'),(639,334,6,1,'2026-06-22 08:22:28','2026-06-22 08:22:28'),(640,356,1,1,'2026-06-22 08:22:28','2026-06-22 08:22:28'),(641,356,2,1,'2026-06-22 08:22:28','2026-06-22 08:22:28'),(642,356,3,1,'2026-06-22 08:22:28','2026-06-22 08:22:28'),(643,356,4,1,'2026-06-22 08:22:28','2026-06-22 08:22:28'),(644,356,5,1,'2026-06-22 08:22:28','2026-06-22 08:22:28'),(645,356,6,1,'2026-06-22 08:22:28','2026-06-22 08:22:28'),(646,378,1,1,'2026-06-22 08:22:28','2026-06-22 08:22:28'),(647,378,2,1,'2026-06-22 08:22:28','2026-06-22 08:22:28'),(648,378,3,1,'2026-06-22 08:22:28','2026-06-22 08:22:28'),(649,378,4,1,'2026-06-22 08:22:28','2026-06-22 08:22:28'),(650,378,5,1,'2026-06-22 08:22:28','2026-06-22 08:22:28'),(651,378,6,1,'2026-06-22 08:22:28','2026-06-22 08:22:28'),(652,400,1,1,'2026-06-22 08:22:28','2026-06-22 08:22:28'),(653,400,2,1,'2026-06-22 08:22:28','2026-06-22 08:22:28'),(654,400,3,1,'2026-06-22 08:22:28','2026-06-22 08:22:28'),(655,400,4,1,'2026-06-22 08:22:28','2026-06-22 08:22:28'),(656,400,5,1,'2026-06-22 08:22:28','2026-06-22 08:22:28'),(657,400,6,1,'2026-06-22 08:22:28','2026-06-22 08:22:28'),(658,422,1,1,'2026-06-22 08:22:28','2026-06-22 08:22:28'),(659,422,2,1,'2026-06-22 08:22:28','2026-06-22 08:22:28'),(660,422,3,1,'2026-06-22 08:22:28','2026-06-22 08:22:28'),(661,422,4,1,'2026-06-22 08:22:28','2026-06-22 08:22:28'),(662,422,5,1,'2026-06-22 08:22:28','2026-06-22 08:22:28'),(663,422,6,1,'2026-06-22 08:22:28','2026-06-22 08:22:28'),(664,444,1,1,'2026-06-22 08:22:28','2026-06-22 08:22:28'),(665,444,2,1,'2026-06-22 08:22:28','2026-06-22 08:22:28'),(666,444,3,1,'2026-06-22 08:22:28','2026-06-22 08:22:28'),(667,444,4,1,'2026-06-22 08:22:28','2026-06-22 08:22:28'),(668,444,5,1,'2026-06-22 08:22:28','2026-06-22 08:22:28'),(669,444,6,1,'2026-06-22 08:22:28','2026-06-22 08:22:28'),(670,466,1,1,'2026-06-22 08:22:28','2026-06-22 08:22:28'),(671,466,2,1,'2026-06-22 08:22:28','2026-06-22 08:22:28'),(672,466,3,1,'2026-06-22 08:22:28','2026-06-22 08:22:28'),(673,466,4,1,'2026-06-22 08:22:28','2026-06-22 08:22:28'),(674,466,5,1,'2026-06-22 08:22:28','2026-06-22 08:22:28'),(675,466,6,1,'2026-06-22 08:22:28','2026-06-22 08:22:28'),(676,488,1,1,'2026-06-22 08:22:28','2026-06-22 08:22:28'),(677,488,2,1,'2026-06-22 08:22:28','2026-06-22 08:22:28'),(678,488,3,1,'2026-06-22 08:22:28','2026-06-22 08:22:28'),(679,488,4,1,'2026-06-22 08:22:28','2026-06-22 08:22:28'),(680,488,5,1,'2026-06-22 08:22:28','2026-06-22 08:22:28'),(681,488,6,1,'2026-06-22 08:22:28','2026-06-22 08:22:28'),(682,510,1,1,'2026-06-22 08:22:28','2026-06-22 08:22:28'),(683,510,2,1,'2026-06-22 08:22:28','2026-06-22 08:22:28'),(684,510,3,1,'2026-06-22 08:22:28','2026-06-22 08:22:28'),(685,510,4,1,'2026-06-22 08:22:28','2026-06-22 08:22:28'),(686,510,5,1,'2026-06-22 08:22:28','2026-06-22 08:22:28'),(687,510,6,1,'2026-06-22 08:22:28','2026-06-22 08:22:28'),(688,532,1,1,'2026-06-22 08:22:28','2026-06-22 08:22:28'),(689,532,2,1,'2026-06-22 08:22:28','2026-06-22 08:22:28'),(690,532,3,1,'2026-06-22 08:22:28','2026-06-22 08:22:28'),(691,532,4,1,'2026-06-22 08:22:28','2026-06-22 08:22:28'),(692,532,5,1,'2026-06-22 08:22:28','2026-06-22 08:22:28'),(693,532,6,1,'2026-06-22 08:22:28','2026-06-22 08:22:28'),(694,6,1,1,'2026-06-22 08:22:28','2026-06-22 08:22:28'),(695,6,2,1,'2026-06-22 08:22:28','2026-06-22 08:22:28'),(696,6,3,1,'2026-06-22 08:22:28','2026-06-22 08:22:28'),(697,6,4,1,'2026-06-22 08:22:28','2026-06-22 08:22:28'),(698,6,5,1,'2026-06-22 08:22:28','2026-06-22 08:22:28'),(699,6,6,1,'2026-06-22 08:22:28','2026-06-22 08:22:28'),(700,28,1,1,'2026-06-22 08:22:28','2026-06-22 08:22:28'),(701,28,2,1,'2026-06-22 08:22:28','2026-06-22 08:22:28'),(702,28,3,1,'2026-06-22 08:22:28','2026-06-22 08:22:28'),(703,28,4,1,'2026-06-22 08:22:28','2026-06-22 08:22:28'),(704,28,5,1,'2026-06-22 08:22:28','2026-06-22 08:22:28'),(705,28,6,1,'2026-06-22 08:22:28','2026-06-22 08:22:28'),(706,50,1,1,'2026-06-22 08:22:28','2026-06-22 08:22:28'),(707,50,2,1,'2026-06-22 08:22:28','2026-06-22 08:22:28'),(708,50,3,1,'2026-06-22 08:22:28','2026-06-22 08:22:28'),(709,50,4,1,'2026-06-22 08:22:28','2026-06-22 08:22:28'),(710,50,5,1,'2026-06-22 08:22:28','2026-06-22 08:22:28'),(711,50,6,1,'2026-06-22 08:22:28','2026-06-22 08:22:28'),(712,72,1,1,'2026-06-22 08:22:28','2026-06-22 08:22:28'),(713,72,2,1,'2026-06-22 08:22:28','2026-06-22 08:22:28'),(714,72,3,1,'2026-06-22 08:22:28','2026-06-22 08:22:28'),(715,72,4,1,'2026-06-22 08:22:28','2026-06-22 08:22:28'),(716,72,5,1,'2026-06-22 08:22:28','2026-06-22 08:22:28'),(717,72,6,1,'2026-06-22 08:22:28','2026-06-22 08:22:28'),(718,94,1,1,'2026-06-22 08:22:28','2026-06-22 08:22:28'),(719,94,2,1,'2026-06-22 08:22:28','2026-06-22 08:22:28'),(720,94,3,1,'2026-06-22 08:22:28','2026-06-22 08:22:28'),(721,94,4,1,'2026-06-22 08:22:28','2026-06-22 08:22:28'),(722,94,5,1,'2026-06-22 08:22:28','2026-06-22 08:22:28'),(723,94,6,1,'2026-06-22 08:22:28','2026-06-22 08:22:28'),(724,116,1,1,'2026-06-22 08:22:28','2026-06-22 08:22:28'),(725,116,2,1,'2026-06-22 08:22:28','2026-06-22 08:22:28'),(726,116,3,1,'2026-06-22 08:22:28','2026-06-22 08:22:28'),(727,116,4,1,'2026-06-22 08:22:28','2026-06-22 08:22:28'),(728,116,5,1,'2026-06-22 08:22:28','2026-06-22 08:22:28'),(729,116,6,1,'2026-06-22 08:22:28','2026-06-22 08:22:28'),(730,138,1,1,'2026-06-22 08:22:28','2026-06-22 08:22:28'),(731,138,2,1,'2026-06-22 08:22:28','2026-06-22 08:22:28'),(732,138,3,1,'2026-06-22 08:22:28','2026-06-22 08:22:28'),(733,138,4,1,'2026-06-22 08:22:28','2026-06-22 08:22:28'),(734,138,5,1,'2026-06-22 08:22:28','2026-06-22 08:22:28'),(735,138,6,1,'2026-06-22 08:22:28','2026-06-22 08:22:28'),(736,160,1,1,'2026-06-22 08:22:28','2026-06-22 08:22:28'),(737,160,2,1,'2026-06-22 08:22:28','2026-06-22 08:22:28'),(738,160,3,1,'2026-06-22 08:22:28','2026-06-22 08:22:28'),(739,160,4,1,'2026-06-22 08:22:28','2026-06-22 08:22:28'),(740,160,5,1,'2026-06-22 08:22:28','2026-06-22 08:22:28'),(741,160,6,1,'2026-06-22 08:22:28','2026-06-22 08:22:28'),(742,182,1,1,'2026-06-22 08:22:28','2026-06-22 08:22:28'),(743,182,2,1,'2026-06-22 08:22:28','2026-06-22 08:22:28'),(744,182,3,1,'2026-06-22 08:22:28','2026-06-22 08:22:28'),(745,182,4,1,'2026-06-22 08:22:28','2026-06-22 08:22:28'),(746,182,5,1,'2026-06-22 08:22:28','2026-06-22 08:22:28'),(747,182,6,1,'2026-06-22 08:22:28','2026-06-22 08:22:28'),(748,204,1,1,'2026-06-22 08:22:28','2026-06-22 08:22:28'),(749,204,2,1,'2026-06-22 08:22:28','2026-06-22 08:22:28'),(750,204,3,1,'2026-06-22 08:22:28','2026-06-22 08:22:28'),(751,204,4,1,'2026-06-22 08:22:28','2026-06-22 08:22:28'),(752,204,5,1,'2026-06-22 08:22:28','2026-06-22 08:22:28'),(753,204,6,1,'2026-06-22 08:22:28','2026-06-22 08:22:28'),(754,226,1,1,'2026-06-22 08:22:28','2026-06-22 08:22:28'),(755,226,2,1,'2026-06-22 08:22:28','2026-06-22 08:22:28'),(756,226,3,1,'2026-06-22 08:22:28','2026-06-22 08:22:28'),(757,226,4,1,'2026-06-22 08:22:28','2026-06-22 08:22:28'),(758,226,5,1,'2026-06-22 08:22:28','2026-06-22 08:22:28'),(759,226,6,1,'2026-06-22 08:22:28','2026-06-22 08:22:28'),(760,248,1,1,'2026-06-22 08:22:28','2026-06-22 08:22:28'),(761,248,2,1,'2026-06-22 08:22:28','2026-06-22 08:22:28'),(762,248,3,1,'2026-06-22 08:22:28','2026-06-22 08:22:28'),(763,248,4,1,'2026-06-22 08:22:28','2026-06-22 08:22:28'),(764,248,5,1,'2026-06-22 08:22:28','2026-06-22 08:22:28'),(765,248,6,1,'2026-06-22 08:22:28','2026-06-22 08:22:28'),(766,270,1,1,'2026-06-22 08:22:28','2026-06-22 08:22:28'),(767,270,2,1,'2026-06-22 08:22:28','2026-06-22 08:22:28'),(768,270,3,1,'2026-06-22 08:22:28','2026-06-22 08:22:28'),(769,270,4,1,'2026-06-22 08:22:28','2026-06-22 08:22:28'),(770,270,5,1,'2026-06-22 08:22:28','2026-06-22 08:22:28'),(771,270,6,1,'2026-06-22 08:22:28','2026-06-22 08:22:28'),(772,292,1,1,'2026-06-22 08:22:28','2026-06-22 08:22:28'),(773,292,2,1,'2026-06-22 08:22:28','2026-06-22 08:22:28'),(774,292,3,1,'2026-06-22 08:22:28','2026-06-22 08:22:28'),(775,292,4,1,'2026-06-22 08:22:28','2026-06-22 08:22:28'),(776,292,5,1,'2026-06-22 08:22:28','2026-06-22 08:22:28'),(777,292,6,1,'2026-06-22 08:22:28','2026-06-22 08:22:28'),(778,314,1,1,'2026-06-22 08:22:28','2026-06-22 08:22:28'),(779,314,2,1,'2026-06-22 08:22:28','2026-06-22 08:22:28'),(780,314,3,1,'2026-06-22 08:22:28','2026-06-22 08:22:28'),(781,314,4,1,'2026-06-22 08:22:28','2026-06-22 08:22:28'),(782,314,5,1,'2026-06-22 08:22:28','2026-06-22 08:22:28'),(783,314,6,1,'2026-06-22 08:22:28','2026-06-22 08:22:28'),(784,336,1,1,'2026-06-22 08:22:28','2026-06-22 08:22:28'),(785,336,2,1,'2026-06-22 08:22:28','2026-06-22 08:22:28'),(786,336,3,1,'2026-06-22 08:22:28','2026-06-22 08:22:28'),(787,336,4,1,'2026-06-22 08:22:28','2026-06-22 08:22:28'),(788,336,5,1,'2026-06-22 08:22:28','2026-06-22 08:22:28'),(789,336,6,1,'2026-06-22 08:22:28','2026-06-22 08:22:28'),(790,358,1,1,'2026-06-22 08:22:28','2026-06-22 08:22:28'),(791,358,2,1,'2026-06-22 08:22:28','2026-06-22 08:22:28'),(792,358,3,1,'2026-06-22 08:22:28','2026-06-22 08:22:28'),(793,358,4,1,'2026-06-22 08:22:28','2026-06-22 08:22:28'),(794,358,5,1,'2026-06-22 08:22:28','2026-06-22 08:22:28'),(795,358,6,1,'2026-06-22 08:22:28','2026-06-22 08:22:28'),(796,380,1,1,'2026-06-22 08:22:28','2026-06-22 08:22:28'),(797,380,2,1,'2026-06-22 08:22:28','2026-06-22 08:22:28'),(798,380,3,1,'2026-06-22 08:22:28','2026-06-22 08:22:28'),(799,380,4,1,'2026-06-22 08:22:28','2026-06-22 08:22:28'),(800,380,5,1,'2026-06-22 08:22:28','2026-06-22 08:22:28'),(801,380,6,1,'2026-06-22 08:22:28','2026-06-22 08:22:28'),(802,402,1,1,'2026-06-22 08:22:28','2026-06-22 08:22:28'),(803,402,2,1,'2026-06-22 08:22:28','2026-06-22 08:22:28'),(804,402,3,1,'2026-06-22 08:22:28','2026-06-22 08:22:28'),(805,402,4,1,'2026-06-22 08:22:28','2026-06-22 08:22:28'),(806,402,5,1,'2026-06-22 08:22:28','2026-06-22 08:22:28'),(807,402,6,1,'2026-06-22 08:22:28','2026-06-22 08:22:28'),(808,424,1,1,'2026-06-22 08:22:28','2026-06-22 08:22:28'),(809,424,2,1,'2026-06-22 08:22:28','2026-06-22 08:22:28'),(810,424,3,1,'2026-06-22 08:22:28','2026-06-22 08:22:28'),(811,424,4,1,'2026-06-22 08:22:28','2026-06-22 08:22:28'),(812,424,5,1,'2026-06-22 08:22:28','2026-06-22 08:22:28'),(813,424,6,1,'2026-06-22 08:22:28','2026-06-22 08:22:28'),(814,446,1,1,'2026-06-22 08:22:28','2026-06-22 08:22:28'),(815,446,2,1,'2026-06-22 08:22:28','2026-06-22 08:22:28'),(816,446,3,1,'2026-06-22 08:22:28','2026-06-22 08:22:28'),(817,446,4,1,'2026-06-22 08:22:28','2026-06-22 08:22:28'),(818,446,5,1,'2026-06-22 08:22:28','2026-06-22 08:22:28'),(819,446,6,1,'2026-06-22 08:22:28','2026-06-22 08:22:28'),(820,468,1,1,'2026-06-22 08:22:28','2026-06-22 08:22:28'),(821,468,2,1,'2026-06-22 08:22:28','2026-06-22 08:22:28'),(822,468,3,1,'2026-06-22 08:22:28','2026-06-22 08:22:28'),(823,468,4,1,'2026-06-22 08:22:28','2026-06-22 08:22:28'),(824,468,5,1,'2026-06-22 08:22:28','2026-06-22 08:22:28'),(825,468,6,1,'2026-06-22 08:22:28','2026-06-22 08:22:28'),(826,490,1,1,'2026-06-22 08:22:28','2026-06-22 08:22:28'),(827,490,2,1,'2026-06-22 08:22:28','2026-06-22 08:22:28'),(828,490,3,1,'2026-06-22 08:22:28','2026-06-22 08:22:28'),(829,490,4,1,'2026-06-22 08:22:28','2026-06-22 08:22:28'),(830,490,5,1,'2026-06-22 08:22:28','2026-06-22 08:22:28'),(831,490,6,1,'2026-06-22 08:22:28','2026-06-22 08:22:28'),(832,512,1,1,'2026-06-22 08:22:28','2026-06-22 08:22:28'),(833,512,2,1,'2026-06-22 08:22:28','2026-06-22 08:22:28'),(834,512,3,1,'2026-06-22 08:22:28','2026-06-22 08:22:28'),(835,512,4,1,'2026-06-22 08:22:28','2026-06-22 08:22:28'),(836,512,5,1,'2026-06-22 08:22:28','2026-06-22 08:22:28'),(837,512,6,1,'2026-06-22 08:22:28','2026-06-22 08:22:28'),(838,7,21,1,'2026-06-22 08:22:28','2026-06-22 08:22:28'),(839,7,23,1,'2026-06-22 08:22:28','2026-06-22 08:22:28'),(840,7,24,0,'2026-06-22 08:22:28','2026-06-22 08:22:28'),(841,7,25,1,'2026-06-22 08:22:28','2026-06-22 08:22:28'),(842,7,26,1,'2026-06-22 08:22:28','2026-06-22 08:22:28'),(843,7,27,1,'2026-06-22 08:22:28','2026-06-22 08:22:28'),(844,7,28,1,'2026-06-22 08:22:28','2026-06-22 08:22:28'),(845,29,21,1,'2026-06-22 08:22:28','2026-06-22 08:22:28'),(846,29,23,1,'2026-06-22 08:22:28','2026-06-22 08:22:28'),(847,29,24,0,'2026-06-22 08:22:28','2026-06-22 08:22:28'),(848,29,25,1,'2026-06-22 08:22:28','2026-06-22 08:22:28'),(849,29,26,1,'2026-06-22 08:22:28','2026-06-22 08:22:28'),(850,29,27,1,'2026-06-22 08:22:28','2026-06-22 08:22:28'),(851,29,28,1,'2026-06-22 08:22:28','2026-06-22 08:22:28'),(852,51,21,1,'2026-06-22 08:22:28','2026-06-22 08:22:28'),(853,51,23,1,'2026-06-22 08:22:28','2026-06-22 08:22:28'),(854,51,24,0,'2026-06-22 08:22:28','2026-06-22 08:22:28'),(855,51,25,1,'2026-06-22 08:22:28','2026-06-22 08:22:28'),(856,51,26,1,'2026-06-22 08:22:28','2026-06-22 08:22:28'),(857,51,27,1,'2026-06-22 08:22:28','2026-06-22 08:22:28'),(858,51,28,1,'2026-06-22 08:22:28','2026-06-22 08:22:28'),(859,73,21,1,'2026-06-22 08:22:28','2026-06-22 08:22:28'),(860,73,23,1,'2026-06-22 08:22:28','2026-06-22 08:22:28'),(861,73,24,0,'2026-06-22 08:22:28','2026-06-22 08:22:28'),(862,73,25,1,'2026-06-22 08:22:28','2026-06-22 08:22:28'),(863,73,26,1,'2026-06-22 08:22:28','2026-06-22 08:22:28'),(864,73,27,1,'2026-06-22 08:22:28','2026-06-22 08:22:28'),(865,73,28,1,'2026-06-22 08:22:28','2026-06-22 08:22:28'),(866,95,21,1,'2026-06-22 08:22:28','2026-06-22 08:22:28'),(867,95,23,1,'2026-06-22 08:22:28','2026-06-22 08:22:28'),(868,95,24,0,'2026-06-22 08:22:28','2026-06-22 08:22:28'),(869,95,25,1,'2026-06-22 08:22:28','2026-06-22 08:22:28'),(870,95,26,1,'2026-06-22 08:22:28','2026-06-22 08:22:28'),(871,95,27,1,'2026-06-22 08:22:28','2026-06-22 08:22:28'),(872,95,28,1,'2026-06-22 08:22:28','2026-06-22 08:22:28'),(873,117,21,1,'2026-06-22 08:22:28','2026-06-22 08:22:28'),(874,117,23,1,'2026-06-22 08:22:28','2026-06-22 08:22:28'),(875,117,24,0,'2026-06-22 08:22:28','2026-06-22 08:22:28'),(876,117,25,1,'2026-06-22 08:22:28','2026-06-22 08:22:28'),(877,117,26,1,'2026-06-22 08:22:28','2026-06-22 08:22:28'),(878,117,27,1,'2026-06-22 08:22:28','2026-06-22 08:22:28'),(879,117,28,1,'2026-06-22 08:22:28','2026-06-22 08:22:28'),(880,139,21,1,'2026-06-22 08:22:28','2026-06-22 08:22:28'),(881,139,23,1,'2026-06-22 08:22:28','2026-06-22 08:22:28'),(882,139,24,0,'2026-06-22 08:22:28','2026-06-22 08:22:28'),(883,139,25,1,'2026-06-22 08:22:28','2026-06-22 08:22:28'),(884,139,26,1,'2026-06-22 08:22:28','2026-06-22 08:22:28'),(885,139,27,1,'2026-06-22 08:22:28','2026-06-22 08:22:28'),(886,139,28,1,'2026-06-22 08:22:28','2026-06-22 08:22:28'),(887,161,21,1,'2026-06-22 08:22:28','2026-06-22 08:22:28'),(888,161,23,1,'2026-06-22 08:22:28','2026-06-22 08:22:28'),(889,161,24,0,'2026-06-22 08:22:28','2026-06-22 08:22:28'),(890,161,25,1,'2026-06-22 08:22:28','2026-06-22 08:22:28'),(891,161,26,1,'2026-06-22 08:22:28','2026-06-22 08:22:28'),(892,161,27,1,'2026-06-22 08:22:28','2026-06-22 08:22:28'),(893,161,28,1,'2026-06-22 08:22:28','2026-06-22 08:22:28'),(894,183,21,1,'2026-06-22 08:22:28','2026-06-22 08:22:28'),(895,183,23,1,'2026-06-22 08:22:28','2026-06-22 08:22:28'),(896,183,24,0,'2026-06-22 08:22:28','2026-06-22 08:22:28'),(897,183,25,1,'2026-06-22 08:22:28','2026-06-22 08:22:28'),(898,183,26,1,'2026-06-22 08:22:28','2026-06-22 08:22:28'),(899,183,27,1,'2026-06-22 08:22:28','2026-06-22 08:22:28'),(900,183,28,1,'2026-06-22 08:22:28','2026-06-22 08:22:28'),(901,205,21,1,'2026-06-22 08:22:28','2026-06-22 08:22:28'),(902,205,23,1,'2026-06-22 08:22:28','2026-06-22 08:22:28'),(903,205,24,0,'2026-06-22 08:22:28','2026-06-22 08:22:28'),(904,205,25,1,'2026-06-22 08:22:28','2026-06-22 08:22:28'),(905,205,26,1,'2026-06-22 08:22:28','2026-06-22 08:22:28'),(906,205,27,1,'2026-06-22 08:22:28','2026-06-22 08:22:28'),(907,205,28,1,'2026-06-22 08:22:28','2026-06-22 08:22:28'),(908,227,21,1,'2026-06-22 08:22:28','2026-06-22 08:22:28'),(909,227,23,1,'2026-06-22 08:22:28','2026-06-22 08:22:28'),(910,227,24,0,'2026-06-22 08:22:28','2026-06-22 08:22:28'),(911,227,25,1,'2026-06-22 08:22:28','2026-06-22 08:22:28'),(912,227,26,1,'2026-06-22 08:22:28','2026-06-22 08:22:28'),(913,227,27,1,'2026-06-22 08:22:28','2026-06-22 08:22:28'),(914,227,28,1,'2026-06-22 08:22:28','2026-06-22 08:22:28'),(915,249,21,1,'2026-06-22 08:22:28','2026-06-22 08:22:28'),(916,249,23,1,'2026-06-22 08:22:28','2026-06-22 08:22:28'),(917,249,24,0,'2026-06-22 08:22:28','2026-06-22 08:22:28'),(918,249,25,1,'2026-06-22 08:22:28','2026-06-22 08:22:28'),(919,249,26,1,'2026-06-22 08:22:28','2026-06-22 08:22:28'),(920,249,27,1,'2026-06-22 08:22:28','2026-06-22 08:22:28'),(921,249,28,1,'2026-06-22 08:22:28','2026-06-22 08:22:28'),(922,271,21,1,'2026-06-22 08:22:28','2026-06-22 08:22:28'),(923,271,23,1,'2026-06-22 08:22:28','2026-06-22 08:22:28'),(924,271,24,0,'2026-06-22 08:22:28','2026-06-22 08:22:28'),(925,271,25,1,'2026-06-22 08:22:28','2026-06-22 08:22:28'),(926,271,26,1,'2026-06-22 08:22:28','2026-06-22 08:22:28'),(927,271,27,1,'2026-06-22 08:22:28','2026-06-22 08:22:28'),(928,271,28,1,'2026-06-22 08:22:28','2026-06-22 08:22:28'),(929,293,21,1,'2026-06-22 08:22:28','2026-06-22 08:22:28'),(930,293,23,1,'2026-06-22 08:22:28','2026-06-22 08:22:28'),(931,293,24,0,'2026-06-22 08:22:28','2026-06-22 08:22:28'),(932,293,25,1,'2026-06-22 08:22:28','2026-06-22 08:22:28'),(933,293,26,1,'2026-06-22 08:22:28','2026-06-22 08:22:28'),(934,293,27,1,'2026-06-22 08:22:28','2026-06-22 08:22:28'),(935,293,28,1,'2026-06-22 08:22:28','2026-06-22 08:22:28'),(936,315,21,1,'2026-06-22 08:22:28','2026-06-22 08:22:28'),(937,315,23,1,'2026-06-22 08:22:28','2026-06-22 08:22:28'),(938,315,24,0,'2026-06-22 08:22:28','2026-06-22 08:22:28'),(939,315,25,1,'2026-06-22 08:22:28','2026-06-22 08:22:28'),(940,315,26,1,'2026-06-22 08:22:28','2026-06-22 08:22:28'),(941,315,27,1,'2026-06-22 08:22:28','2026-06-22 08:22:28'),(942,315,28,1,'2026-06-22 08:22:28','2026-06-22 08:22:28'),(943,337,21,1,'2026-06-22 08:22:28','2026-06-22 08:22:28'),(944,337,23,1,'2026-06-22 08:22:28','2026-06-22 08:22:28'),(945,337,24,0,'2026-06-22 08:22:28','2026-06-22 08:22:28'),(946,337,25,1,'2026-06-22 08:22:28','2026-06-22 08:22:28'),(947,337,26,1,'2026-06-22 08:22:28','2026-06-22 08:22:28'),(948,337,27,1,'2026-06-22 08:22:28','2026-06-22 08:22:28'),(949,337,28,1,'2026-06-22 08:22:28','2026-06-22 08:22:28'),(950,359,21,1,'2026-06-22 08:22:28','2026-06-22 08:22:28'),(951,359,23,1,'2026-06-22 08:22:28','2026-06-22 08:22:28'),(952,359,24,0,'2026-06-22 08:22:28','2026-06-22 08:22:28'),(953,359,25,1,'2026-06-22 08:22:28','2026-06-22 08:22:28'),(954,359,26,1,'2026-06-22 08:22:28','2026-06-22 08:22:28'),(955,359,27,1,'2026-06-22 08:22:28','2026-06-22 08:22:28'),(956,359,28,1,'2026-06-22 08:22:28','2026-06-22 08:22:28'),(957,381,21,1,'2026-06-22 08:22:28','2026-06-22 08:22:28'),(958,381,23,1,'2026-06-22 08:22:28','2026-06-22 08:22:28'),(959,381,24,0,'2026-06-22 08:22:28','2026-06-22 08:22:28'),(960,381,25,1,'2026-06-22 08:22:28','2026-06-22 08:22:28'),(961,381,26,1,'2026-06-22 08:22:28','2026-06-22 08:22:28'),(962,381,27,1,'2026-06-22 08:22:28','2026-06-22 08:22:28'),(963,381,28,1,'2026-06-22 08:22:28','2026-06-22 08:22:28'),(964,403,21,1,'2026-06-22 08:22:28','2026-06-22 08:22:28'),(965,403,23,1,'2026-06-22 08:22:28','2026-06-22 08:22:28'),(966,403,24,0,'2026-06-22 08:22:28','2026-06-22 08:22:28'),(967,403,25,1,'2026-06-22 08:22:28','2026-06-22 08:22:28'),(968,403,26,1,'2026-06-22 08:22:28','2026-06-22 08:22:28'),(969,403,27,1,'2026-06-22 08:22:28','2026-06-22 08:22:28'),(970,403,28,1,'2026-06-22 08:22:28','2026-06-22 08:22:28'),(971,425,21,1,'2026-06-22 08:22:28','2026-06-22 08:22:28'),(972,425,23,1,'2026-06-22 08:22:28','2026-06-22 08:22:28'),(973,425,24,0,'2026-06-22 08:22:28','2026-06-22 08:22:28'),(974,425,25,1,'2026-06-22 08:22:28','2026-06-22 08:22:28'),(975,425,26,1,'2026-06-22 08:22:28','2026-06-22 08:22:28'),(976,425,27,1,'2026-06-22 08:22:28','2026-06-22 08:22:28'),(977,425,28,1,'2026-06-22 08:22:28','2026-06-22 08:22:28'),(978,447,21,1,'2026-06-22 08:22:28','2026-06-22 08:22:28'),(979,447,23,1,'2026-06-22 08:22:28','2026-06-22 08:22:28'),(980,447,24,0,'2026-06-22 08:22:28','2026-06-22 08:22:28'),(981,447,25,1,'2026-06-22 08:22:28','2026-06-22 08:22:28'),(982,447,26,1,'2026-06-22 08:22:28','2026-06-22 08:22:28'),(983,447,27,1,'2026-06-22 08:22:28','2026-06-22 08:22:28'),(984,447,28,1,'2026-06-22 08:22:28','2026-06-22 08:22:28'),(985,469,21,1,'2026-06-22 08:22:28','2026-06-22 08:22:28'),(986,469,23,1,'2026-06-22 08:22:28','2026-06-22 08:22:28'),(987,469,24,0,'2026-06-22 08:22:28','2026-06-22 08:22:28'),(988,469,25,1,'2026-06-22 08:22:28','2026-06-22 08:22:28'),(989,469,26,1,'2026-06-22 08:22:28','2026-06-22 08:22:28'),(990,469,27,1,'2026-06-22 08:22:28','2026-06-22 08:22:28'),(991,469,28,1,'2026-06-22 08:22:28','2026-06-22 08:22:28'),(992,491,21,1,'2026-06-22 08:22:28','2026-06-22 08:22:28'),(993,491,23,1,'2026-06-22 08:22:28','2026-06-22 08:22:28'),(994,491,24,0,'2026-06-22 08:22:28','2026-06-22 08:22:28'),(995,491,25,1,'2026-06-22 08:22:28','2026-06-22 08:22:28'),(996,491,26,1,'2026-06-22 08:22:28','2026-06-22 08:22:28'),(997,491,27,1,'2026-06-22 08:22:28','2026-06-22 08:22:28'),(998,491,28,1,'2026-06-22 08:22:28','2026-06-22 08:22:28'),(999,513,21,1,'2026-06-22 08:22:28','2026-06-22 08:22:28'),(1000,513,23,1,'2026-06-22 08:22:28','2026-06-22 08:22:28'),(1001,513,24,0,'2026-06-22 08:22:28','2026-06-22 08:22:28'),(1002,513,25,1,'2026-06-22 08:22:28','2026-06-22 08:22:28'),(1003,513,26,1,'2026-06-22 08:22:28','2026-06-22 08:22:28'),(1004,513,27,1,'2026-06-22 08:22:28','2026-06-22 08:22:28'),(1005,513,28,1,'2026-06-22 08:22:28','2026-06-22 08:22:28'),(1006,8,7,1,'2026-06-22 08:22:28','2026-06-22 08:22:28'),(1007,8,8,1,'2026-06-22 08:22:28','2026-06-22 08:22:28'),(1008,8,9,1,'2026-06-22 08:22:28','2026-06-22 08:22:28'),(1009,8,10,1,'2026-06-22 08:22:28','2026-06-22 08:22:28'),(1010,8,11,1,'2026-06-22 08:22:28','2026-06-22 08:22:28'),(1011,30,7,1,'2026-06-22 08:22:28','2026-06-22 08:22:28'),(1012,30,8,1,'2026-06-22 08:22:28','2026-06-22 08:22:28'),(1013,30,9,1,'2026-06-22 08:22:28','2026-06-22 08:22:28'),(1014,30,10,1,'2026-06-22 08:22:28','2026-06-22 08:22:28'),(1015,30,11,1,'2026-06-22 08:22:28','2026-06-22 08:22:28'),(1016,52,7,1,'2026-06-22 08:22:28','2026-06-22 08:22:28'),(1017,52,8,1,'2026-06-22 08:22:28','2026-06-22 08:22:28'),(1018,52,9,1,'2026-06-22 08:22:28','2026-06-22 08:22:28'),(1019,52,10,1,'2026-06-22 08:22:28','2026-06-22 08:22:28'),(1020,52,11,1,'2026-06-22 08:22:28','2026-06-22 08:22:28'),(1021,74,7,1,'2026-06-22 08:22:28','2026-06-22 08:22:28'),(1022,74,8,1,'2026-06-22 08:22:28','2026-06-22 08:22:28'),(1023,74,9,1,'2026-06-22 08:22:28','2026-06-22 08:22:28'),(1024,74,10,1,'2026-06-22 08:22:28','2026-06-22 08:22:28'),(1025,74,11,1,'2026-06-22 08:22:28','2026-06-22 08:22:28'),(1026,96,7,1,'2026-06-22 08:22:28','2026-06-22 08:22:28'),(1027,96,8,1,'2026-06-22 08:22:28','2026-06-22 08:22:28'),(1028,96,9,1,'2026-06-22 08:22:28','2026-06-22 08:22:28'),(1029,96,10,1,'2026-06-22 08:22:28','2026-06-22 08:22:28'),(1030,96,11,1,'2026-06-22 08:22:28','2026-06-22 08:22:28'),(1031,118,7,1,'2026-06-22 08:22:28','2026-06-22 08:22:28'),(1032,118,8,1,'2026-06-22 08:22:28','2026-06-22 08:22:28'),(1033,118,9,1,'2026-06-22 08:22:28','2026-06-22 08:22:28'),(1034,118,10,1,'2026-06-22 08:22:28','2026-06-22 08:22:28'),(1035,118,11,1,'2026-06-22 08:22:28','2026-06-22 08:22:28'),(1036,140,7,1,'2026-06-22 08:22:28','2026-06-22 08:22:28'),(1037,140,8,1,'2026-06-22 08:22:28','2026-06-22 08:22:28'),(1038,140,9,1,'2026-06-22 08:22:28','2026-06-22 08:22:28'),(1039,140,10,1,'2026-06-22 08:22:28','2026-06-22 08:22:28'),(1040,140,11,1,'2026-06-22 08:22:28','2026-06-22 08:22:28'),(1041,162,7,1,'2026-06-22 08:22:28','2026-06-22 08:22:28'),(1042,162,8,1,'2026-06-22 08:22:28','2026-06-22 08:22:28'),(1043,162,9,1,'2026-06-22 08:22:28','2026-06-22 08:22:28'),(1044,162,10,1,'2026-06-22 08:22:28','2026-06-22 08:22:28'),(1045,162,11,1,'2026-06-22 08:22:28','2026-06-22 08:22:28'),(1046,184,7,1,'2026-06-22 08:22:28','2026-06-22 08:22:28'),(1047,184,8,1,'2026-06-22 08:22:28','2026-06-22 08:22:28'),(1048,184,9,1,'2026-06-22 08:22:28','2026-06-22 08:22:28'),(1049,184,10,1,'2026-06-22 08:22:28','2026-06-22 08:22:28'),(1050,184,11,1,'2026-06-22 08:22:28','2026-06-22 08:22:28'),(1051,206,7,1,'2026-06-22 08:22:28','2026-06-22 08:22:28'),(1052,206,8,1,'2026-06-22 08:22:28','2026-06-22 08:22:28'),(1053,206,9,1,'2026-06-22 08:22:28','2026-06-22 08:22:28'),(1054,206,10,1,'2026-06-22 08:22:28','2026-06-22 08:22:28'),(1055,206,11,1,'2026-06-22 08:22:28','2026-06-22 08:22:28'),(1056,228,7,1,'2026-06-22 08:22:28','2026-06-22 08:22:28'),(1057,228,8,1,'2026-06-22 08:22:28','2026-06-22 08:22:28'),(1058,228,9,1,'2026-06-22 08:22:28','2026-06-22 08:22:28'),(1059,228,10,1,'2026-06-22 08:22:28','2026-06-22 08:22:28'),(1060,228,11,1,'2026-06-22 08:22:28','2026-06-22 08:22:28'),(1061,250,7,1,'2026-06-22 08:22:28','2026-06-22 08:22:28'),(1062,250,8,1,'2026-06-22 08:22:28','2026-06-22 08:22:28'),(1063,250,9,1,'2026-06-22 08:22:28','2026-06-22 08:22:28'),(1064,250,10,1,'2026-06-22 08:22:28','2026-06-22 08:22:28'),(1065,250,11,1,'2026-06-22 08:22:28','2026-06-22 08:22:28'),(1066,272,7,1,'2026-06-22 08:22:28','2026-06-22 08:22:28'),(1067,272,8,1,'2026-06-22 08:22:28','2026-06-22 08:22:28'),(1068,272,9,1,'2026-06-22 08:22:28','2026-06-22 08:22:28'),(1069,272,10,1,'2026-06-22 08:22:28','2026-06-22 08:22:28'),(1070,272,11,1,'2026-06-22 08:22:28','2026-06-22 08:22:28'),(1071,294,7,1,'2026-06-22 08:22:28','2026-06-22 08:22:28'),(1072,294,8,1,'2026-06-22 08:22:28','2026-06-22 08:22:28'),(1073,294,9,1,'2026-06-22 08:22:28','2026-06-22 08:22:28'),(1074,294,10,1,'2026-06-22 08:22:28','2026-06-22 08:22:28'),(1075,294,11,1,'2026-06-22 08:22:28','2026-06-22 08:22:28'),(1076,316,7,1,'2026-06-22 08:22:28','2026-06-22 08:22:28'),(1077,316,8,1,'2026-06-22 08:22:28','2026-06-22 08:22:28'),(1078,316,9,1,'2026-06-22 08:22:28','2026-06-22 08:22:28'),(1079,316,10,1,'2026-06-22 08:22:28','2026-06-22 08:22:28'),(1080,316,11,1,'2026-06-22 08:22:28','2026-06-22 08:22:28'),(1081,338,7,1,'2026-06-22 08:22:28','2026-06-22 08:22:28'),(1082,338,8,1,'2026-06-22 08:22:28','2026-06-22 08:22:28'),(1083,338,9,1,'2026-06-22 08:22:28','2026-06-22 08:22:28'),(1084,338,10,1,'2026-06-22 08:22:28','2026-06-22 08:22:28'),(1085,338,11,1,'2026-06-22 08:22:28','2026-06-22 08:22:28'),(1086,360,7,1,'2026-06-22 08:22:28','2026-06-22 08:22:28'),(1087,360,8,1,'2026-06-22 08:22:28','2026-06-22 08:22:28'),(1088,360,9,1,'2026-06-22 08:22:28','2026-06-22 08:22:28'),(1089,360,10,1,'2026-06-22 08:22:28','2026-06-22 08:22:28'),(1090,360,11,1,'2026-06-22 08:22:28','2026-06-22 08:22:28'),(1091,382,7,1,'2026-06-22 08:22:28','2026-06-22 08:22:28'),(1092,382,8,1,'2026-06-22 08:22:28','2026-06-22 08:22:28'),(1093,382,9,1,'2026-06-22 08:22:28','2026-06-22 08:22:28'),(1094,382,10,1,'2026-06-22 08:22:28','2026-06-22 08:22:28'),(1095,382,11,1,'2026-06-22 08:22:28','2026-06-22 08:22:28'),(1096,404,7,1,'2026-06-22 08:22:28','2026-06-22 08:22:28'),(1097,404,8,1,'2026-06-22 08:22:28','2026-06-22 08:22:28'),(1098,404,9,1,'2026-06-22 08:22:28','2026-06-22 08:22:28'),(1099,404,10,1,'2026-06-22 08:22:28','2026-06-22 08:22:28'),(1100,404,11,1,'2026-06-22 08:22:28','2026-06-22 08:22:28'),(1101,426,7,1,'2026-06-22 08:22:28','2026-06-22 08:22:28'),(1102,426,8,1,'2026-06-22 08:22:28','2026-06-22 08:22:28'),(1103,426,9,1,'2026-06-22 08:22:28','2026-06-22 08:22:28'),(1104,426,10,1,'2026-06-22 08:22:28','2026-06-22 08:22:28'),(1105,426,11,1,'2026-06-22 08:22:28','2026-06-22 08:22:28'),(1106,448,7,1,'2026-06-22 08:22:28','2026-06-22 08:22:28'),(1107,448,8,1,'2026-06-22 08:22:28','2026-06-22 08:22:28'),(1108,448,9,1,'2026-06-22 08:22:28','2026-06-22 08:22:28'),(1109,448,10,1,'2026-06-22 08:22:28','2026-06-22 08:22:28'),(1110,448,11,1,'2026-06-22 08:22:28','2026-06-22 08:22:28'),(1111,9,29,1,'2026-06-22 08:22:28','2026-06-22 08:22:28'),(1112,9,30,1,'2026-06-22 08:22:28','2026-06-22 08:22:28'),(1113,9,31,1,'2026-06-22 08:22:28','2026-06-22 08:22:28'),(1114,9,32,1,'2026-06-22 08:22:28','2026-06-22 08:22:28'),(1115,9,33,1,'2026-06-22 08:22:28','2026-06-22 08:22:28'),(1116,9,34,1,'2026-06-22 08:22:28','2026-06-22 08:22:28'),(1117,9,35,1,'2026-06-22 08:22:28','2026-06-22 08:22:28'),(1118,9,36,0,'2026-06-22 08:22:28','2026-06-22 08:22:28'),(1119,31,29,1,'2026-06-22 08:22:28','2026-06-22 08:22:28'),(1120,31,30,1,'2026-06-22 08:22:28','2026-06-22 08:22:28'),(1121,31,31,1,'2026-06-22 08:22:28','2026-06-22 08:22:28'),(1122,31,32,1,'2026-06-22 08:22:28','2026-06-22 08:22:28'),(1123,31,33,1,'2026-06-22 08:22:28','2026-06-22 08:22:28'),(1124,31,34,1,'2026-06-22 08:22:28','2026-06-22 08:22:28'),(1125,31,35,1,'2026-06-22 08:22:28','2026-06-22 08:22:28'),(1126,31,36,0,'2026-06-22 08:22:28','2026-06-22 08:22:28'),(1127,53,29,1,'2026-06-22 08:22:28','2026-06-22 08:22:28'),(1128,53,30,1,'2026-06-22 08:22:28','2026-06-22 08:22:28'),(1129,53,31,1,'2026-06-22 08:22:28','2026-06-22 08:22:28'),(1130,53,32,1,'2026-06-22 08:22:28','2026-06-22 08:22:28'),(1131,53,33,1,'2026-06-22 08:22:28','2026-06-22 08:22:28'),(1132,53,34,1,'2026-06-22 08:22:28','2026-06-22 08:22:28'),(1133,53,35,1,'2026-06-22 08:22:28','2026-06-22 08:22:28'),(1134,53,36,0,'2026-06-22 08:22:28','2026-06-22 08:22:28'),(1135,75,29,1,'2026-06-22 08:22:28','2026-06-22 08:22:28'),(1136,75,30,1,'2026-06-22 08:22:28','2026-06-22 08:22:28'),(1137,75,31,1,'2026-06-22 08:22:28','2026-06-22 08:22:28'),(1138,75,32,1,'2026-06-22 08:22:28','2026-06-22 08:22:28'),(1139,75,33,1,'2026-06-22 08:22:28','2026-06-22 08:22:28'),(1140,75,34,1,'2026-06-22 08:22:28','2026-06-22 08:22:28'),(1141,75,35,1,'2026-06-22 08:22:28','2026-06-22 08:22:28'),(1142,75,36,0,'2026-06-22 08:22:28','2026-06-22 08:22:28'),(1143,97,29,1,'2026-06-22 08:22:28','2026-06-22 08:22:28'),(1144,97,30,1,'2026-06-22 08:22:28','2026-06-22 08:22:28'),(1145,97,31,1,'2026-06-22 08:22:28','2026-06-22 08:22:28'),(1146,97,32,1,'2026-06-22 08:22:28','2026-06-22 08:22:28'),(1147,97,33,1,'2026-06-22 08:22:28','2026-06-22 08:22:28'),(1148,97,34,1,'2026-06-22 08:22:28','2026-06-22 08:22:28'),(1149,97,35,1,'2026-06-22 08:22:28','2026-06-22 08:22:28'),(1150,97,36,0,'2026-06-22 08:22:28','2026-06-22 08:22:28'),(1151,119,29,1,'2026-06-22 08:22:28','2026-06-22 08:22:28'),(1152,119,30,1,'2026-06-22 08:22:28','2026-06-22 08:22:28'),(1153,119,31,1,'2026-06-22 08:22:28','2026-06-22 08:22:28'),(1154,119,32,1,'2026-06-22 08:22:28','2026-06-22 08:22:28'),(1155,119,33,1,'2026-06-22 08:22:28','2026-06-22 08:22:28'),(1156,119,34,1,'2026-06-22 08:22:28','2026-06-22 08:22:28'),(1157,119,35,1,'2026-06-22 08:22:28','2026-06-22 08:22:28'),(1158,119,36,0,'2026-06-22 08:22:28','2026-06-22 08:22:28'),(1159,141,29,1,'2026-06-22 08:22:28','2026-06-22 08:22:28'),(1160,141,30,1,'2026-06-22 08:22:28','2026-06-22 08:22:28'),(1161,141,31,1,'2026-06-22 08:22:28','2026-06-22 08:22:28'),(1162,141,32,1,'2026-06-22 08:22:28','2026-06-22 08:22:28'),(1163,141,33,1,'2026-06-22 08:22:28','2026-06-22 08:22:28'),(1164,141,34,1,'2026-06-22 08:22:28','2026-06-22 08:22:28'),(1165,141,35,1,'2026-06-22 08:22:28','2026-06-22 08:22:28'),(1166,141,36,0,'2026-06-22 08:22:28','2026-06-22 08:22:28'),(1167,163,29,1,'2026-06-22 08:22:28','2026-06-22 08:22:28'),(1168,163,30,1,'2026-06-22 08:22:28','2026-06-22 08:22:28'),(1169,163,31,1,'2026-06-22 08:22:28','2026-06-22 08:22:28'),(1170,163,32,1,'2026-06-22 08:22:28','2026-06-22 08:22:28'),(1171,163,33,1,'2026-06-22 08:22:28','2026-06-22 08:22:28'),(1172,163,34,1,'2026-06-22 08:22:28','2026-06-22 08:22:28'),(1173,163,35,1,'2026-06-22 08:22:28','2026-06-22 08:22:28'),(1174,163,36,0,'2026-06-22 08:22:28','2026-06-22 08:22:28'),(1175,185,29,1,'2026-06-22 08:22:28','2026-06-22 08:22:28'),(1176,185,30,1,'2026-06-22 08:22:28','2026-06-22 08:22:28'),(1177,185,31,1,'2026-06-22 08:22:28','2026-06-22 08:22:28'),(1178,185,32,1,'2026-06-22 08:22:28','2026-06-22 08:22:28'),(1179,185,33,1,'2026-06-22 08:22:28','2026-06-22 08:22:28'),(1180,185,34,1,'2026-06-22 08:22:28','2026-06-22 08:22:28'),(1181,185,35,1,'2026-06-22 08:22:28','2026-06-22 08:22:28'),(1182,185,36,0,'2026-06-22 08:22:28','2026-06-22 08:22:28'),(1183,207,29,1,'2026-06-22 08:22:28','2026-06-22 08:22:28'),(1184,207,30,1,'2026-06-22 08:22:28','2026-06-22 08:22:28'),(1185,207,31,1,'2026-06-22 08:22:28','2026-06-22 08:22:28'),(1186,207,32,1,'2026-06-22 08:22:28','2026-06-22 08:22:28'),(1187,207,33,1,'2026-06-22 08:22:28','2026-06-22 08:22:28'),(1188,207,34,1,'2026-06-22 08:22:28','2026-06-22 08:22:28'),(1189,207,35,1,'2026-06-22 08:22:28','2026-06-22 08:22:28'),(1190,207,36,0,'2026-06-22 08:22:28','2026-06-22 08:22:28'),(1191,229,29,1,'2026-06-22 08:22:28','2026-06-22 08:22:28'),(1192,229,30,1,'2026-06-22 08:22:28','2026-06-22 08:22:28'),(1193,229,31,1,'2026-06-22 08:22:28','2026-06-22 08:22:28'),(1194,229,32,1,'2026-06-22 08:22:28','2026-06-22 08:22:28'),(1195,229,33,1,'2026-06-22 08:22:28','2026-06-22 08:22:28'),(1196,229,34,1,'2026-06-22 08:22:28','2026-06-22 08:22:28'),(1197,229,35,1,'2026-06-22 08:22:28','2026-06-22 08:22:28'),(1198,229,36,0,'2026-06-22 08:22:28','2026-06-22 08:22:28'),(1199,251,29,1,'2026-06-22 08:22:28','2026-06-22 08:22:28'),(1200,251,30,1,'2026-06-22 08:22:28','2026-06-22 08:22:28'),(1201,251,31,1,'2026-06-22 08:22:28','2026-06-22 08:22:28'),(1202,251,32,1,'2026-06-22 08:22:28','2026-06-22 08:22:28'),(1203,251,33,1,'2026-06-22 08:22:28','2026-06-22 08:22:28'),(1204,251,34,1,'2026-06-22 08:22:28','2026-06-22 08:22:28'),(1205,251,35,1,'2026-06-22 08:22:28','2026-06-22 08:22:28'),(1206,251,36,0,'2026-06-22 08:22:28','2026-06-22 08:22:28'),(1207,273,29,1,'2026-06-22 08:22:28','2026-06-22 08:22:28'),(1208,273,30,1,'2026-06-22 08:22:28','2026-06-22 08:22:28'),(1209,273,31,1,'2026-06-22 08:22:28','2026-06-22 08:22:28'),(1210,273,32,1,'2026-06-22 08:22:28','2026-06-22 08:22:28'),(1211,273,33,1,'2026-06-22 08:22:28','2026-06-22 08:22:28'),(1212,273,34,1,'2026-06-22 08:22:28','2026-06-22 08:22:28'),(1213,273,35,1,'2026-06-22 08:22:28','2026-06-22 08:22:28'),(1214,273,36,0,'2026-06-22 08:22:28','2026-06-22 08:22:28'),(1215,295,29,1,'2026-06-22 08:22:28','2026-06-22 08:22:28'),(1216,295,30,1,'2026-06-22 08:22:28','2026-06-22 08:22:28'),(1217,295,31,1,'2026-06-22 08:22:28','2026-06-22 08:22:28'),(1218,295,32,1,'2026-06-22 08:22:28','2026-06-22 08:22:28'),(1219,295,33,1,'2026-06-22 08:22:28','2026-06-22 08:22:28'),(1220,295,34,1,'2026-06-22 08:22:28','2026-06-22 08:22:28'),(1221,295,35,1,'2026-06-22 08:22:28','2026-06-22 08:22:28'),(1222,295,36,0,'2026-06-22 08:22:28','2026-06-22 08:22:28'),(1223,317,29,1,'2026-06-22 08:22:28','2026-06-22 08:22:28'),(1224,317,30,1,'2026-06-22 08:22:28','2026-06-22 08:22:28'),(1225,317,31,1,'2026-06-22 08:22:28','2026-06-22 08:22:28'),(1226,317,32,1,'2026-06-22 08:22:28','2026-06-22 08:22:28'),(1227,317,33,1,'2026-06-22 08:22:28','2026-06-22 08:22:28'),(1228,317,34,1,'2026-06-22 08:22:28','2026-06-22 08:22:28'),(1229,317,35,1,'2026-06-22 08:22:28','2026-06-22 08:22:28'),(1230,317,36,0,'2026-06-22 08:22:28','2026-06-22 08:22:28'),(1231,339,29,1,'2026-06-22 08:22:28','2026-06-22 08:22:28'),(1232,339,30,1,'2026-06-22 08:22:28','2026-06-22 08:22:28'),(1233,339,31,1,'2026-06-22 08:22:28','2026-06-22 08:22:28'),(1234,339,32,1,'2026-06-22 08:22:28','2026-06-22 08:22:28'),(1235,339,33,1,'2026-06-22 08:22:28','2026-06-22 08:22:28'),(1236,339,34,1,'2026-06-22 08:22:28','2026-06-22 08:22:28'),(1237,339,35,1,'2026-06-22 08:22:28','2026-06-22 08:22:28'),(1238,339,36,0,'2026-06-22 08:22:28','2026-06-22 08:22:28'),(1239,361,29,1,'2026-06-22 08:22:28','2026-06-22 08:22:28'),(1240,361,30,1,'2026-06-22 08:22:28','2026-06-22 08:22:28'),(1241,361,31,1,'2026-06-22 08:22:28','2026-06-22 08:22:28'),(1242,361,32,1,'2026-06-22 08:22:28','2026-06-22 08:22:28'),(1243,361,33,1,'2026-06-22 08:22:28','2026-06-22 08:22:28'),(1244,361,34,1,'2026-06-22 08:22:28','2026-06-22 08:22:28'),(1245,361,35,1,'2026-06-22 08:22:28','2026-06-22 08:22:28'),(1246,361,36,0,'2026-06-22 08:22:28','2026-06-22 08:22:28'),(1247,383,29,1,'2026-06-22 08:22:28','2026-06-22 08:22:28'),(1248,383,30,1,'2026-06-22 08:22:28','2026-06-22 08:22:28'),(1249,383,31,1,'2026-06-22 08:22:28','2026-06-22 08:22:28'),(1250,383,32,1,'2026-06-22 08:22:28','2026-06-22 08:22:28'),(1251,383,33,1,'2026-06-22 08:22:28','2026-06-22 08:22:28'),(1252,383,34,1,'2026-06-22 08:22:28','2026-06-22 08:22:28'),(1253,383,35,1,'2026-06-22 08:22:28','2026-06-22 08:22:28'),(1254,383,36,0,'2026-06-22 08:22:28','2026-06-22 08:22:28'),(1255,405,29,1,'2026-06-22 08:22:28','2026-06-22 08:22:28'),(1256,405,30,1,'2026-06-22 08:22:28','2026-06-22 08:22:28'),(1257,405,31,1,'2026-06-22 08:22:28','2026-06-22 08:22:28'),(1258,405,32,1,'2026-06-22 08:22:28','2026-06-22 08:22:28'),(1259,405,33,1,'2026-06-22 08:22:28','2026-06-22 08:22:28'),(1260,405,34,1,'2026-06-22 08:22:28','2026-06-22 08:22:28'),(1261,405,35,1,'2026-06-22 08:22:28','2026-06-22 08:22:28'),(1262,405,36,0,'2026-06-22 08:22:28','2026-06-22 08:22:28'),(1263,427,29,1,'2026-06-22 08:22:28','2026-06-22 08:22:28'),(1264,427,30,1,'2026-06-22 08:22:28','2026-06-22 08:22:28'),(1265,427,31,1,'2026-06-22 08:22:28','2026-06-22 08:22:28'),(1266,427,32,1,'2026-06-22 08:22:28','2026-06-22 08:22:28'),(1267,427,33,1,'2026-06-22 08:22:28','2026-06-22 08:22:28'),(1268,427,34,1,'2026-06-22 08:22:28','2026-06-22 08:22:28'),(1269,427,35,1,'2026-06-22 08:22:28','2026-06-22 08:22:28'),(1270,427,36,0,'2026-06-22 08:22:28','2026-06-22 08:22:28'),(1271,449,29,1,'2026-06-22 08:22:28','2026-06-22 08:22:28'),(1272,449,30,1,'2026-06-22 08:22:28','2026-06-22 08:22:28'),(1273,449,31,1,'2026-06-22 08:22:28','2026-06-22 08:22:28'),(1274,449,32,1,'2026-06-22 08:22:28','2026-06-22 08:22:28'),(1275,449,33,1,'2026-06-22 08:22:28','2026-06-22 08:22:28'),(1276,449,34,1,'2026-06-22 08:22:28','2026-06-22 08:22:28'),(1277,449,35,1,'2026-06-22 08:22:28','2026-06-22 08:22:28'),(1278,449,36,0,'2026-06-22 08:22:28','2026-06-22 08:22:28'),(1279,471,29,1,'2026-06-22 08:22:28','2026-06-22 08:22:28'),(1280,471,30,1,'2026-06-22 08:22:28','2026-06-22 08:22:28'),(1281,471,31,1,'2026-06-22 08:22:28','2026-06-22 08:22:28'),(1282,471,32,1,'2026-06-22 08:22:28','2026-06-22 08:22:28'),(1283,471,33,1,'2026-06-22 08:22:28','2026-06-22 08:22:28'),(1284,471,34,1,'2026-06-22 08:22:28','2026-06-22 08:22:28'),(1285,471,35,1,'2026-06-22 08:22:28','2026-06-22 08:22:28'),(1286,471,36,0,'2026-06-22 08:22:28','2026-06-22 08:22:28'),(1287,493,29,1,'2026-06-22 08:22:28','2026-06-22 08:22:28'),(1288,493,30,1,'2026-06-22 08:22:28','2026-06-22 08:22:28'),(1289,493,31,1,'2026-06-22 08:22:28','2026-06-22 08:22:28'),(1290,493,32,1,'2026-06-22 08:22:28','2026-06-22 08:22:28'),(1291,493,33,1,'2026-06-22 08:22:28','2026-06-22 08:22:28'),(1292,493,34,1,'2026-06-22 08:22:28','2026-06-22 08:22:28'),(1293,493,35,1,'2026-06-22 08:22:28','2026-06-22 08:22:28'),(1294,493,36,0,'2026-06-22 08:22:28','2026-06-22 08:22:28'),(1295,515,29,1,'2026-06-22 08:22:28','2026-06-22 08:22:28'),(1296,515,30,1,'2026-06-22 08:22:28','2026-06-22 08:22:28'),(1297,515,31,1,'2026-06-22 08:22:28','2026-06-22 08:22:28'),(1298,515,32,1,'2026-06-22 08:22:28','2026-06-22 08:22:28'),(1299,515,33,1,'2026-06-22 08:22:28','2026-06-22 08:22:28'),(1300,515,34,1,'2026-06-22 08:22:28','2026-06-22 08:22:28'),(1301,515,35,1,'2026-06-22 08:22:28','2026-06-22 08:22:28'),(1302,515,36,0,'2026-06-22 08:22:28','2026-06-22 08:22:28'),(1303,10,13,1,'2026-06-22 08:22:28','2026-06-22 08:22:28'),(1304,10,14,1,'2026-06-22 08:22:28','2026-06-22 08:22:28'),(1305,10,15,1,'2026-06-22 08:22:28','2026-06-22 08:22:28'),(1306,10,16,1,'2026-06-22 08:22:28','2026-06-22 08:22:28'),(1307,10,17,1,'2026-06-22 08:22:28','2026-06-22 08:22:28'),(1308,10,18,1,'2026-06-22 08:22:28','2026-06-22 08:22:28'),(1309,10,19,1,'2026-06-22 08:22:28','2026-06-22 08:22:28'),(1310,10,20,1,'2026-06-22 08:22:28','2026-06-22 08:22:28'),(1311,32,13,1,'2026-06-22 08:22:28','2026-06-22 08:22:28'),(1312,32,14,1,'2026-06-22 08:22:28','2026-06-22 08:22:28'),(1313,32,15,1,'2026-06-22 08:22:28','2026-06-22 08:22:28'),(1314,32,16,1,'2026-06-22 08:22:28','2026-06-22 08:22:28'),(1315,32,17,1,'2026-06-22 08:22:28','2026-06-22 08:22:28'),(1316,32,18,1,'2026-06-22 08:22:28','2026-06-22 08:22:28'),(1317,32,19,1,'2026-06-22 08:22:28','2026-06-22 08:22:28'),(1318,32,20,1,'2026-06-22 08:22:28','2026-06-22 08:22:28'),(1319,54,13,1,'2026-06-22 08:22:28','2026-06-22 08:22:28'),(1320,54,14,1,'2026-06-22 08:22:28','2026-06-22 08:22:28'),(1321,54,15,1,'2026-06-22 08:22:28','2026-06-22 08:22:28'),(1322,54,16,1,'2026-06-22 08:22:28','2026-06-22 08:22:28'),(1323,54,17,1,'2026-06-22 08:22:28','2026-06-22 08:22:28'),(1324,54,18,1,'2026-06-22 08:22:28','2026-06-22 08:22:28'),(1325,54,19,1,'2026-06-22 08:22:28','2026-06-22 08:22:28'),(1326,54,20,1,'2026-06-22 08:22:28','2026-06-22 08:22:28'),(1327,76,13,1,'2026-06-22 08:22:28','2026-06-22 08:22:28'),(1328,76,14,1,'2026-06-22 08:22:28','2026-06-22 08:22:28'),(1329,76,15,1,'2026-06-22 08:22:28','2026-06-22 08:22:28'),(1330,76,16,1,'2026-06-22 08:22:28','2026-06-22 08:22:28'),(1331,76,17,1,'2026-06-22 08:22:28','2026-06-22 08:22:28'),(1332,76,18,1,'2026-06-22 08:22:28','2026-06-22 08:22:28'),(1333,76,19,1,'2026-06-22 08:22:28','2026-06-22 08:22:28'),(1334,76,20,1,'2026-06-22 08:22:28','2026-06-22 08:22:28'),(1335,98,13,1,'2026-06-22 08:22:28','2026-06-22 08:22:28'),(1336,98,14,1,'2026-06-22 08:22:28','2026-06-22 08:22:28'),(1337,98,15,1,'2026-06-22 08:22:28','2026-06-22 08:22:28'),(1338,98,16,1,'2026-06-22 08:22:28','2026-06-22 08:22:28'),(1339,98,17,1,'2026-06-22 08:22:28','2026-06-22 08:22:28'),(1340,98,18,1,'2026-06-22 08:22:28','2026-06-22 08:22:28'),(1341,98,19,1,'2026-06-22 08:22:28','2026-06-22 08:22:28'),(1342,98,20,1,'2026-06-22 08:22:28','2026-06-22 08:22:28'),(1343,120,13,1,'2026-06-22 08:22:28','2026-06-22 08:22:28'),(1344,120,14,1,'2026-06-22 08:22:28','2026-06-22 08:22:28'),(1345,120,15,1,'2026-06-22 08:22:28','2026-06-22 08:22:28'),(1346,120,16,1,'2026-06-22 08:22:28','2026-06-22 08:22:28'),(1347,120,17,1,'2026-06-22 08:22:28','2026-06-22 08:22:28'),(1348,120,18,1,'2026-06-22 08:22:28','2026-06-22 08:22:28'),(1349,120,19,1,'2026-06-22 08:22:28','2026-06-22 08:22:28'),(1350,120,20,1,'2026-06-22 08:22:28','2026-06-22 08:22:28'),(1351,142,13,1,'2026-06-22 08:22:28','2026-06-22 08:22:28'),(1352,142,14,1,'2026-06-22 08:22:28','2026-06-22 08:22:28'),(1353,142,15,1,'2026-06-22 08:22:28','2026-06-22 08:22:28'),(1354,142,16,1,'2026-06-22 08:22:28','2026-06-22 08:22:28'),(1355,142,17,1,'2026-06-22 08:22:28','2026-06-22 08:22:28'),(1356,142,18,1,'2026-06-22 08:22:28','2026-06-22 08:22:28'),(1357,142,19,1,'2026-06-22 08:22:28','2026-06-22 08:22:28'),(1358,142,20,1,'2026-06-22 08:22:28','2026-06-22 08:22:28'),(1359,164,13,1,'2026-06-22 08:22:28','2026-06-22 08:22:28'),(1360,164,14,1,'2026-06-22 08:22:28','2026-06-22 08:22:28'),(1361,164,15,1,'2026-06-22 08:22:28','2026-06-22 08:22:28'),(1362,164,16,1,'2026-06-22 08:22:28','2026-06-22 08:22:28'),(1363,164,17,1,'2026-06-22 08:22:28','2026-06-22 08:22:28'),(1364,164,18,1,'2026-06-22 08:22:28','2026-06-22 08:22:28'),(1365,164,19,1,'2026-06-22 08:22:28','2026-06-22 08:22:28'),(1366,164,20,1,'2026-06-22 08:22:28','2026-06-22 08:22:28'),(1367,186,13,1,'2026-06-22 08:22:28','2026-06-22 08:22:28'),(1368,186,14,1,'2026-06-22 08:22:28','2026-06-22 08:22:28'),(1369,186,15,1,'2026-06-22 08:22:28','2026-06-22 08:22:28'),(1370,186,16,1,'2026-06-22 08:22:28','2026-06-22 08:22:28'),(1371,186,17,1,'2026-06-22 08:22:28','2026-06-22 08:22:28'),(1372,186,18,1,'2026-06-22 08:22:28','2026-06-22 08:22:28'),(1373,186,19,1,'2026-06-22 08:22:28','2026-06-22 08:22:28'),(1374,186,20,1,'2026-06-22 08:22:28','2026-06-22 08:22:28'),(1375,208,13,1,'2026-06-22 08:22:28','2026-06-22 08:22:28'),(1376,208,14,1,'2026-06-22 08:22:28','2026-06-22 08:22:28'),(1377,208,15,1,'2026-06-22 08:22:28','2026-06-22 08:22:28'),(1378,208,16,1,'2026-06-22 08:22:28','2026-06-22 08:22:28'),(1379,208,17,1,'2026-06-22 08:22:28','2026-06-22 08:22:28'),(1380,208,18,1,'2026-06-22 08:22:28','2026-06-22 08:22:28'),(1381,208,19,1,'2026-06-22 08:22:28','2026-06-22 08:22:28'),(1382,208,20,1,'2026-06-22 08:22:28','2026-06-22 08:22:28'),(1383,230,13,1,'2026-06-22 08:22:28','2026-06-22 08:22:28'),(1384,230,14,1,'2026-06-22 08:22:28','2026-06-22 08:22:28'),(1385,230,15,1,'2026-06-22 08:22:28','2026-06-22 08:22:28'),(1386,230,16,1,'2026-06-22 08:22:28','2026-06-22 08:22:28'),(1387,230,17,1,'2026-06-22 08:22:28','2026-06-22 08:22:28'),(1388,230,18,1,'2026-06-22 08:22:28','2026-06-22 08:22:28'),(1389,230,19,1,'2026-06-22 08:22:28','2026-06-22 08:22:28'),(1390,230,20,1,'2026-06-22 08:22:28','2026-06-22 08:22:28'),(1391,252,13,1,'2026-06-22 08:22:28','2026-06-22 08:22:28'),(1392,252,14,1,'2026-06-22 08:22:28','2026-06-22 08:22:28'),(1393,252,15,1,'2026-06-22 08:22:28','2026-06-22 08:22:28'),(1394,252,16,1,'2026-06-22 08:22:28','2026-06-22 08:22:28'),(1395,252,17,1,'2026-06-22 08:22:28','2026-06-22 08:22:28'),(1396,252,18,1,'2026-06-22 08:22:28','2026-06-22 08:22:28'),(1397,252,19,1,'2026-06-22 08:22:28','2026-06-22 08:22:28'),(1398,252,20,1,'2026-06-22 08:22:28','2026-06-22 08:22:28'),(1399,274,13,1,'2026-06-22 08:22:28','2026-06-22 08:22:28'),(1400,274,14,1,'2026-06-22 08:22:28','2026-06-22 08:22:28'),(1401,274,15,1,'2026-06-22 08:22:28','2026-06-22 08:22:28'),(1402,274,16,1,'2026-06-22 08:22:28','2026-06-22 08:22:28'),(1403,274,17,1,'2026-06-22 08:22:28','2026-06-22 08:22:28'),(1404,274,18,1,'2026-06-22 08:22:28','2026-06-22 08:22:28'),(1405,274,19,1,'2026-06-22 08:22:28','2026-06-22 08:22:28'),(1406,274,20,1,'2026-06-22 08:22:28','2026-06-22 08:22:28'),(1407,296,13,1,'2026-06-22 08:22:28','2026-06-22 08:22:28'),(1408,296,14,1,'2026-06-22 08:22:28','2026-06-22 08:22:28'),(1409,296,15,1,'2026-06-22 08:22:28','2026-06-22 08:22:28'),(1410,296,16,1,'2026-06-22 08:22:28','2026-06-22 08:22:28'),(1411,296,17,1,'2026-06-22 08:22:28','2026-06-22 08:22:28'),(1412,296,18,1,'2026-06-22 08:22:28','2026-06-22 08:22:28'),(1413,296,19,1,'2026-06-22 08:22:28','2026-06-22 08:22:28'),(1414,296,20,1,'2026-06-22 08:22:28','2026-06-22 08:22:28'),(1415,318,13,1,'2026-06-22 08:22:28','2026-06-22 08:22:28'),(1416,318,14,1,'2026-06-22 08:22:28','2026-06-22 08:22:28'),(1417,318,15,1,'2026-06-22 08:22:28','2026-06-22 08:22:28'),(1418,318,16,1,'2026-06-22 08:22:28','2026-06-22 08:22:28'),(1419,318,17,1,'2026-06-22 08:22:28','2026-06-22 08:22:28'),(1420,318,18,1,'2026-06-22 08:22:28','2026-06-22 08:22:28'),(1421,318,19,1,'2026-06-22 08:22:28','2026-06-22 08:22:28'),(1422,318,20,1,'2026-06-22 08:22:28','2026-06-22 08:22:28'),(1423,340,13,1,'2026-06-22 08:22:28','2026-06-22 08:22:28'),(1424,340,14,1,'2026-06-22 08:22:28','2026-06-22 08:22:28'),(1425,340,15,1,'2026-06-22 08:22:28','2026-06-22 08:22:28'),(1426,340,16,1,'2026-06-22 08:22:28','2026-06-22 08:22:28'),(1427,340,17,1,'2026-06-22 08:22:28','2026-06-22 08:22:28'),(1428,340,18,1,'2026-06-22 08:22:28','2026-06-22 08:22:28'),(1429,340,19,1,'2026-06-22 08:22:28','2026-06-22 08:22:28'),(1430,340,20,1,'2026-06-22 08:22:28','2026-06-22 08:22:28'),(1431,362,13,1,'2026-06-22 08:22:28','2026-06-22 08:22:28'),(1432,362,14,1,'2026-06-22 08:22:28','2026-06-22 08:22:28'),(1433,362,15,1,'2026-06-22 08:22:28','2026-06-22 08:22:28'),(1434,362,16,1,'2026-06-22 08:22:28','2026-06-22 08:22:28'),(1435,362,17,1,'2026-06-22 08:22:28','2026-06-22 08:22:28'),(1436,362,18,1,'2026-06-22 08:22:28','2026-06-22 08:22:28'),(1437,362,19,1,'2026-06-22 08:22:28','2026-06-22 08:22:28'),(1438,362,20,1,'2026-06-22 08:22:28','2026-06-22 08:22:28'),(1439,384,13,1,'2026-06-22 08:22:28','2026-06-22 08:22:28'),(1440,384,14,1,'2026-06-22 08:22:28','2026-06-22 08:22:28'),(1441,384,15,1,'2026-06-22 08:22:28','2026-06-22 08:22:28'),(1442,384,16,1,'2026-06-22 08:22:28','2026-06-22 08:22:28'),(1443,384,17,1,'2026-06-22 08:22:28','2026-06-22 08:22:28'),(1444,384,18,1,'2026-06-22 08:22:28','2026-06-22 08:22:28'),(1445,384,19,1,'2026-06-22 08:22:28','2026-06-22 08:22:28'),(1446,384,20,1,'2026-06-22 08:22:28','2026-06-22 08:22:28'),(1447,406,13,1,'2026-06-22 08:22:28','2026-06-22 08:22:28'),(1448,406,14,1,'2026-06-22 08:22:28','2026-06-22 08:22:28'),(1449,406,15,1,'2026-06-22 08:22:28','2026-06-22 08:22:28'),(1450,406,16,1,'2026-06-22 08:22:28','2026-06-22 08:22:28'),(1451,406,17,1,'2026-06-22 08:22:28','2026-06-22 08:22:28'),(1452,406,18,1,'2026-06-22 08:22:28','2026-06-22 08:22:28'),(1453,406,19,1,'2026-06-22 08:22:28','2026-06-22 08:22:28'),(1454,406,20,1,'2026-06-22 08:22:28','2026-06-22 08:22:28'),(1455,428,13,1,'2026-06-22 08:22:28','2026-06-22 08:22:28'),(1456,428,14,1,'2026-06-22 08:22:28','2026-06-22 08:22:28'),(1457,428,15,1,'2026-06-22 08:22:28','2026-06-22 08:22:28'),(1458,428,16,1,'2026-06-22 08:22:28','2026-06-22 08:22:28'),(1459,428,17,1,'2026-06-22 08:22:28','2026-06-22 08:22:28'),(1460,428,18,1,'2026-06-22 08:22:28','2026-06-22 08:22:28'),(1461,428,19,1,'2026-06-22 08:22:28','2026-06-22 08:22:28'),(1462,428,20,1,'2026-06-22 08:22:28','2026-06-22 08:22:28'),(1463,450,13,1,'2026-06-22 08:22:28','2026-06-22 08:22:28'),(1464,450,14,1,'2026-06-22 08:22:28','2026-06-22 08:22:28'),(1465,450,15,1,'2026-06-22 08:22:28','2026-06-22 08:22:28'),(1466,450,16,1,'2026-06-22 08:22:28','2026-06-22 08:22:28'),(1467,450,17,1,'2026-06-22 08:22:28','2026-06-22 08:22:28'),(1468,450,18,1,'2026-06-22 08:22:28','2026-06-22 08:22:28'),(1469,450,19,1,'2026-06-22 08:22:28','2026-06-22 08:22:28'),(1470,450,20,1,'2026-06-22 08:22:28','2026-06-22 08:22:28'),(1471,472,13,1,'2026-06-22 08:22:28','2026-06-22 08:22:28'),(1472,472,14,1,'2026-06-22 08:22:28','2026-06-22 08:22:28'),(1473,472,15,1,'2026-06-22 08:22:28','2026-06-22 08:22:28'),(1474,472,16,1,'2026-06-22 08:22:28','2026-06-22 08:22:28'),(1475,472,17,1,'2026-06-22 08:22:28','2026-06-22 08:22:28'),(1476,472,18,1,'2026-06-22 08:22:28','2026-06-22 08:22:28'),(1477,472,19,1,'2026-06-22 08:22:28','2026-06-22 08:22:28'),(1478,472,20,1,'2026-06-22 08:22:28','2026-06-22 08:22:28'),(1479,494,13,1,'2026-06-22 08:22:28','2026-06-22 08:22:28'),(1480,494,14,1,'2026-06-22 08:22:28','2026-06-22 08:22:28'),(1481,494,15,1,'2026-06-22 08:22:28','2026-06-22 08:22:28'),(1482,494,16,1,'2026-06-22 08:22:28','2026-06-22 08:22:28'),(1483,494,17,1,'2026-06-22 08:22:28','2026-06-22 08:22:28'),(1484,494,18,1,'2026-06-22 08:22:28','2026-06-22 08:22:28'),(1485,494,19,1,'2026-06-22 08:22:28','2026-06-22 08:22:28'),(1486,494,20,1,'2026-06-22 08:22:28','2026-06-22 08:22:28'),(1487,516,13,1,'2026-06-22 08:22:28','2026-06-22 08:22:28'),(1488,516,14,1,'2026-06-22 08:22:28','2026-06-22 08:22:28'),(1489,516,15,1,'2026-06-22 08:22:28','2026-06-22 08:22:28'),(1490,516,16,1,'2026-06-22 08:22:28','2026-06-22 08:22:28'),(1491,516,17,1,'2026-06-22 08:22:28','2026-06-22 08:22:28'),(1492,516,18,1,'2026-06-22 08:22:28','2026-06-22 08:22:28'),(1493,516,19,1,'2026-06-22 08:22:28','2026-06-22 08:22:28'),(1494,516,20,1,'2026-06-22 08:22:28','2026-06-22 08:22:28'),(1495,11,7,1,'2026-06-22 08:22:28','2026-06-22 08:22:28'),(1496,11,8,1,'2026-06-22 08:22:28','2026-06-22 08:22:28'),(1497,11,9,1,'2026-06-22 08:22:28','2026-06-22 08:22:28'),(1498,11,10,1,'2026-06-22 08:22:28','2026-06-22 08:22:28'),(1499,11,11,1,'2026-06-22 08:22:28','2026-06-22 08:22:28'),(1500,33,7,1,'2026-06-22 08:22:28','2026-06-22 08:22:28'),(1501,33,8,1,'2026-06-22 08:22:28','2026-06-22 08:22:28'),(1502,33,9,1,'2026-06-22 08:22:28','2026-06-22 08:22:28'),(1503,33,10,1,'2026-06-22 08:22:28','2026-06-22 08:22:28'),(1504,33,11,1,'2026-06-22 08:22:28','2026-06-22 08:22:28'),(1505,55,7,1,'2026-06-22 08:22:28','2026-06-22 08:22:28'),(1506,55,8,1,'2026-06-22 08:22:28','2026-06-22 08:22:28'),(1507,55,9,1,'2026-06-22 08:22:28','2026-06-22 08:22:28'),(1508,55,10,1,'2026-06-22 08:22:28','2026-06-22 08:22:28'),(1509,55,11,1,'2026-06-22 08:22:28','2026-06-22 08:22:28'),(1510,77,7,1,'2026-06-22 08:22:28','2026-06-22 08:22:28'),(1511,77,8,1,'2026-06-22 08:22:28','2026-06-22 08:22:28'),(1512,77,9,1,'2026-06-22 08:22:28','2026-06-22 08:22:28'),(1513,77,10,1,'2026-06-22 08:22:28','2026-06-22 08:22:28'),(1514,77,11,1,'2026-06-22 08:22:28','2026-06-22 08:22:28'),(1515,99,7,1,'2026-06-22 08:22:28','2026-06-22 08:22:28'),(1516,99,8,1,'2026-06-22 08:22:28','2026-06-22 08:22:28'),(1517,99,9,1,'2026-06-22 08:22:28','2026-06-22 08:22:28'),(1518,99,10,1,'2026-06-22 08:22:28','2026-06-22 08:22:28'),(1519,99,11,1,'2026-06-22 08:22:28','2026-06-22 08:22:28'),(1520,121,7,1,'2026-06-22 08:22:28','2026-06-22 08:22:28'),(1521,121,8,1,'2026-06-22 08:22:28','2026-06-22 08:22:28'),(1522,121,9,1,'2026-06-22 08:22:28','2026-06-22 08:22:28'),(1523,121,10,1,'2026-06-22 08:22:28','2026-06-22 08:22:28'),(1524,121,11,1,'2026-06-22 08:22:28','2026-06-22 08:22:28'),(1525,143,7,1,'2026-06-22 08:22:28','2026-06-22 08:22:28'),(1526,143,8,1,'2026-06-22 08:22:28','2026-06-22 08:22:28'),(1527,143,9,1,'2026-06-22 08:22:28','2026-06-22 08:22:28'),(1528,143,10,1,'2026-06-22 08:22:28','2026-06-22 08:22:28'),(1529,143,11,1,'2026-06-22 08:22:28','2026-06-22 08:22:28'),(1530,165,7,1,'2026-06-22 08:22:28','2026-06-22 08:22:28'),(1531,165,8,1,'2026-06-22 08:22:28','2026-06-22 08:22:28'),(1532,165,9,1,'2026-06-22 08:22:28','2026-06-22 08:22:28'),(1533,165,10,1,'2026-06-22 08:22:28','2026-06-22 08:22:28'),(1534,165,11,1,'2026-06-22 08:22:28','2026-06-22 08:22:28'),(1535,187,7,1,'2026-06-22 08:22:28','2026-06-22 08:22:28'),(1536,187,8,1,'2026-06-22 08:22:28','2026-06-22 08:22:28'),(1537,187,9,1,'2026-06-22 08:22:28','2026-06-22 08:22:28'),(1538,187,10,1,'2026-06-22 08:22:28','2026-06-22 08:22:28'),(1539,187,11,1,'2026-06-22 08:22:28','2026-06-22 08:22:28'),(1540,209,7,1,'2026-06-22 08:22:28','2026-06-22 08:22:28'),(1541,209,8,1,'2026-06-22 08:22:28','2026-06-22 08:22:28'),(1542,209,9,1,'2026-06-22 08:22:28','2026-06-22 08:22:28'),(1543,209,10,1,'2026-06-22 08:22:28','2026-06-22 08:22:28'),(1544,209,11,1,'2026-06-22 08:22:28','2026-06-22 08:22:28'),(1545,231,7,1,'2026-06-22 08:22:28','2026-06-22 08:22:28'),(1546,231,8,1,'2026-06-22 08:22:28','2026-06-22 08:22:28'),(1547,231,9,1,'2026-06-22 08:22:28','2026-06-22 08:22:28'),(1548,231,10,1,'2026-06-22 08:22:28','2026-06-22 08:22:28'),(1549,231,11,1,'2026-06-22 08:22:28','2026-06-22 08:22:28'),(1550,253,7,1,'2026-06-22 08:22:28','2026-06-22 08:22:28'),(1551,253,8,1,'2026-06-22 08:22:28','2026-06-22 08:22:28'),(1552,253,9,1,'2026-06-22 08:22:28','2026-06-22 08:22:28'),(1553,253,10,1,'2026-06-22 08:22:28','2026-06-22 08:22:28'),(1554,253,11,1,'2026-06-22 08:22:28','2026-06-22 08:22:28'),(1555,275,7,1,'2026-06-22 08:22:28','2026-06-22 08:22:28'),(1556,275,8,1,'2026-06-22 08:22:28','2026-06-22 08:22:28'),(1557,275,9,1,'2026-06-22 08:22:28','2026-06-22 08:22:28'),(1558,275,10,1,'2026-06-22 08:22:28','2026-06-22 08:22:28'),(1559,275,11,1,'2026-06-22 08:22:28','2026-06-22 08:22:28'),(1560,297,7,1,'2026-06-22 08:22:28','2026-06-22 08:22:28'),(1561,297,8,1,'2026-06-22 08:22:28','2026-06-22 08:22:28'),(1562,297,9,1,'2026-06-22 08:22:28','2026-06-22 08:22:28'),(1563,297,10,1,'2026-06-22 08:22:28','2026-06-22 08:22:28'),(1564,297,11,1,'2026-06-22 08:22:28','2026-06-22 08:22:28'),(1565,319,7,1,'2026-06-22 08:22:28','2026-06-22 08:22:28'),(1566,319,8,1,'2026-06-22 08:22:28','2026-06-22 08:22:28'),(1567,319,9,1,'2026-06-22 08:22:28','2026-06-22 08:22:28'),(1568,319,10,1,'2026-06-22 08:22:28','2026-06-22 08:22:28'),(1569,319,11,1,'2026-06-22 08:22:28','2026-06-22 08:22:28'),(1570,341,7,1,'2026-06-22 08:22:28','2026-06-22 08:22:28'),(1571,341,8,1,'2026-06-22 08:22:28','2026-06-22 08:22:28'),(1572,341,9,1,'2026-06-22 08:22:28','2026-06-22 08:22:28'),(1573,341,10,1,'2026-06-22 08:22:28','2026-06-22 08:22:28'),(1574,341,11,1,'2026-06-22 08:22:28','2026-06-22 08:22:28'),(1575,363,7,1,'2026-06-22 08:22:28','2026-06-22 08:22:28'),(1576,363,8,1,'2026-06-22 08:22:28','2026-06-22 08:22:28'),(1577,363,9,1,'2026-06-22 08:22:28','2026-06-22 08:22:28'),(1578,363,10,1,'2026-06-22 08:22:28','2026-06-22 08:22:28'),(1579,363,11,1,'2026-06-22 08:22:28','2026-06-22 08:22:28'),(1580,385,7,1,'2026-06-22 08:22:28','2026-06-22 08:22:28'),(1581,385,8,1,'2026-06-22 08:22:28','2026-06-22 08:22:28'),(1582,385,9,1,'2026-06-22 08:22:28','2026-06-22 08:22:28'),(1583,385,10,1,'2026-06-22 08:22:28','2026-06-22 08:22:28'),(1584,385,11,1,'2026-06-22 08:22:28','2026-06-22 08:22:28'),(1585,407,7,1,'2026-06-22 08:22:28','2026-06-22 08:22:28'),(1586,407,8,1,'2026-06-22 08:22:28','2026-06-22 08:22:28'),(1587,407,9,1,'2026-06-22 08:22:28','2026-06-22 08:22:28'),(1588,407,10,1,'2026-06-22 08:22:28','2026-06-22 08:22:28'),(1589,407,11,1,'2026-06-22 08:22:28','2026-06-22 08:22:28'),(1590,429,7,1,'2026-06-22 08:22:28','2026-06-22 08:22:28'),(1591,429,8,1,'2026-06-22 08:22:28','2026-06-22 08:22:28'),(1592,429,9,1,'2026-06-22 08:22:28','2026-06-22 08:22:28'),(1593,429,10,1,'2026-06-22 08:22:28','2026-06-22 08:22:28'),(1594,429,11,1,'2026-06-22 08:22:28','2026-06-22 08:22:28'),(1595,451,7,1,'2026-06-22 08:22:28','2026-06-22 08:22:28'),(1596,451,8,1,'2026-06-22 08:22:28','2026-06-22 08:22:28'),(1597,451,9,1,'2026-06-22 08:22:28','2026-06-22 08:22:28'),(1598,451,10,1,'2026-06-22 08:22:28','2026-06-22 08:22:28'),(1599,451,11,1,'2026-06-22 08:22:28','2026-06-22 08:22:28'),(1600,473,7,1,'2026-06-22 08:22:28','2026-06-22 08:22:28'),(1601,473,8,1,'2026-06-22 08:22:28','2026-06-22 08:22:28'),(1602,473,9,1,'2026-06-22 08:22:28','2026-06-22 08:22:28'),(1603,473,10,1,'2026-06-22 08:22:28','2026-06-22 08:22:28'),(1604,473,11,1,'2026-06-22 08:22:28','2026-06-22 08:22:28'),(1605,495,7,1,'2026-06-22 08:22:28','2026-06-22 08:22:28'),(1606,495,8,1,'2026-06-22 08:22:28','2026-06-22 08:22:28'),(1607,495,9,1,'2026-06-22 08:22:28','2026-06-22 08:22:28'),(1608,495,10,1,'2026-06-22 08:22:28','2026-06-22 08:22:28'),(1609,495,11,1,'2026-06-22 08:22:28','2026-06-22 08:22:28'),(1610,517,7,1,'2026-06-22 08:22:28','2026-06-22 08:22:28'),(1611,517,8,1,'2026-06-22 08:22:28','2026-06-22 08:22:28'),(1612,517,9,1,'2026-06-22 08:22:28','2026-06-22 08:22:28'),(1613,517,10,1,'2026-06-22 08:22:28','2026-06-22 08:22:28'),(1614,517,11,1,'2026-06-22 08:22:28','2026-06-22 08:22:28'),(1615,12,21,1,'2026-06-22 08:22:28','2026-06-22 08:22:28'),(1616,12,23,1,'2026-06-22 08:22:28','2026-06-22 08:22:28'),(1617,12,24,0,'2026-06-22 08:22:28','2026-06-22 08:22:28'),(1618,12,25,1,'2026-06-22 08:22:28','2026-06-22 08:22:28'),(1619,12,26,1,'2026-06-22 08:22:28','2026-06-22 08:22:28'),(1620,12,27,1,'2026-06-22 08:22:28','2026-06-22 08:22:28'),(1621,12,28,1,'2026-06-22 08:22:28','2026-06-22 08:22:28'),(1622,34,21,1,'2026-06-22 08:22:28','2026-06-22 08:22:28'),(1623,34,23,1,'2026-06-22 08:22:28','2026-06-22 08:22:28'),(1624,34,24,0,'2026-06-22 08:22:28','2026-06-22 08:22:28'),(1625,34,25,1,'2026-06-22 08:22:28','2026-06-22 08:22:28'),(1626,34,26,1,'2026-06-22 08:22:28','2026-06-22 08:22:28'),(1627,34,27,1,'2026-06-22 08:22:28','2026-06-22 08:22:28'),(1628,34,28,1,'2026-06-22 08:22:28','2026-06-22 08:22:28'),(1629,56,21,1,'2026-06-22 08:22:28','2026-06-22 08:22:28'),(1630,56,23,1,'2026-06-22 08:22:28','2026-06-22 08:22:28'),(1631,56,24,0,'2026-06-22 08:22:28','2026-06-22 08:22:28'),(1632,56,25,1,'2026-06-22 08:22:28','2026-06-22 08:22:28'),(1633,56,26,1,'2026-06-22 08:22:28','2026-06-22 08:22:28'),(1634,56,27,1,'2026-06-22 08:22:28','2026-06-22 08:22:28'),(1635,56,28,1,'2026-06-22 08:22:28','2026-06-22 08:22:28'),(1636,78,21,1,'2026-06-22 08:22:28','2026-06-22 08:22:28'),(1637,78,23,1,'2026-06-22 08:22:28','2026-06-22 08:22:28'),(1638,78,24,0,'2026-06-22 08:22:28','2026-06-22 08:22:28'),(1639,78,25,1,'2026-06-22 08:22:28','2026-06-22 08:22:28'),(1640,78,26,1,'2026-06-22 08:22:28','2026-06-22 08:22:28'),(1641,78,27,1,'2026-06-22 08:22:28','2026-06-22 08:22:28'),(1642,78,28,1,'2026-06-22 08:22:28','2026-06-22 08:22:28'),(1643,100,21,1,'2026-06-22 08:22:28','2026-06-22 08:22:28'),(1644,100,23,1,'2026-06-22 08:22:28','2026-06-22 08:22:28'),(1645,100,24,0,'2026-06-22 08:22:28','2026-06-22 08:22:28'),(1646,100,25,1,'2026-06-22 08:22:28','2026-06-22 08:22:28'),(1647,100,26,1,'2026-06-22 08:22:28','2026-06-22 08:22:28'),(1648,100,27,1,'2026-06-22 08:22:28','2026-06-22 08:22:28'),(1649,100,28,1,'2026-06-22 08:22:28','2026-06-22 08:22:28'),(1650,122,21,1,'2026-06-22 08:22:28','2026-06-22 08:22:28'),(1651,122,23,1,'2026-06-22 08:22:28','2026-06-22 08:22:28'),(1652,122,24,0,'2026-06-22 08:22:28','2026-06-22 08:22:28'),(1653,122,25,1,'2026-06-22 08:22:28','2026-06-22 08:22:28'),(1654,122,26,1,'2026-06-22 08:22:28','2026-06-22 08:22:28'),(1655,122,27,1,'2026-06-22 08:22:28','2026-06-22 08:22:28'),(1656,122,28,1,'2026-06-22 08:22:28','2026-06-22 08:22:28'),(1657,144,21,1,'2026-06-22 08:22:28','2026-06-22 08:22:28'),(1658,144,23,1,'2026-06-22 08:22:28','2026-06-22 08:22:28'),(1659,144,24,0,'2026-06-22 08:22:28','2026-06-22 08:22:28'),(1660,144,25,1,'2026-06-22 08:22:28','2026-06-22 08:22:28'),(1661,144,26,1,'2026-06-22 08:22:28','2026-06-22 08:22:28'),(1662,144,27,1,'2026-06-22 08:22:28','2026-06-22 08:22:28'),(1663,144,28,1,'2026-06-22 08:22:28','2026-06-22 08:22:28'),(1664,166,21,1,'2026-06-22 08:22:28','2026-06-22 08:22:28'),(1665,166,23,1,'2026-06-22 08:22:28','2026-06-22 08:22:28'),(1666,166,24,0,'2026-06-22 08:22:28','2026-06-22 08:22:28'),(1667,166,25,1,'2026-06-22 08:22:28','2026-06-22 08:22:28'),(1668,166,26,1,'2026-06-22 08:22:28','2026-06-22 08:22:28'),(1669,166,27,1,'2026-06-22 08:22:28','2026-06-22 08:22:28'),(1670,166,28,1,'2026-06-22 08:22:28','2026-06-22 08:22:28'),(1671,188,21,1,'2026-06-22 08:22:28','2026-06-22 08:22:28'),(1672,188,23,1,'2026-06-22 08:22:28','2026-06-22 08:22:28'),(1673,188,24,0,'2026-06-22 08:22:28','2026-06-22 08:22:28'),(1674,188,25,1,'2026-06-22 08:22:28','2026-06-22 08:22:28'),(1675,188,26,1,'2026-06-22 08:22:28','2026-06-22 08:22:28'),(1676,188,27,1,'2026-06-22 08:22:28','2026-06-22 08:22:28'),(1677,188,28,1,'2026-06-22 08:22:28','2026-06-22 08:22:28'),(1678,210,21,1,'2026-06-22 08:22:28','2026-06-22 08:22:28'),(1679,210,23,1,'2026-06-22 08:22:28','2026-06-22 08:22:28'),(1680,210,24,0,'2026-06-22 08:22:28','2026-06-22 08:22:28'),(1681,210,25,1,'2026-06-22 08:22:28','2026-06-22 08:22:28'),(1682,210,26,1,'2026-06-22 08:22:28','2026-06-22 08:22:28'),(1683,210,27,1,'2026-06-22 08:22:28','2026-06-22 08:22:28'),(1684,210,28,1,'2026-06-22 08:22:28','2026-06-22 08:22:28'),(1685,232,21,1,'2026-06-22 08:22:28','2026-06-22 08:22:28'),(1686,232,23,1,'2026-06-22 08:22:28','2026-06-22 08:22:28'),(1687,232,24,0,'2026-06-22 08:22:28','2026-06-22 08:22:28'),(1688,232,25,1,'2026-06-22 08:22:28','2026-06-22 08:22:28'),(1689,232,26,1,'2026-06-22 08:22:28','2026-06-22 08:22:28'),(1690,232,27,1,'2026-06-22 08:22:28','2026-06-22 08:22:28'),(1691,232,28,1,'2026-06-22 08:22:28','2026-06-22 08:22:28'),(1692,254,21,1,'2026-06-22 08:22:28','2026-06-22 08:22:28'),(1693,254,23,1,'2026-06-22 08:22:28','2026-06-22 08:22:28'),(1694,254,24,0,'2026-06-22 08:22:28','2026-06-22 08:22:28'),(1695,254,25,1,'2026-06-22 08:22:28','2026-06-22 08:22:28'),(1696,254,26,1,'2026-06-22 08:22:28','2026-06-22 08:22:28'),(1697,254,27,1,'2026-06-22 08:22:28','2026-06-22 08:22:28'),(1698,254,28,1,'2026-06-22 08:22:28','2026-06-22 08:22:28'),(1699,276,21,1,'2026-06-22 08:22:28','2026-06-22 08:22:28'),(1700,276,23,1,'2026-06-22 08:22:28','2026-06-22 08:22:28'),(1701,276,24,0,'2026-06-22 08:22:28','2026-06-22 08:22:28'),(1702,276,25,1,'2026-06-22 08:22:28','2026-06-22 08:22:28'),(1703,276,26,1,'2026-06-22 08:22:28','2026-06-22 08:22:28'),(1704,276,27,1,'2026-06-22 08:22:28','2026-06-22 08:22:28'),(1705,276,28,1,'2026-06-22 08:22:28','2026-06-22 08:22:28'),(1706,298,21,1,'2026-06-22 08:22:28','2026-06-22 08:22:28'),(1707,298,23,1,'2026-06-22 08:22:28','2026-06-22 08:22:28'),(1708,298,24,0,'2026-06-22 08:22:28','2026-06-22 08:22:28'),(1709,298,25,1,'2026-06-22 08:22:28','2026-06-22 08:22:28'),(1710,298,26,1,'2026-06-22 08:22:28','2026-06-22 08:22:28'),(1711,298,27,1,'2026-06-22 08:22:28','2026-06-22 08:22:28'),(1712,298,28,1,'2026-06-22 08:22:28','2026-06-22 08:22:28'),(1713,320,21,1,'2026-06-22 08:22:28','2026-06-22 08:22:28'),(1714,320,23,1,'2026-06-22 08:22:28','2026-06-22 08:22:28'),(1715,320,24,0,'2026-06-22 08:22:28','2026-06-22 08:22:28'),(1716,320,25,1,'2026-06-22 08:22:28','2026-06-22 08:22:28'),(1717,320,26,1,'2026-06-22 08:22:28','2026-06-22 08:22:28'),(1718,320,27,1,'2026-06-22 08:22:28','2026-06-22 08:22:28'),(1719,320,28,1,'2026-06-22 08:22:28','2026-06-22 08:22:28'),(1720,342,21,1,'2026-06-22 08:22:28','2026-06-22 08:22:28'),(1721,342,23,1,'2026-06-22 08:22:28','2026-06-22 08:22:28'),(1722,342,24,0,'2026-06-22 08:22:28','2026-06-22 08:22:28'),(1723,342,25,1,'2026-06-22 08:22:28','2026-06-22 08:22:28'),(1724,342,26,1,'2026-06-22 08:22:28','2026-06-22 08:22:28'),(1725,342,27,1,'2026-06-22 08:22:28','2026-06-22 08:22:28'),(1726,342,28,1,'2026-06-22 08:22:28','2026-06-22 08:22:28'),(1727,364,21,1,'2026-06-22 08:22:28','2026-06-22 08:22:28'),(1728,364,23,1,'2026-06-22 08:22:28','2026-06-22 08:22:28'),(1729,364,24,0,'2026-06-22 08:22:28','2026-06-22 08:22:28'),(1730,364,25,1,'2026-06-22 08:22:28','2026-06-22 08:22:28'),(1731,364,26,1,'2026-06-22 08:22:28','2026-06-22 08:22:28'),(1732,364,27,1,'2026-06-22 08:22:28','2026-06-22 08:22:28'),(1733,364,28,1,'2026-06-22 08:22:28','2026-06-22 08:22:28'),(1734,386,21,1,'2026-06-22 08:22:28','2026-06-22 08:22:28'),(1735,386,23,1,'2026-06-22 08:22:28','2026-06-22 08:22:28'),(1736,386,24,0,'2026-06-22 08:22:28','2026-06-22 08:22:28'),(1737,386,25,1,'2026-06-22 08:22:28','2026-06-22 08:22:28'),(1738,386,26,1,'2026-06-22 08:22:28','2026-06-22 08:22:28'),(1739,386,27,1,'2026-06-22 08:22:28','2026-06-22 08:22:28'),(1740,386,28,1,'2026-06-22 08:22:28','2026-06-22 08:22:28'),(1741,408,21,1,'2026-06-22 08:22:28','2026-06-22 08:22:28'),(1742,408,23,1,'2026-06-22 08:22:28','2026-06-22 08:22:28'),(1743,408,24,0,'2026-06-22 08:22:28','2026-06-22 08:22:28'),(1744,408,25,1,'2026-06-22 08:22:28','2026-06-22 08:22:28'),(1745,408,26,1,'2026-06-22 08:22:28','2026-06-22 08:22:28'),(1746,408,27,1,'2026-06-22 08:22:28','2026-06-22 08:22:28'),(1747,408,28,1,'2026-06-22 08:22:28','2026-06-22 08:22:28'),(1748,430,21,1,'2026-06-22 08:22:28','2026-06-22 08:22:28'),(1749,430,23,1,'2026-06-22 08:22:28','2026-06-22 08:22:28'),(1750,430,24,0,'2026-06-22 08:22:28','2026-06-22 08:22:28'),(1751,430,25,1,'2026-06-22 08:22:28','2026-06-22 08:22:28'),(1752,430,26,1,'2026-06-22 08:22:28','2026-06-22 08:22:28'),(1753,430,27,1,'2026-06-22 08:22:28','2026-06-22 08:22:28'),(1754,430,28,1,'2026-06-22 08:22:28','2026-06-22 08:22:28'),(1755,452,21,1,'2026-06-22 08:22:28','2026-06-22 08:22:28'),(1756,452,23,1,'2026-06-22 08:22:28','2026-06-22 08:22:28'),(1757,452,24,0,'2026-06-22 08:22:28','2026-06-22 08:22:28'),(1758,452,25,1,'2026-06-22 08:22:28','2026-06-22 08:22:28'),(1759,452,26,1,'2026-06-22 08:22:28','2026-06-22 08:22:28'),(1760,452,27,1,'2026-06-22 08:22:28','2026-06-22 08:22:28'),(1761,452,28,1,'2026-06-22 08:22:28','2026-06-22 08:22:28'),(1762,474,21,1,'2026-06-22 08:22:28','2026-06-22 08:22:28'),(1763,474,23,1,'2026-06-22 08:22:28','2026-06-22 08:22:28'),(1764,474,24,0,'2026-06-22 08:22:28','2026-06-22 08:22:28'),(1765,474,25,1,'2026-06-22 08:22:28','2026-06-22 08:22:28'),(1766,474,26,1,'2026-06-22 08:22:28','2026-06-22 08:22:28'),(1767,474,27,1,'2026-06-22 08:22:28','2026-06-22 08:22:28'),(1768,474,28,1,'2026-06-22 08:22:28','2026-06-22 08:22:28'),(1769,496,21,1,'2026-06-22 08:22:28','2026-06-22 08:22:28'),(1770,496,23,1,'2026-06-22 08:22:28','2026-06-22 08:22:28'),(1771,496,24,0,'2026-06-22 08:22:28','2026-06-22 08:22:28'),(1772,496,25,1,'2026-06-22 08:22:28','2026-06-22 08:22:28'),(1773,496,26,1,'2026-06-22 08:22:28','2026-06-22 08:22:28'),(1774,496,27,1,'2026-06-22 08:22:28','2026-06-22 08:22:28'),(1775,496,28,1,'2026-06-22 08:22:28','2026-06-22 08:22:28'),(1776,518,21,1,'2026-06-22 08:22:28','2026-06-22 08:22:28'),(1777,518,23,1,'2026-06-22 08:22:28','2026-06-22 08:22:28'),(1778,518,24,0,'2026-06-22 08:22:28','2026-06-22 08:22:28'),(1779,518,25,1,'2026-06-22 08:22:28','2026-06-22 08:22:28'),(1780,518,26,1,'2026-06-22 08:22:28','2026-06-22 08:22:28'),(1781,518,27,1,'2026-06-22 08:22:28','2026-06-22 08:22:28'),(1782,518,28,1,'2026-06-22 08:22:28','2026-06-22 08:22:28'),(1783,13,29,1,'2026-06-22 08:22:28','2026-06-22 08:22:28'),(1784,13,30,1,'2026-06-22 08:22:28','2026-06-22 08:22:28'),(1785,13,31,1,'2026-06-22 08:22:28','2026-06-22 08:22:28'),(1786,13,32,1,'2026-06-22 08:22:28','2026-06-22 08:22:28'),(1787,13,33,1,'2026-06-22 08:22:28','2026-06-22 08:22:28'),(1788,13,34,1,'2026-06-22 08:22:28','2026-06-22 08:22:28'),(1789,13,35,1,'2026-06-22 08:22:28','2026-06-22 08:22:28'),(1790,13,36,0,'2026-06-22 08:22:28','2026-06-22 08:22:28'),(1791,35,29,1,'2026-06-22 08:22:28','2026-06-22 08:22:28'),(1792,35,30,1,'2026-06-22 08:22:28','2026-06-22 08:22:28'),(1793,35,31,1,'2026-06-22 08:22:28','2026-06-22 08:22:28'),(1794,35,32,1,'2026-06-22 08:22:28','2026-06-22 08:22:28'),(1795,35,33,1,'2026-06-22 08:22:28','2026-06-22 08:22:28'),(1796,35,34,1,'2026-06-22 08:22:28','2026-06-22 08:22:28'),(1797,35,35,1,'2026-06-22 08:22:28','2026-06-22 08:22:28'),(1798,35,36,0,'2026-06-22 08:22:28','2026-06-22 08:22:28'),(1799,57,29,1,'2026-06-22 08:22:28','2026-06-22 08:22:28'),(1800,57,30,1,'2026-06-22 08:22:28','2026-06-22 08:22:28'),(1801,57,31,1,'2026-06-22 08:22:28','2026-06-22 08:22:28'),(1802,57,32,1,'2026-06-22 08:22:28','2026-06-22 08:22:28'),(1803,57,33,1,'2026-06-22 08:22:28','2026-06-22 08:22:28'),(1804,57,34,1,'2026-06-22 08:22:28','2026-06-22 08:22:28'),(1805,57,35,1,'2026-06-22 08:22:28','2026-06-22 08:22:28'),(1806,57,36,0,'2026-06-22 08:22:28','2026-06-22 08:22:28'),(1807,79,29,1,'2026-06-22 08:22:28','2026-06-22 08:22:28'),(1808,79,30,1,'2026-06-22 08:22:28','2026-06-22 08:22:28'),(1809,79,31,1,'2026-06-22 08:22:28','2026-06-22 08:22:28'),(1810,79,32,1,'2026-06-22 08:22:28','2026-06-22 08:22:28'),(1811,79,33,1,'2026-06-22 08:22:28','2026-06-22 08:22:28'),(1812,79,34,1,'2026-06-22 08:22:28','2026-06-22 08:22:28'),(1813,79,35,1,'2026-06-22 08:22:28','2026-06-22 08:22:28'),(1814,79,36,0,'2026-06-22 08:22:28','2026-06-22 08:22:28'),(1815,101,29,1,'2026-06-22 08:22:28','2026-06-22 08:22:28'),(1816,101,30,1,'2026-06-22 08:22:28','2026-06-22 08:22:28'),(1817,101,31,1,'2026-06-22 08:22:28','2026-06-22 08:22:28'),(1818,101,32,1,'2026-06-22 08:22:28','2026-06-22 08:22:28'),(1819,101,33,1,'2026-06-22 08:22:28','2026-06-22 08:22:28'),(1820,101,34,1,'2026-06-22 08:22:28','2026-06-22 08:22:28'),(1821,101,35,1,'2026-06-22 08:22:28','2026-06-22 08:22:28'),(1822,101,36,0,'2026-06-22 08:22:28','2026-06-22 08:22:28'),(1823,123,29,1,'2026-06-22 08:22:28','2026-06-22 08:22:28'),(1824,123,30,1,'2026-06-22 08:22:28','2026-06-22 08:22:28'),(1825,123,31,1,'2026-06-22 08:22:28','2026-06-22 08:22:28'),(1826,123,32,1,'2026-06-22 08:22:28','2026-06-22 08:22:28'),(1827,123,33,1,'2026-06-22 08:22:28','2026-06-22 08:22:28'),(1828,123,34,1,'2026-06-22 08:22:28','2026-06-22 08:22:28'),(1829,123,35,1,'2026-06-22 08:22:28','2026-06-22 08:22:28'),(1830,123,36,0,'2026-06-22 08:22:28','2026-06-22 08:22:28'),(1831,145,29,1,'2026-06-22 08:22:28','2026-06-22 08:22:28'),(1832,145,30,1,'2026-06-22 08:22:28','2026-06-22 08:22:28'),(1833,145,31,1,'2026-06-22 08:22:28','2026-06-22 08:22:28'),(1834,145,32,1,'2026-06-22 08:22:28','2026-06-22 08:22:28'),(1835,145,33,1,'2026-06-22 08:22:28','2026-06-22 08:22:28'),(1836,145,34,1,'2026-06-22 08:22:28','2026-06-22 08:22:28'),(1837,145,35,1,'2026-06-22 08:22:28','2026-06-22 08:22:28'),(1838,145,36,0,'2026-06-22 08:22:28','2026-06-22 08:22:28'),(1839,167,29,1,'2026-06-22 08:22:28','2026-06-22 08:22:28'),(1840,167,30,1,'2026-06-22 08:22:28','2026-06-22 08:22:28'),(1841,167,31,1,'2026-06-22 08:22:28','2026-06-22 08:22:28'),(1842,167,32,1,'2026-06-22 08:22:28','2026-06-22 08:22:28'),(1843,167,33,1,'2026-06-22 08:22:28','2026-06-22 08:22:28'),(1844,167,34,1,'2026-06-22 08:22:28','2026-06-22 08:22:28'),(1845,167,35,1,'2026-06-22 08:22:28','2026-06-22 08:22:28'),(1846,167,36,0,'2026-06-22 08:22:28','2026-06-22 08:22:28'),(1847,189,29,1,'2026-06-22 08:22:28','2026-06-22 08:22:28'),(1848,189,30,1,'2026-06-22 08:22:28','2026-06-22 08:22:28'),(1849,189,31,1,'2026-06-22 08:22:28','2026-06-22 08:22:28'),(1850,189,32,1,'2026-06-22 08:22:28','2026-06-22 08:22:28'),(1851,189,33,1,'2026-06-22 08:22:28','2026-06-22 08:22:28'),(1852,189,34,1,'2026-06-22 08:22:28','2026-06-22 08:22:28'),(1853,189,35,1,'2026-06-22 08:22:28','2026-06-22 08:22:28'),(1854,189,36,0,'2026-06-22 08:22:28','2026-06-22 08:22:28'),(1855,211,29,1,'2026-06-22 08:22:28','2026-06-22 08:22:28'),(1856,211,30,1,'2026-06-22 08:22:28','2026-06-22 08:22:28'),(1857,211,31,1,'2026-06-22 08:22:28','2026-06-22 08:22:28'),(1858,211,32,1,'2026-06-22 08:22:28','2026-06-22 08:22:28'),(1859,211,33,1,'2026-06-22 08:22:28','2026-06-22 08:22:28'),(1860,211,34,1,'2026-06-22 08:22:28','2026-06-22 08:22:28'),(1861,211,35,1,'2026-06-22 08:22:28','2026-06-22 08:22:28'),(1862,211,36,0,'2026-06-22 08:22:28','2026-06-22 08:22:28'),(1863,233,29,1,'2026-06-22 08:22:28','2026-06-22 08:22:28'),(1864,233,30,1,'2026-06-22 08:22:28','2026-06-22 08:22:28'),(1865,233,31,1,'2026-06-22 08:22:28','2026-06-22 08:22:28'),(1866,233,32,1,'2026-06-22 08:22:28','2026-06-22 08:22:28'),(1867,233,33,1,'2026-06-22 08:22:28','2026-06-22 08:22:28'),(1868,233,34,1,'2026-06-22 08:22:28','2026-06-22 08:22:28'),(1869,233,35,1,'2026-06-22 08:22:28','2026-06-22 08:22:28'),(1870,233,36,0,'2026-06-22 08:22:28','2026-06-22 08:22:28'),(1871,255,29,1,'2026-06-22 08:22:28','2026-06-22 08:22:28'),(1872,255,30,1,'2026-06-22 08:22:28','2026-06-22 08:22:28'),(1873,255,31,1,'2026-06-22 08:22:28','2026-06-22 08:22:28'),(1874,255,32,1,'2026-06-22 08:22:28','2026-06-22 08:22:28'),(1875,255,33,1,'2026-06-22 08:22:28','2026-06-22 08:22:28'),(1876,255,34,1,'2026-06-22 08:22:28','2026-06-22 08:22:28'),(1877,255,35,1,'2026-06-22 08:22:28','2026-06-22 08:22:28'),(1878,255,36,0,'2026-06-22 08:22:28','2026-06-22 08:22:28'),(1879,277,29,1,'2026-06-22 08:22:28','2026-06-22 08:22:28'),(1880,277,30,1,'2026-06-22 08:22:28','2026-06-22 08:22:28'),(1881,277,31,1,'2026-06-22 08:22:28','2026-06-22 08:22:28'),(1882,277,32,1,'2026-06-22 08:22:28','2026-06-22 08:22:28'),(1883,277,33,1,'2026-06-22 08:22:28','2026-06-22 08:22:28'),(1884,277,34,1,'2026-06-22 08:22:28','2026-06-22 08:22:28'),(1885,277,35,1,'2026-06-22 08:22:28','2026-06-22 08:22:28'),(1886,277,36,0,'2026-06-22 08:22:28','2026-06-22 08:22:28'),(1887,299,29,1,'2026-06-22 08:22:28','2026-06-22 08:22:28'),(1888,299,30,1,'2026-06-22 08:22:28','2026-06-22 08:22:28'),(1889,299,31,1,'2026-06-22 08:22:28','2026-06-22 08:22:28'),(1890,299,32,1,'2026-06-22 08:22:28','2026-06-22 08:22:28'),(1891,299,33,1,'2026-06-22 08:22:28','2026-06-22 08:22:28'),(1892,299,34,1,'2026-06-22 08:22:28','2026-06-22 08:22:28'),(1893,299,35,1,'2026-06-22 08:22:28','2026-06-22 08:22:28'),(1894,299,36,0,'2026-06-22 08:22:28','2026-06-22 08:22:28'),(1895,321,29,1,'2026-06-22 08:22:28','2026-06-22 08:22:28'),(1896,321,30,1,'2026-06-22 08:22:28','2026-06-22 08:22:28'),(1897,321,31,1,'2026-06-22 08:22:28','2026-06-22 08:22:28'),(1898,321,32,1,'2026-06-22 08:22:28','2026-06-22 08:22:28'),(1899,321,33,1,'2026-06-22 08:22:28','2026-06-22 08:22:28'),(1900,321,34,1,'2026-06-22 08:22:28','2026-06-22 08:22:28'),(1901,321,35,1,'2026-06-22 08:22:28','2026-06-22 08:22:28'),(1902,321,36,0,'2026-06-22 08:22:28','2026-06-22 08:22:28'),(1903,343,29,1,'2026-06-22 08:22:28','2026-06-22 08:22:28'),(1904,343,30,1,'2026-06-22 08:22:28','2026-06-22 08:22:28'),(1905,343,31,1,'2026-06-22 08:22:28','2026-06-22 08:22:28'),(1906,343,32,1,'2026-06-22 08:22:28','2026-06-22 08:22:28'),(1907,343,33,1,'2026-06-22 08:22:28','2026-06-22 08:22:28'),(1908,343,34,1,'2026-06-22 08:22:28','2026-06-22 08:22:28'),(1909,343,35,1,'2026-06-22 08:22:28','2026-06-22 08:22:28'),(1910,343,36,0,'2026-06-22 08:22:28','2026-06-22 08:22:28'),(1911,365,29,1,'2026-06-22 08:22:28','2026-06-22 08:22:28'),(1912,365,30,1,'2026-06-22 08:22:28','2026-06-22 08:22:28'),(1913,365,31,1,'2026-06-22 08:22:28','2026-06-22 08:22:28'),(1914,365,32,1,'2026-06-22 08:22:28','2026-06-22 08:22:28'),(1915,365,33,1,'2026-06-22 08:22:28','2026-06-22 08:22:28'),(1916,365,34,1,'2026-06-22 08:22:28','2026-06-22 08:22:28'),(1917,365,35,1,'2026-06-22 08:22:28','2026-06-22 08:22:28'),(1918,365,36,0,'2026-06-22 08:22:28','2026-06-22 08:22:28'),(1919,387,29,1,'2026-06-22 08:22:28','2026-06-22 08:22:28'),(1920,387,30,1,'2026-06-22 08:22:28','2026-06-22 08:22:28'),(1921,387,31,1,'2026-06-22 08:22:28','2026-06-22 08:22:28'),(1922,387,32,1,'2026-06-22 08:22:28','2026-06-22 08:22:28'),(1923,387,33,1,'2026-06-22 08:22:28','2026-06-22 08:22:28'),(1924,387,34,1,'2026-06-22 08:22:28','2026-06-22 08:22:28'),(1925,387,35,1,'2026-06-22 08:22:28','2026-06-22 08:22:28'),(1926,387,36,0,'2026-06-22 08:22:28','2026-06-22 08:22:28'),(1927,409,29,1,'2026-06-22 08:22:28','2026-06-22 08:22:28'),(1928,409,30,1,'2026-06-22 08:22:28','2026-06-22 08:22:28'),(1929,409,31,1,'2026-06-22 08:22:28','2026-06-22 08:22:28'),(1930,409,32,1,'2026-06-22 08:22:28','2026-06-22 08:22:28'),(1931,409,33,1,'2026-06-22 08:22:28','2026-06-22 08:22:28'),(1932,409,34,1,'2026-06-22 08:22:28','2026-06-22 08:22:28'),(1933,409,35,1,'2026-06-22 08:22:28','2026-06-22 08:22:28'),(1934,409,36,0,'2026-06-22 08:22:28','2026-06-22 08:22:28'),(1935,431,29,1,'2026-06-22 08:22:28','2026-06-22 08:22:28'),(1936,431,30,1,'2026-06-22 08:22:28','2026-06-22 08:22:28'),(1937,431,31,1,'2026-06-22 08:22:28','2026-06-22 08:22:28'),(1938,431,32,1,'2026-06-22 08:22:28','2026-06-22 08:22:28'),(1939,431,33,1,'2026-06-22 08:22:28','2026-06-22 08:22:28'),(1940,431,34,1,'2026-06-22 08:22:28','2026-06-22 08:22:28'),(1941,431,35,1,'2026-06-22 08:22:28','2026-06-22 08:22:28'),(1942,431,36,0,'2026-06-22 08:22:28','2026-06-22 08:22:28'),(1943,453,29,1,'2026-06-22 08:22:28','2026-06-22 08:22:28'),(1944,453,30,1,'2026-06-22 08:22:28','2026-06-22 08:22:28'),(1945,453,31,1,'2026-06-22 08:22:28','2026-06-22 08:22:28'),(1946,453,32,1,'2026-06-22 08:22:28','2026-06-22 08:22:28'),(1947,453,33,1,'2026-06-22 08:22:28','2026-06-22 08:22:28'),(1948,453,34,1,'2026-06-22 08:22:28','2026-06-22 08:22:28'),(1949,453,35,1,'2026-06-22 08:22:28','2026-06-22 08:22:28'),(1950,453,36,0,'2026-06-22 08:22:28','2026-06-22 08:22:28'),(1951,475,29,1,'2026-06-22 08:22:28','2026-06-22 08:22:28'),(1952,475,30,1,'2026-06-22 08:22:28','2026-06-22 08:22:28'),(1953,475,31,1,'2026-06-22 08:22:28','2026-06-22 08:22:28'),(1954,475,32,1,'2026-06-22 08:22:28','2026-06-22 08:22:28'),(1955,475,33,1,'2026-06-22 08:22:28','2026-06-22 08:22:28'),(1956,475,34,1,'2026-06-22 08:22:28','2026-06-22 08:22:28'),(1957,475,35,1,'2026-06-22 08:22:28','2026-06-22 08:22:28'),(1958,475,36,0,'2026-06-22 08:22:28','2026-06-22 08:22:28'),(1959,497,29,1,'2026-06-22 08:22:28','2026-06-22 08:22:28'),(1960,497,30,1,'2026-06-22 08:22:28','2026-06-22 08:22:28'),(1961,497,31,1,'2026-06-22 08:22:28','2026-06-22 08:22:28'),(1962,497,32,1,'2026-06-22 08:22:28','2026-06-22 08:22:28'),(1963,497,33,1,'2026-06-22 08:22:28','2026-06-22 08:22:28'),(1964,497,34,1,'2026-06-22 08:22:28','2026-06-22 08:22:28'),(1965,497,35,1,'2026-06-22 08:22:28','2026-06-22 08:22:28'),(1966,497,36,0,'2026-06-22 08:22:28','2026-06-22 08:22:28'),(1967,519,29,1,'2026-06-22 08:22:28','2026-06-22 08:22:28'),(1968,519,30,1,'2026-06-22 08:22:28','2026-06-22 08:22:28'),(1969,519,31,1,'2026-06-22 08:22:28','2026-06-22 08:22:28'),(1970,519,32,1,'2026-06-22 08:22:28','2026-06-22 08:22:28'),(1971,519,33,1,'2026-06-22 08:22:28','2026-06-22 08:22:28'),(1972,519,34,1,'2026-06-22 08:22:28','2026-06-22 08:22:28'),(1973,519,35,1,'2026-06-22 08:22:28','2026-06-22 08:22:28'),(1974,519,36,0,'2026-06-22 08:22:28','2026-06-22 08:22:28'),(1975,14,1,1,'2026-06-22 08:22:28','2026-06-22 08:22:28'),(1976,14,2,1,'2026-06-22 08:22:28','2026-06-22 08:22:28'),(1977,14,3,1,'2026-06-22 08:22:28','2026-06-22 08:22:28'),(1978,14,4,1,'2026-06-22 08:22:28','2026-06-22 08:22:28'),(1979,14,5,1,'2026-06-22 08:22:28','2026-06-22 08:22:28'),(1980,14,6,1,'2026-06-22 08:22:28','2026-06-22 08:22:28'),(1981,36,1,1,'2026-06-22 08:22:28','2026-06-22 08:22:28'),(1982,36,2,1,'2026-06-22 08:22:28','2026-06-22 08:22:28'),(1983,36,3,1,'2026-06-22 08:22:28','2026-06-22 08:22:28'),(1984,36,4,1,'2026-06-22 08:22:28','2026-06-22 08:22:28'),(1985,36,5,1,'2026-06-22 08:22:28','2026-06-22 08:22:28'),(1986,36,6,1,'2026-06-22 08:22:28','2026-06-22 08:22:28'),(1987,58,1,1,'2026-06-22 08:22:28','2026-06-22 08:22:28'),(1988,58,2,1,'2026-06-22 08:22:28','2026-06-22 08:22:28'),(1989,58,3,1,'2026-06-22 08:22:28','2026-06-22 08:22:28'),(1990,58,4,1,'2026-06-22 08:22:28','2026-06-22 08:22:28'),(1991,58,5,1,'2026-06-22 08:22:28','2026-06-22 08:22:28'),(1992,58,6,1,'2026-06-22 08:22:28','2026-06-22 08:22:28'),(1993,80,1,1,'2026-06-22 08:22:28','2026-06-22 08:22:28'),(1994,80,2,1,'2026-06-22 08:22:28','2026-06-22 08:22:28'),(1995,80,3,1,'2026-06-22 08:22:28','2026-06-22 08:22:28'),(1996,80,4,1,'2026-06-22 08:22:28','2026-06-22 08:22:28'),(1997,80,5,1,'2026-06-22 08:22:28','2026-06-22 08:22:28'),(1998,80,6,1,'2026-06-22 08:22:28','2026-06-22 08:22:28'),(1999,102,1,1,'2026-06-22 08:22:28','2026-06-22 08:22:28'),(2000,102,2,1,'2026-06-22 08:22:28','2026-06-22 08:22:28'),(2001,102,3,1,'2026-06-22 08:22:28','2026-06-22 08:22:28'),(2002,102,4,1,'2026-06-22 08:22:28','2026-06-22 08:22:28'),(2003,102,5,1,'2026-06-22 08:22:28','2026-06-22 08:22:28'),(2004,102,6,1,'2026-06-22 08:22:28','2026-06-22 08:22:28'),(2005,124,1,1,'2026-06-22 08:22:28','2026-06-22 08:22:28'),(2006,124,2,1,'2026-06-22 08:22:28','2026-06-22 08:22:28'),(2007,124,3,1,'2026-06-22 08:22:28','2026-06-22 08:22:28'),(2008,124,4,1,'2026-06-22 08:22:28','2026-06-22 08:22:28'),(2009,124,5,1,'2026-06-22 08:22:28','2026-06-22 08:22:28'),(2010,124,6,1,'2026-06-22 08:22:28','2026-06-22 08:22:28'),(2011,146,1,1,'2026-06-22 08:22:28','2026-06-22 08:22:28'),(2012,146,2,1,'2026-06-22 08:22:28','2026-06-22 08:22:28'),(2013,146,3,1,'2026-06-22 08:22:28','2026-06-22 08:22:28'),(2014,146,4,1,'2026-06-22 08:22:28','2026-06-22 08:22:28'),(2015,146,5,1,'2026-06-22 08:22:28','2026-06-22 08:22:28'),(2016,146,6,1,'2026-06-22 08:22:28','2026-06-22 08:22:28'),(2017,168,1,1,'2026-06-22 08:22:28','2026-06-22 08:22:28'),(2018,168,2,1,'2026-06-22 08:22:28','2026-06-22 08:22:28'),(2019,168,3,1,'2026-06-22 08:22:28','2026-06-22 08:22:28'),(2020,168,4,1,'2026-06-22 08:22:28','2026-06-22 08:22:28'),(2021,168,5,1,'2026-06-22 08:22:28','2026-06-22 08:22:28'),(2022,168,6,1,'2026-06-22 08:22:28','2026-06-22 08:22:28'),(2023,190,1,1,'2026-06-22 08:22:28','2026-06-22 08:22:28'),(2024,190,2,1,'2026-06-22 08:22:28','2026-06-22 08:22:28'),(2025,190,3,1,'2026-06-22 08:22:28','2026-06-22 08:22:28'),(2026,190,4,1,'2026-06-22 08:22:28','2026-06-22 08:22:28'),(2027,190,5,1,'2026-06-22 08:22:28','2026-06-22 08:22:28'),(2028,190,6,1,'2026-06-22 08:22:28','2026-06-22 08:22:28'),(2029,212,1,1,'2026-06-22 08:22:28','2026-06-22 08:22:28'),(2030,212,2,1,'2026-06-22 08:22:28','2026-06-22 08:22:28'),(2031,212,3,1,'2026-06-22 08:22:28','2026-06-22 08:22:28'),(2032,212,4,1,'2026-06-22 08:22:28','2026-06-22 08:22:28'),(2033,212,5,1,'2026-06-22 08:22:28','2026-06-22 08:22:28'),(2034,212,6,1,'2026-06-22 08:22:28','2026-06-22 08:22:28'),(2035,234,1,1,'2026-06-22 08:22:28','2026-06-22 08:22:28'),(2036,234,2,1,'2026-06-22 08:22:28','2026-06-22 08:22:28'),(2037,234,3,1,'2026-06-22 08:22:28','2026-06-22 08:22:28'),(2038,234,4,1,'2026-06-22 08:22:28','2026-06-22 08:22:28'),(2039,234,5,1,'2026-06-22 08:22:28','2026-06-22 08:22:28'),(2040,234,6,1,'2026-06-22 08:22:28','2026-06-22 08:22:28'),(2041,256,1,1,'2026-06-22 08:22:28','2026-06-22 08:22:28'),(2042,256,2,1,'2026-06-22 08:22:28','2026-06-22 08:22:28'),(2043,256,3,1,'2026-06-22 08:22:28','2026-06-22 08:22:28'),(2044,256,4,1,'2026-06-22 08:22:28','2026-06-22 08:22:28'),(2045,256,5,1,'2026-06-22 08:22:28','2026-06-22 08:22:28'),(2046,256,6,1,'2026-06-22 08:22:28','2026-06-22 08:22:28'),(2047,278,1,1,'2026-06-22 08:22:28','2026-06-22 08:22:28'),(2048,278,2,1,'2026-06-22 08:22:28','2026-06-22 08:22:28'),(2049,278,3,1,'2026-06-22 08:22:28','2026-06-22 08:22:28'),(2050,278,4,1,'2026-06-22 08:22:28','2026-06-22 08:22:28'),(2051,278,5,1,'2026-06-22 08:22:28','2026-06-22 08:22:28'),(2052,278,6,1,'2026-06-22 08:22:28','2026-06-22 08:22:28'),(2053,300,1,1,'2026-06-22 08:22:28','2026-06-22 08:22:28'),(2054,300,2,1,'2026-06-22 08:22:28','2026-06-22 08:22:28'),(2055,300,3,1,'2026-06-22 08:22:28','2026-06-22 08:22:28'),(2056,300,4,1,'2026-06-22 08:22:28','2026-06-22 08:22:28'),(2057,300,5,1,'2026-06-22 08:22:28','2026-06-22 08:22:28'),(2058,300,6,1,'2026-06-22 08:22:28','2026-06-22 08:22:28'),(2059,322,1,1,'2026-06-22 08:22:28','2026-06-22 08:22:28'),(2060,322,2,1,'2026-06-22 08:22:28','2026-06-22 08:22:28'),(2061,322,3,1,'2026-06-22 08:22:28','2026-06-22 08:22:28'),(2062,322,4,1,'2026-06-22 08:22:28','2026-06-22 08:22:28'),(2063,322,5,1,'2026-06-22 08:22:28','2026-06-22 08:22:28'),(2064,322,6,1,'2026-06-22 08:22:28','2026-06-22 08:22:28'),(2065,344,1,1,'2026-06-22 08:22:28','2026-06-22 08:22:28'),(2066,344,2,1,'2026-06-22 08:22:28','2026-06-22 08:22:28'),(2067,344,3,1,'2026-06-22 08:22:28','2026-06-22 08:22:28'),(2068,344,4,1,'2026-06-22 08:22:28','2026-06-22 08:22:28'),(2069,344,5,1,'2026-06-22 08:22:28','2026-06-22 08:22:28'),(2070,344,6,1,'2026-06-22 08:22:28','2026-06-22 08:22:28'),(2071,366,1,1,'2026-06-22 08:22:28','2026-06-22 08:22:28'),(2072,366,2,1,'2026-06-22 08:22:28','2026-06-22 08:22:28'),(2073,366,3,1,'2026-06-22 08:22:28','2026-06-22 08:22:28'),(2074,366,4,1,'2026-06-22 08:22:28','2026-06-22 08:22:28'),(2075,366,5,1,'2026-06-22 08:22:28','2026-06-22 08:22:28'),(2076,366,6,1,'2026-06-22 08:22:28','2026-06-22 08:22:28'),(2077,388,1,1,'2026-06-22 08:22:28','2026-06-22 08:22:28'),(2078,388,2,1,'2026-06-22 08:22:28','2026-06-22 08:22:28'),(2079,388,3,1,'2026-06-22 08:22:28','2026-06-22 08:22:28'),(2080,388,4,1,'2026-06-22 08:22:28','2026-06-22 08:22:28'),(2081,388,5,1,'2026-06-22 08:22:28','2026-06-22 08:22:28'),(2082,388,6,1,'2026-06-22 08:22:28','2026-06-22 08:22:28'),(2083,410,1,1,'2026-06-22 08:22:28','2026-06-22 08:22:28'),(2084,410,2,1,'2026-06-22 08:22:28','2026-06-22 08:22:28'),(2085,410,3,1,'2026-06-22 08:22:28','2026-06-22 08:22:28'),(2086,410,4,1,'2026-06-22 08:22:28','2026-06-22 08:22:28'),(2087,410,5,1,'2026-06-22 08:22:28','2026-06-22 08:22:28'),(2088,410,6,1,'2026-06-22 08:22:28','2026-06-22 08:22:28'),(2089,432,1,1,'2026-06-22 08:22:28','2026-06-22 08:22:28'),(2090,432,2,1,'2026-06-22 08:22:28','2026-06-22 08:22:28'),(2091,432,3,1,'2026-06-22 08:22:28','2026-06-22 08:22:28'),(2092,432,4,1,'2026-06-22 08:22:28','2026-06-22 08:22:28'),(2093,432,5,1,'2026-06-22 08:22:28','2026-06-22 08:22:28'),(2094,432,6,1,'2026-06-22 08:22:28','2026-06-22 08:22:28'),(2095,454,1,1,'2026-06-22 08:22:28','2026-06-22 08:22:28'),(2096,454,2,1,'2026-06-22 08:22:28','2026-06-22 08:22:28'),(2097,454,3,1,'2026-06-22 08:22:28','2026-06-22 08:22:28'),(2098,454,4,1,'2026-06-22 08:22:28','2026-06-22 08:22:28'),(2099,454,5,1,'2026-06-22 08:22:28','2026-06-22 08:22:28'),(2100,454,6,1,'2026-06-22 08:22:28','2026-06-22 08:22:28'),(2101,476,1,1,'2026-06-22 08:22:28','2026-06-22 08:22:28'),(2102,476,2,1,'2026-06-22 08:22:28','2026-06-22 08:22:28'),(2103,476,3,1,'2026-06-22 08:22:28','2026-06-22 08:22:28'),(2104,476,4,1,'2026-06-22 08:22:28','2026-06-22 08:22:28'),(2105,476,5,1,'2026-06-22 08:22:28','2026-06-22 08:22:28'),(2106,476,6,1,'2026-06-22 08:22:28','2026-06-22 08:22:28'),(2107,498,1,1,'2026-06-22 08:22:28','2026-06-22 08:22:28'),(2108,498,2,1,'2026-06-22 08:22:28','2026-06-22 08:22:28'),(2109,498,3,1,'2026-06-22 08:22:28','2026-06-22 08:22:28'),(2110,498,4,1,'2026-06-22 08:22:28','2026-06-22 08:22:28'),(2111,498,5,1,'2026-06-22 08:22:28','2026-06-22 08:22:28'),(2112,498,6,1,'2026-06-22 08:22:28','2026-06-22 08:22:28'),(2113,520,1,1,'2026-06-22 08:22:28','2026-06-22 08:22:28'),(2114,520,2,1,'2026-06-22 08:22:28','2026-06-22 08:22:28'),(2115,520,3,1,'2026-06-22 08:22:28','2026-06-22 08:22:28'),(2116,520,4,1,'2026-06-22 08:22:28','2026-06-22 08:22:28'),(2117,520,5,1,'2026-06-22 08:22:28','2026-06-22 08:22:28'),(2118,520,6,1,'2026-06-22 08:22:28','2026-06-22 08:22:28'),(2119,15,13,1,'2026-06-22 08:22:28','2026-06-22 08:22:28'),(2120,15,14,1,'2026-06-22 08:22:28','2026-06-22 08:22:28'),(2121,15,15,1,'2026-06-22 08:22:28','2026-06-22 08:22:28'),(2122,15,16,1,'2026-06-22 08:22:28','2026-06-22 08:22:28'),(2123,15,17,1,'2026-06-22 08:22:28','2026-06-22 08:22:28'),(2124,15,18,1,'2026-06-22 08:22:28','2026-06-22 08:22:28'),(2125,15,19,1,'2026-06-22 08:22:28','2026-06-22 08:22:28'),(2126,15,20,1,'2026-06-22 08:22:28','2026-06-22 08:22:28'),(2127,37,13,1,'2026-06-22 08:22:28','2026-06-22 08:22:28'),(2128,37,14,1,'2026-06-22 08:22:28','2026-06-22 08:22:28'),(2129,37,15,1,'2026-06-22 08:22:28','2026-06-22 08:22:28'),(2130,37,16,1,'2026-06-22 08:22:28','2026-06-22 08:22:28'),(2131,37,17,1,'2026-06-22 08:22:28','2026-06-22 08:22:28'),(2132,37,18,1,'2026-06-22 08:22:28','2026-06-22 08:22:28'),(2133,37,19,1,'2026-06-22 08:22:28','2026-06-22 08:22:28'),(2134,37,20,1,'2026-06-22 08:22:28','2026-06-22 08:22:28'),(2135,59,13,1,'2026-06-22 08:22:28','2026-06-22 08:22:28'),(2136,59,14,1,'2026-06-22 08:22:28','2026-06-22 08:22:28'),(2137,59,15,1,'2026-06-22 08:22:28','2026-06-22 08:22:28'),(2138,59,16,1,'2026-06-22 08:22:28','2026-06-22 08:22:28'),(2139,59,17,1,'2026-06-22 08:22:28','2026-06-22 08:22:28'),(2140,59,18,1,'2026-06-22 08:22:28','2026-06-22 08:22:28'),(2141,59,19,1,'2026-06-22 08:22:28','2026-06-22 08:22:28'),(2142,59,20,1,'2026-06-22 08:22:28','2026-06-22 08:22:28'),(2143,81,13,1,'2026-06-22 08:22:28','2026-06-22 08:22:28'),(2144,81,14,1,'2026-06-22 08:22:28','2026-06-22 08:22:28'),(2145,81,15,1,'2026-06-22 08:22:28','2026-06-22 08:22:28'),(2146,81,16,1,'2026-06-22 08:22:28','2026-06-22 08:22:28'),(2147,81,17,1,'2026-06-22 08:22:28','2026-06-22 08:22:28'),(2148,81,18,1,'2026-06-22 08:22:28','2026-06-22 08:22:28'),(2149,81,19,1,'2026-06-22 08:22:28','2026-06-22 08:22:28'),(2150,81,20,1,'2026-06-22 08:22:28','2026-06-22 08:22:28'),(2151,103,13,1,'2026-06-22 08:22:28','2026-06-22 08:22:28'),(2152,103,14,1,'2026-06-22 08:22:28','2026-06-22 08:22:28'),(2153,103,15,1,'2026-06-22 08:22:28','2026-06-22 08:22:28'),(2154,103,16,1,'2026-06-22 08:22:28','2026-06-22 08:22:28'),(2155,103,17,1,'2026-06-22 08:22:28','2026-06-22 08:22:28'),(2156,103,18,1,'2026-06-22 08:22:28','2026-06-22 08:22:28'),(2157,103,19,1,'2026-06-22 08:22:28','2026-06-22 08:22:28'),(2158,103,20,1,'2026-06-22 08:22:28','2026-06-22 08:22:28'),(2159,125,13,1,'2026-06-22 08:22:28','2026-06-22 08:22:28'),(2160,125,14,1,'2026-06-22 08:22:28','2026-06-22 08:22:28'),(2161,125,15,1,'2026-06-22 08:22:28','2026-06-22 08:22:28'),(2162,125,16,1,'2026-06-22 08:22:28','2026-06-22 08:22:28'),(2163,125,17,1,'2026-06-22 08:22:28','2026-06-22 08:22:28'),(2164,125,18,1,'2026-06-22 08:22:28','2026-06-22 08:22:28'),(2165,125,19,1,'2026-06-22 08:22:28','2026-06-22 08:22:28'),(2166,125,20,1,'2026-06-22 08:22:28','2026-06-22 08:22:28'),(2167,147,13,1,'2026-06-22 08:22:28','2026-06-22 08:22:28'),(2168,147,14,1,'2026-06-22 08:22:28','2026-06-22 08:22:28'),(2169,147,15,1,'2026-06-22 08:22:28','2026-06-22 08:22:28'),(2170,147,16,1,'2026-06-22 08:22:28','2026-06-22 08:22:28'),(2171,147,17,1,'2026-06-22 08:22:28','2026-06-22 08:22:28'),(2172,147,18,1,'2026-06-22 08:22:28','2026-06-22 08:22:28'),(2173,147,19,1,'2026-06-22 08:22:28','2026-06-22 08:22:28'),(2174,147,20,1,'2026-06-22 08:22:28','2026-06-22 08:22:28'),(2175,169,13,1,'2026-06-22 08:22:28','2026-06-22 08:22:28'),(2176,169,14,1,'2026-06-22 08:22:28','2026-06-22 08:22:28'),(2177,169,15,1,'2026-06-22 08:22:28','2026-06-22 08:22:28'),(2178,169,16,1,'2026-06-22 08:22:28','2026-06-22 08:22:28'),(2179,169,17,1,'2026-06-22 08:22:28','2026-06-22 08:22:28'),(2180,169,18,1,'2026-06-22 08:22:28','2026-06-22 08:22:28'),(2181,169,19,1,'2026-06-22 08:22:28','2026-06-22 08:22:28'),(2182,169,20,1,'2026-06-22 08:22:28','2026-06-22 08:22:28'),(2183,191,13,1,'2026-06-22 08:22:28','2026-06-22 08:22:28'),(2184,191,14,1,'2026-06-22 08:22:28','2026-06-22 08:22:28'),(2185,191,15,1,'2026-06-22 08:22:28','2026-06-22 08:22:28'),(2186,191,16,1,'2026-06-22 08:22:28','2026-06-22 08:22:28'),(2187,191,17,1,'2026-06-22 08:22:28','2026-06-22 08:22:28'),(2188,191,18,1,'2026-06-22 08:22:28','2026-06-22 08:22:28'),(2189,191,19,1,'2026-06-22 08:22:28','2026-06-22 08:22:28'),(2190,191,20,1,'2026-06-22 08:22:28','2026-06-22 08:22:28'),(2191,213,13,1,'2026-06-22 08:22:28','2026-06-22 08:22:28'),(2192,213,14,1,'2026-06-22 08:22:28','2026-06-22 08:22:28'),(2193,213,15,1,'2026-06-22 08:22:28','2026-06-22 08:22:28'),(2194,213,16,1,'2026-06-22 08:22:28','2026-06-22 08:22:28'),(2195,213,17,1,'2026-06-22 08:22:28','2026-06-22 08:22:28'),(2196,213,18,1,'2026-06-22 08:22:28','2026-06-22 08:22:28'),(2197,213,19,1,'2026-06-22 08:22:28','2026-06-22 08:22:28'),(2198,213,20,1,'2026-06-22 08:22:28','2026-06-22 08:22:28'),(2199,235,13,1,'2026-06-22 08:22:28','2026-06-22 08:22:28'),(2200,235,14,1,'2026-06-22 08:22:28','2026-06-22 08:22:28'),(2201,235,15,1,'2026-06-22 08:22:28','2026-06-22 08:22:28'),(2202,235,16,1,'2026-06-22 08:22:28','2026-06-22 08:22:28'),(2203,235,17,1,'2026-06-22 08:22:28','2026-06-22 08:22:28'),(2204,235,18,1,'2026-06-22 08:22:28','2026-06-22 08:22:28'),(2205,235,19,1,'2026-06-22 08:22:28','2026-06-22 08:22:28'),(2206,235,20,1,'2026-06-22 08:22:28','2026-06-22 08:22:28'),(2207,257,13,1,'2026-06-22 08:22:28','2026-06-22 08:22:28'),(2208,257,14,1,'2026-06-22 08:22:28','2026-06-22 08:22:28'),(2209,257,15,1,'2026-06-22 08:22:28','2026-06-22 08:22:28'),(2210,257,16,1,'2026-06-22 08:22:28','2026-06-22 08:22:28'),(2211,257,17,1,'2026-06-22 08:22:28','2026-06-22 08:22:28'),(2212,257,18,1,'2026-06-22 08:22:28','2026-06-22 08:22:28'),(2213,257,19,1,'2026-06-22 08:22:28','2026-06-22 08:22:28'),(2214,257,20,1,'2026-06-22 08:22:28','2026-06-22 08:22:28'),(2215,279,13,1,'2026-06-22 08:22:28','2026-06-22 08:22:28'),(2216,279,14,1,'2026-06-22 08:22:28','2026-06-22 08:22:28'),(2217,279,15,1,'2026-06-22 08:22:28','2026-06-22 08:22:28'),(2218,279,16,1,'2026-06-22 08:22:28','2026-06-22 08:22:28'),(2219,279,17,1,'2026-06-22 08:22:28','2026-06-22 08:22:28'),(2220,279,18,1,'2026-06-22 08:22:28','2026-06-22 08:22:28'),(2221,279,19,1,'2026-06-22 08:22:28','2026-06-22 08:22:28'),(2222,279,20,1,'2026-06-22 08:22:28','2026-06-22 08:22:28'),(2223,301,13,1,'2026-06-22 08:22:28','2026-06-22 08:22:28'),(2224,301,14,1,'2026-06-22 08:22:28','2026-06-22 08:22:28'),(2225,301,15,1,'2026-06-22 08:22:28','2026-06-22 08:22:28'),(2226,301,16,1,'2026-06-22 08:22:28','2026-06-22 08:22:28'),(2227,301,17,1,'2026-06-22 08:22:28','2026-06-22 08:22:28'),(2228,301,18,1,'2026-06-22 08:22:28','2026-06-22 08:22:28'),(2229,301,19,1,'2026-06-22 08:22:28','2026-06-22 08:22:28'),(2230,301,20,1,'2026-06-22 08:22:28','2026-06-22 08:22:28'),(2231,323,13,1,'2026-06-22 08:22:28','2026-06-22 08:22:28'),(2232,323,14,1,'2026-06-22 08:22:28','2026-06-22 08:22:28'),(2233,323,15,1,'2026-06-22 08:22:28','2026-06-22 08:22:28'),(2234,323,16,1,'2026-06-22 08:22:28','2026-06-22 08:22:28'),(2235,323,17,1,'2026-06-22 08:22:28','2026-06-22 08:22:28'),(2236,323,18,1,'2026-06-22 08:22:28','2026-06-22 08:22:28'),(2237,323,19,1,'2026-06-22 08:22:28','2026-06-22 08:22:28'),(2238,323,20,1,'2026-06-22 08:22:28','2026-06-22 08:22:28'),(2239,345,13,1,'2026-06-22 08:22:28','2026-06-22 08:22:28'),(2240,345,14,1,'2026-06-22 08:22:28','2026-06-22 08:22:28'),(2241,345,15,1,'2026-06-22 08:22:28','2026-06-22 08:22:28'),(2242,345,16,1,'2026-06-22 08:22:28','2026-06-22 08:22:28'),(2243,345,17,1,'2026-06-22 08:22:28','2026-06-22 08:22:28'),(2244,345,18,1,'2026-06-22 08:22:28','2026-06-22 08:22:28'),(2245,345,19,1,'2026-06-22 08:22:28','2026-06-22 08:22:28'),(2246,345,20,1,'2026-06-22 08:22:28','2026-06-22 08:22:28'),(2247,367,13,1,'2026-06-22 08:22:28','2026-06-22 08:22:28'),(2248,367,14,1,'2026-06-22 08:22:28','2026-06-22 08:22:28'),(2249,367,15,1,'2026-06-22 08:22:28','2026-06-22 08:22:28'),(2250,367,16,1,'2026-06-22 08:22:28','2026-06-22 08:22:28'),(2251,367,17,1,'2026-06-22 08:22:28','2026-06-22 08:22:28'),(2252,367,18,1,'2026-06-22 08:22:28','2026-06-22 08:22:28'),(2253,367,19,1,'2026-06-22 08:22:28','2026-06-22 08:22:28'),(2254,367,20,1,'2026-06-22 08:22:28','2026-06-22 08:22:28'),(2255,389,13,1,'2026-06-22 08:22:28','2026-06-22 08:22:28'),(2256,389,14,1,'2026-06-22 08:22:28','2026-06-22 08:22:28'),(2257,389,15,1,'2026-06-22 08:22:28','2026-06-22 08:22:28'),(2258,389,16,1,'2026-06-22 08:22:28','2026-06-22 08:22:28'),(2259,389,17,1,'2026-06-22 08:22:28','2026-06-22 08:22:28'),(2260,389,18,1,'2026-06-22 08:22:28','2026-06-22 08:22:28'),(2261,389,19,1,'2026-06-22 08:22:28','2026-06-22 08:22:28'),(2262,389,20,1,'2026-06-22 08:22:28','2026-06-22 08:22:28'),(2263,411,13,1,'2026-06-22 08:22:28','2026-06-22 08:22:28'),(2264,411,14,1,'2026-06-22 08:22:28','2026-06-22 08:22:28'),(2265,411,15,1,'2026-06-22 08:22:28','2026-06-22 08:22:28'),(2266,411,16,1,'2026-06-22 08:22:28','2026-06-22 08:22:28'),(2267,411,17,1,'2026-06-22 08:22:28','2026-06-22 08:22:28'),(2268,411,18,1,'2026-06-22 08:22:28','2026-06-22 08:22:28'),(2269,411,19,1,'2026-06-22 08:22:28','2026-06-22 08:22:28'),(2270,411,20,1,'2026-06-22 08:22:28','2026-06-22 08:22:28'),(2271,433,13,1,'2026-06-22 08:22:28','2026-06-22 08:22:28'),(2272,433,14,1,'2026-06-22 08:22:28','2026-06-22 08:22:28'),(2273,433,15,1,'2026-06-22 08:22:28','2026-06-22 08:22:28'),(2274,433,16,1,'2026-06-22 08:22:28','2026-06-22 08:22:28'),(2275,433,17,1,'2026-06-22 08:22:28','2026-06-22 08:22:28'),(2276,433,18,1,'2026-06-22 08:22:28','2026-06-22 08:22:28'),(2277,433,19,1,'2026-06-22 08:22:28','2026-06-22 08:22:28'),(2278,433,20,1,'2026-06-22 08:22:28','2026-06-22 08:22:28'),(2279,455,13,1,'2026-06-22 08:22:28','2026-06-22 08:22:28'),(2280,455,14,1,'2026-06-22 08:22:28','2026-06-22 08:22:28'),(2281,455,15,1,'2026-06-22 08:22:28','2026-06-22 08:22:28'),(2282,455,16,1,'2026-06-22 08:22:28','2026-06-22 08:22:28'),(2283,455,17,1,'2026-06-22 08:22:28','2026-06-22 08:22:28'),(2284,455,18,1,'2026-06-22 08:22:28','2026-06-22 08:22:28'),(2285,455,19,1,'2026-06-22 08:22:28','2026-06-22 08:22:28'),(2286,455,20,1,'2026-06-22 08:22:28','2026-06-22 08:22:28'),(2287,477,13,1,'2026-06-22 08:22:28','2026-06-22 08:22:28'),(2288,477,14,1,'2026-06-22 08:22:28','2026-06-22 08:22:28'),(2289,477,15,1,'2026-06-22 08:22:28','2026-06-22 08:22:28'),(2290,477,16,1,'2026-06-22 08:22:28','2026-06-22 08:22:28'),(2291,477,17,1,'2026-06-22 08:22:28','2026-06-22 08:22:28'),(2292,477,18,1,'2026-06-22 08:22:28','2026-06-22 08:22:28'),(2293,477,19,1,'2026-06-22 08:22:28','2026-06-22 08:22:28'),(2294,477,20,1,'2026-06-22 08:22:28','2026-06-22 08:22:28'),(2295,499,13,1,'2026-06-22 08:22:28','2026-06-22 08:22:28'),(2296,499,14,1,'2026-06-22 08:22:28','2026-06-22 08:22:28'),(2297,499,15,1,'2026-06-22 08:22:28','2026-06-22 08:22:28'),(2298,499,16,1,'2026-06-22 08:22:28','2026-06-22 08:22:28'),(2299,499,17,1,'2026-06-22 08:22:28','2026-06-22 08:22:28'),(2300,499,18,1,'2026-06-22 08:22:28','2026-06-22 08:22:28'),(2301,499,19,1,'2026-06-22 08:22:28','2026-06-22 08:22:28'),(2302,499,20,1,'2026-06-22 08:22:28','2026-06-22 08:22:28'),(2303,521,13,1,'2026-06-22 08:22:28','2026-06-22 08:22:28'),(2304,521,14,1,'2026-06-22 08:22:28','2026-06-22 08:22:28'),(2305,521,15,1,'2026-06-22 08:22:28','2026-06-22 08:22:28'),(2306,521,16,1,'2026-06-22 08:22:28','2026-06-22 08:22:28'),(2307,521,17,1,'2026-06-22 08:22:28','2026-06-22 08:22:28'),(2308,521,18,1,'2026-06-22 08:22:28','2026-06-22 08:22:28'),(2309,521,19,1,'2026-06-22 08:22:28','2026-06-22 08:22:28'),(2310,521,20,1,'2026-06-22 08:22:28','2026-06-22 08:22:28'),(2311,16,7,1,'2026-06-22 08:22:28','2026-06-22 08:22:28'),(2312,16,8,1,'2026-06-22 08:22:28','2026-06-22 08:22:28'),(2313,16,9,1,'2026-06-22 08:22:28','2026-06-22 08:22:28'),(2314,16,10,1,'2026-06-22 08:22:28','2026-06-22 08:22:28'),(2315,16,11,1,'2026-06-22 08:22:28','2026-06-22 08:22:28'),(2316,38,7,1,'2026-06-22 08:22:28','2026-06-22 08:22:28'),(2317,38,8,1,'2026-06-22 08:22:28','2026-06-22 08:22:28'),(2318,38,9,1,'2026-06-22 08:22:28','2026-06-22 08:22:28'),(2319,38,10,1,'2026-06-22 08:22:28','2026-06-22 08:22:28'),(2320,38,11,1,'2026-06-22 08:22:28','2026-06-22 08:22:28'),(2321,60,7,1,'2026-06-22 08:22:28','2026-06-22 08:22:28'),(2322,60,8,1,'2026-06-22 08:22:28','2026-06-22 08:22:28'),(2323,60,9,1,'2026-06-22 08:22:28','2026-06-22 08:22:28'),(2324,60,10,1,'2026-06-22 08:22:28','2026-06-22 08:22:28'),(2325,60,11,1,'2026-06-22 08:22:28','2026-06-22 08:22:28'),(2326,82,7,1,'2026-06-22 08:22:28','2026-06-22 08:22:28'),(2327,82,8,1,'2026-06-22 08:22:28','2026-06-22 08:22:28'),(2328,82,9,1,'2026-06-22 08:22:28','2026-06-22 08:22:28'),(2329,82,10,1,'2026-06-22 08:22:28','2026-06-22 08:22:28'),(2330,82,11,1,'2026-06-22 08:22:28','2026-06-22 08:22:28'),(2331,104,7,1,'2026-06-22 08:22:28','2026-06-22 08:22:28'),(2332,104,8,1,'2026-06-22 08:22:28','2026-06-22 08:22:28'),(2333,104,9,1,'2026-06-22 08:22:28','2026-06-22 08:22:28'),(2334,104,10,1,'2026-06-22 08:22:28','2026-06-22 08:22:28'),(2335,104,11,1,'2026-06-22 08:22:28','2026-06-22 08:22:28'),(2336,126,7,1,'2026-06-22 08:22:28','2026-06-22 08:22:28'),(2337,126,8,1,'2026-06-22 08:22:28','2026-06-22 08:22:28'),(2338,126,9,1,'2026-06-22 08:22:28','2026-06-22 08:22:28'),(2339,126,10,1,'2026-06-22 08:22:28','2026-06-22 08:22:28'),(2340,126,11,1,'2026-06-22 08:22:28','2026-06-22 08:22:28'),(2341,148,7,1,'2026-06-22 08:22:28','2026-06-22 08:22:28'),(2342,148,8,1,'2026-06-22 08:22:28','2026-06-22 08:22:28'),(2343,148,9,1,'2026-06-22 08:22:28','2026-06-22 08:22:28'),(2344,148,10,1,'2026-06-22 08:22:28','2026-06-22 08:22:28'),(2345,148,11,1,'2026-06-22 08:22:28','2026-06-22 08:22:28'),(2346,170,7,1,'2026-06-22 08:22:28','2026-06-22 08:22:28'),(2347,170,8,1,'2026-06-22 08:22:28','2026-06-22 08:22:28'),(2348,170,9,1,'2026-06-22 08:22:28','2026-06-22 08:22:28'),(2349,170,10,1,'2026-06-22 08:22:28','2026-06-22 08:22:28'),(2350,170,11,1,'2026-06-22 08:22:28','2026-06-22 08:22:28'),(2351,192,7,1,'2026-06-22 08:22:28','2026-06-22 08:22:28'),(2352,192,8,1,'2026-06-22 08:22:28','2026-06-22 08:22:28'),(2353,192,9,1,'2026-06-22 08:22:28','2026-06-22 08:22:28'),(2354,192,10,1,'2026-06-22 08:22:28','2026-06-22 08:22:28'),(2355,192,11,1,'2026-06-22 08:22:28','2026-06-22 08:22:28'),(2356,214,7,1,'2026-06-22 08:22:28','2026-06-22 08:22:28'),(2357,214,8,1,'2026-06-22 08:22:28','2026-06-22 08:22:28'),(2358,214,9,1,'2026-06-22 08:22:28','2026-06-22 08:22:28'),(2359,214,10,1,'2026-06-22 08:22:28','2026-06-22 08:22:28'),(2360,214,11,1,'2026-06-22 08:22:28','2026-06-22 08:22:28'),(2361,236,7,1,'2026-06-22 08:22:28','2026-06-22 08:22:28'),(2362,236,8,1,'2026-06-22 08:22:28','2026-06-22 08:22:28'),(2363,236,9,1,'2026-06-22 08:22:28','2026-06-22 08:22:28'),(2364,236,10,1,'2026-06-22 08:22:28','2026-06-22 08:22:28'),(2365,236,11,1,'2026-06-22 08:22:28','2026-06-22 08:22:28'),(2366,258,7,1,'2026-06-22 08:22:28','2026-06-22 08:22:28'),(2367,258,8,1,'2026-06-22 08:22:28','2026-06-22 08:22:28'),(2368,258,9,1,'2026-06-22 08:22:28','2026-06-22 08:22:28'),(2369,258,10,1,'2026-06-22 08:22:28','2026-06-22 08:22:28'),(2370,258,11,1,'2026-06-22 08:22:28','2026-06-22 08:22:28'),(2371,280,7,1,'2026-06-22 08:22:28','2026-06-22 08:22:28'),(2372,280,8,1,'2026-06-22 08:22:28','2026-06-22 08:22:28'),(2373,280,9,1,'2026-06-22 08:22:28','2026-06-22 08:22:28'),(2374,280,10,1,'2026-06-22 08:22:28','2026-06-22 08:22:28'),(2375,280,11,1,'2026-06-22 08:22:28','2026-06-22 08:22:28'),(2376,302,7,1,'2026-06-22 08:22:28','2026-06-22 08:22:28'),(2377,302,8,1,'2026-06-22 08:22:28','2026-06-22 08:22:28'),(2378,302,9,1,'2026-06-22 08:22:28','2026-06-22 08:22:28'),(2379,302,10,1,'2026-06-22 08:22:28','2026-06-22 08:22:28'),(2380,302,11,1,'2026-06-22 08:22:28','2026-06-22 08:22:28'),(2381,324,7,1,'2026-06-22 08:22:28','2026-06-22 08:22:28'),(2382,324,8,1,'2026-06-22 08:22:28','2026-06-22 08:22:28'),(2383,324,9,1,'2026-06-22 08:22:28','2026-06-22 08:22:28'),(2384,324,10,1,'2026-06-22 08:22:28','2026-06-22 08:22:28'),(2385,324,11,1,'2026-06-22 08:22:28','2026-06-22 08:22:28'),(2386,346,7,1,'2026-06-22 08:22:28','2026-06-22 08:22:28'),(2387,346,8,1,'2026-06-22 08:22:28','2026-06-22 08:22:28'),(2388,346,9,1,'2026-06-22 08:22:28','2026-06-22 08:22:28'),(2389,346,10,1,'2026-06-22 08:22:28','2026-06-22 08:22:28'),(2390,346,11,1,'2026-06-22 08:22:28','2026-06-22 08:22:28'),(2391,368,7,1,'2026-06-22 08:22:28','2026-06-22 08:22:28'),(2392,368,8,1,'2026-06-22 08:22:28','2026-06-22 08:22:28'),(2393,368,9,1,'2026-06-22 08:22:28','2026-06-22 08:22:28'),(2394,368,10,1,'2026-06-22 08:22:28','2026-06-22 08:22:28'),(2395,368,11,1,'2026-06-22 08:22:28','2026-06-22 08:22:28'),(2396,390,7,1,'2026-06-22 08:22:28','2026-06-22 08:22:28'),(2397,390,8,1,'2026-06-22 08:22:28','2026-06-22 08:22:28'),(2398,390,9,1,'2026-06-22 08:22:28','2026-06-22 08:22:28'),(2399,390,10,1,'2026-06-22 08:22:28','2026-06-22 08:22:28'),(2400,390,11,1,'2026-06-22 08:22:28','2026-06-22 08:22:28'),(2401,412,7,1,'2026-06-22 08:22:28','2026-06-22 08:22:28'),(2402,412,8,1,'2026-06-22 08:22:28','2026-06-22 08:22:28'),(2403,412,9,1,'2026-06-22 08:22:28','2026-06-22 08:22:28'),(2404,412,10,1,'2026-06-22 08:22:28','2026-06-22 08:22:28'),(2405,412,11,1,'2026-06-22 08:22:28','2026-06-22 08:22:28'),(2406,434,7,1,'2026-06-22 08:22:28','2026-06-22 08:22:28'),(2407,434,8,1,'2026-06-22 08:22:28','2026-06-22 08:22:28'),(2408,434,9,1,'2026-06-22 08:22:28','2026-06-22 08:22:28'),(2409,434,10,1,'2026-06-22 08:22:28','2026-06-22 08:22:28'),(2410,434,11,1,'2026-06-22 08:22:28','2026-06-22 08:22:28'),(2411,456,7,1,'2026-06-22 08:22:28','2026-06-22 08:22:28'),(2412,456,8,1,'2026-06-22 08:22:28','2026-06-22 08:22:28'),(2413,456,9,1,'2026-06-22 08:22:28','2026-06-22 08:22:28'),(2414,456,10,1,'2026-06-22 08:22:28','2026-06-22 08:22:28'),(2415,456,11,1,'2026-06-22 08:22:28','2026-06-22 08:22:28'),(2416,478,7,1,'2026-06-22 08:22:28','2026-06-22 08:22:28'),(2417,478,8,1,'2026-06-22 08:22:28','2026-06-22 08:22:28'),(2418,478,9,1,'2026-06-22 08:22:28','2026-06-22 08:22:28'),(2419,478,10,1,'2026-06-22 08:22:28','2026-06-22 08:22:28'),(2420,478,11,1,'2026-06-22 08:22:28','2026-06-22 08:22:28'),(2421,500,7,1,'2026-06-22 08:22:28','2026-06-22 08:22:28'),(2422,500,8,1,'2026-06-22 08:22:28','2026-06-22 08:22:28'),(2423,500,9,1,'2026-06-22 08:22:28','2026-06-22 08:22:28'),(2424,500,10,1,'2026-06-22 08:22:28','2026-06-22 08:22:28'),(2425,500,11,1,'2026-06-22 08:22:28','2026-06-22 08:22:28'),(2426,522,7,1,'2026-06-22 08:22:28','2026-06-22 08:22:28'),(2427,522,8,1,'2026-06-22 08:22:28','2026-06-22 08:22:28'),(2428,522,9,1,'2026-06-22 08:22:28','2026-06-22 08:22:28'),(2429,522,10,1,'2026-06-22 08:22:28','2026-06-22 08:22:28'),(2430,522,11,1,'2026-06-22 08:22:28','2026-06-22 08:22:28'),(2431,17,29,1,'2026-06-22 08:22:28','2026-06-22 08:22:28'),(2432,17,30,1,'2026-06-22 08:22:28','2026-06-22 08:22:28'),(2433,17,31,1,'2026-06-22 08:22:28','2026-06-22 08:22:28'),(2434,17,32,1,'2026-06-22 08:22:28','2026-06-22 08:22:28'),(2435,17,33,1,'2026-06-22 08:22:28','2026-06-22 08:22:28'),(2436,17,34,1,'2026-06-22 08:22:28','2026-06-22 08:22:28'),(2437,17,35,1,'2026-06-22 08:22:28','2026-06-22 08:22:28'),(2438,17,36,0,'2026-06-22 08:22:28','2026-06-22 08:22:28'),(2439,39,29,1,'2026-06-22 08:22:28','2026-06-22 08:22:28'),(2440,39,30,1,'2026-06-22 08:22:28','2026-06-22 08:22:28'),(2441,39,31,1,'2026-06-22 08:22:28','2026-06-22 08:22:28'),(2442,39,32,1,'2026-06-22 08:22:28','2026-06-22 08:22:28'),(2443,39,33,1,'2026-06-22 08:22:28','2026-06-22 08:22:28'),(2444,39,34,1,'2026-06-22 08:22:28','2026-06-22 08:22:28'),(2445,39,35,1,'2026-06-22 08:22:28','2026-06-22 08:22:28'),(2446,39,36,0,'2026-06-22 08:22:28','2026-06-22 08:22:28'),(2447,61,29,1,'2026-06-22 08:22:28','2026-06-22 08:22:28'),(2448,61,30,1,'2026-06-22 08:22:28','2026-06-22 08:22:28'),(2449,61,31,1,'2026-06-22 08:22:28','2026-06-22 08:22:28'),(2450,61,32,1,'2026-06-22 08:22:28','2026-06-22 08:22:28'),(2451,61,33,1,'2026-06-22 08:22:28','2026-06-22 08:22:28'),(2452,61,34,1,'2026-06-22 08:22:28','2026-06-22 08:22:28'),(2453,61,35,1,'2026-06-22 08:22:28','2026-06-22 08:22:28'),(2454,61,36,0,'2026-06-22 08:22:28','2026-06-22 08:22:28'),(2455,83,29,1,'2026-06-22 08:22:28','2026-06-22 08:22:28'),(2456,83,30,1,'2026-06-22 08:22:28','2026-06-22 08:22:28'),(2457,83,31,1,'2026-06-22 08:22:28','2026-06-22 08:22:28'),(2458,83,32,1,'2026-06-22 08:22:28','2026-06-22 08:22:28'),(2459,83,33,1,'2026-06-22 08:22:28','2026-06-22 08:22:28'),(2460,83,34,1,'2026-06-22 08:22:28','2026-06-22 08:22:28'),(2461,83,35,1,'2026-06-22 08:22:28','2026-06-22 08:22:28'),(2462,83,36,0,'2026-06-22 08:22:28','2026-06-22 08:22:28'),(2463,105,29,1,'2026-06-22 08:22:28','2026-06-22 08:22:28'),(2464,105,30,1,'2026-06-22 08:22:28','2026-06-22 08:22:28'),(2465,105,31,1,'2026-06-22 08:22:28','2026-06-22 08:22:28'),(2466,105,32,1,'2026-06-22 08:22:28','2026-06-22 08:22:28'),(2467,105,33,1,'2026-06-22 08:22:28','2026-06-22 08:22:28'),(2468,105,34,1,'2026-06-22 08:22:28','2026-06-22 08:22:28'),(2469,105,35,1,'2026-06-22 08:22:28','2026-06-22 08:22:28'),(2470,105,36,0,'2026-06-22 08:22:28','2026-06-22 08:22:28'),(2471,127,29,1,'2026-06-22 08:22:28','2026-06-22 08:22:28'),(2472,127,30,1,'2026-06-22 08:22:28','2026-06-22 08:22:28'),(2473,127,31,1,'2026-06-22 08:22:28','2026-06-22 08:22:28'),(2474,127,32,1,'2026-06-22 08:22:28','2026-06-22 08:22:28'),(2475,127,33,1,'2026-06-22 08:22:28','2026-06-22 08:22:28'),(2476,127,34,1,'2026-06-22 08:22:28','2026-06-22 08:22:28'),(2477,127,35,1,'2026-06-22 08:22:28','2026-06-22 08:22:28'),(2478,127,36,0,'2026-06-22 08:22:28','2026-06-22 08:22:28'),(2479,149,29,1,'2026-06-22 08:22:28','2026-06-22 08:22:28'),(2480,149,30,1,'2026-06-22 08:22:28','2026-06-22 08:22:28'),(2481,149,31,1,'2026-06-22 08:22:28','2026-06-22 08:22:28'),(2482,149,32,1,'2026-06-22 08:22:28','2026-06-22 08:22:28'),(2483,149,33,1,'2026-06-22 08:22:28','2026-06-22 08:22:28'),(2484,149,34,1,'2026-06-22 08:22:28','2026-06-22 08:22:28'),(2485,149,35,1,'2026-06-22 08:22:28','2026-06-22 08:22:28'),(2486,149,36,0,'2026-06-22 08:22:28','2026-06-22 08:22:28'),(2487,171,29,1,'2026-06-22 08:22:28','2026-06-22 08:22:28'),(2488,171,30,1,'2026-06-22 08:22:28','2026-06-22 08:22:28'),(2489,171,31,1,'2026-06-22 08:22:28','2026-06-22 08:22:28'),(2490,171,32,1,'2026-06-22 08:22:28','2026-06-22 08:22:28'),(2491,171,33,1,'2026-06-22 08:22:28','2026-06-22 08:22:28'),(2492,171,34,1,'2026-06-22 08:22:28','2026-06-22 08:22:28'),(2493,171,35,1,'2026-06-22 08:22:28','2026-06-22 08:22:28'),(2494,171,36,0,'2026-06-22 08:22:28','2026-06-22 08:22:28'),(2495,193,29,1,'2026-06-22 08:22:28','2026-06-22 08:22:28'),(2496,193,30,1,'2026-06-22 08:22:28','2026-06-22 08:22:28'),(2497,193,31,1,'2026-06-22 08:22:28','2026-06-22 08:22:28'),(2498,193,32,1,'2026-06-22 08:22:28','2026-06-22 08:22:28'),(2499,193,33,1,'2026-06-22 08:22:28','2026-06-22 08:22:28'),(2500,193,34,1,'2026-06-22 08:22:28','2026-06-22 08:22:28'),(2501,193,35,1,'2026-06-22 08:22:28','2026-06-22 08:22:28'),(2502,193,36,0,'2026-06-22 08:22:28','2026-06-22 08:22:28'),(2503,215,29,1,'2026-06-22 08:22:28','2026-06-22 08:22:28'),(2504,215,30,1,'2026-06-22 08:22:28','2026-06-22 08:22:28'),(2505,215,31,1,'2026-06-22 08:22:28','2026-06-22 08:22:28'),(2506,215,32,1,'2026-06-22 08:22:28','2026-06-22 08:22:28'),(2507,215,33,1,'2026-06-22 08:22:28','2026-06-22 08:22:28'),(2508,215,34,1,'2026-06-22 08:22:28','2026-06-22 08:22:28'),(2509,215,35,1,'2026-06-22 08:22:28','2026-06-22 08:22:28'),(2510,215,36,0,'2026-06-22 08:22:28','2026-06-22 08:22:28'),(2511,237,29,1,'2026-06-22 08:22:28','2026-06-22 08:22:28'),(2512,237,30,1,'2026-06-22 08:22:28','2026-06-22 08:22:28'),(2513,237,31,1,'2026-06-22 08:22:28','2026-06-22 08:22:28'),(2514,237,32,1,'2026-06-22 08:22:28','2026-06-22 08:22:28'),(2515,237,33,1,'2026-06-22 08:22:28','2026-06-22 08:22:28'),(2516,237,34,1,'2026-06-22 08:22:28','2026-06-22 08:22:28'),(2517,237,35,1,'2026-06-22 08:22:28','2026-06-22 08:22:28'),(2518,237,36,0,'2026-06-22 08:22:28','2026-06-22 08:22:28'),(2519,259,29,1,'2026-06-22 08:22:28','2026-06-22 08:22:28'),(2520,259,30,1,'2026-06-22 08:22:28','2026-06-22 08:22:28'),(2521,259,31,1,'2026-06-22 08:22:28','2026-06-22 08:22:28'),(2522,259,32,1,'2026-06-22 08:22:28','2026-06-22 08:22:28'),(2523,259,33,1,'2026-06-22 08:22:28','2026-06-22 08:22:28'),(2524,259,34,1,'2026-06-22 08:22:28','2026-06-22 08:22:28'),(2525,259,35,1,'2026-06-22 08:22:28','2026-06-22 08:22:28'),(2526,259,36,0,'2026-06-22 08:22:28','2026-06-22 08:22:28'),(2527,281,29,1,'2026-06-22 08:22:28','2026-06-22 08:22:28'),(2528,281,30,1,'2026-06-22 08:22:28','2026-06-22 08:22:28'),(2529,281,31,1,'2026-06-22 08:22:28','2026-06-22 08:22:28'),(2530,281,32,1,'2026-06-22 08:22:28','2026-06-22 08:22:28'),(2531,281,33,1,'2026-06-22 08:22:28','2026-06-22 08:22:28'),(2532,281,34,1,'2026-06-22 08:22:28','2026-06-22 08:22:28'),(2533,281,35,1,'2026-06-22 08:22:28','2026-06-22 08:22:28'),(2534,281,36,0,'2026-06-22 08:22:28','2026-06-22 08:22:28'),(2535,303,29,1,'2026-06-22 08:22:28','2026-06-22 08:22:28'),(2536,303,30,1,'2026-06-22 08:22:28','2026-06-22 08:22:28'),(2537,303,31,1,'2026-06-22 08:22:28','2026-06-22 08:22:28'),(2538,303,32,1,'2026-06-22 08:22:28','2026-06-22 08:22:28'),(2539,303,33,1,'2026-06-22 08:22:28','2026-06-22 08:22:28'),(2540,303,34,1,'2026-06-22 08:22:28','2026-06-22 08:22:28'),(2541,303,35,1,'2026-06-22 08:22:28','2026-06-22 08:22:28'),(2542,303,36,0,'2026-06-22 08:22:28','2026-06-22 08:22:28'),(2543,325,29,1,'2026-06-22 08:22:28','2026-06-22 08:22:28'),(2544,325,30,1,'2026-06-22 08:22:28','2026-06-22 08:22:28'),(2545,325,31,1,'2026-06-22 08:22:28','2026-06-22 08:22:28'),(2546,325,32,1,'2026-06-22 08:22:28','2026-06-22 08:22:28'),(2547,325,33,1,'2026-06-22 08:22:28','2026-06-22 08:22:28'),(2548,325,34,1,'2026-06-22 08:22:28','2026-06-22 08:22:28'),(2549,325,35,1,'2026-06-22 08:22:28','2026-06-22 08:22:28'),(2550,325,36,0,'2026-06-22 08:22:28','2026-06-22 08:22:28'),(2551,347,29,1,'2026-06-22 08:22:28','2026-06-22 08:22:28'),(2552,347,30,1,'2026-06-22 08:22:28','2026-06-22 08:22:28'),(2553,347,31,1,'2026-06-22 08:22:28','2026-06-22 08:22:28'),(2554,347,32,1,'2026-06-22 08:22:28','2026-06-22 08:22:28'),(2555,347,33,1,'2026-06-22 08:22:28','2026-06-22 08:22:28'),(2556,347,34,1,'2026-06-22 08:22:28','2026-06-22 08:22:28'),(2557,347,35,1,'2026-06-22 08:22:28','2026-06-22 08:22:28'),(2558,347,36,0,'2026-06-22 08:22:28','2026-06-22 08:22:28'),(2559,369,29,1,'2026-06-22 08:22:28','2026-06-22 08:22:28'),(2560,369,30,1,'2026-06-22 08:22:28','2026-06-22 08:22:28'),(2561,369,31,1,'2026-06-22 08:22:28','2026-06-22 08:22:28'),(2562,369,32,1,'2026-06-22 08:22:28','2026-06-22 08:22:28'),(2563,369,33,1,'2026-06-22 08:22:28','2026-06-22 08:22:28'),(2564,369,34,1,'2026-06-22 08:22:28','2026-06-22 08:22:28'),(2565,369,35,1,'2026-06-22 08:22:28','2026-06-22 08:22:28'),(2566,369,36,0,'2026-06-22 08:22:28','2026-06-22 08:22:28'),(2567,391,29,1,'2026-06-22 08:22:28','2026-06-22 08:22:28'),(2568,391,30,1,'2026-06-22 08:22:28','2026-06-22 08:22:28'),(2569,391,31,1,'2026-06-22 08:22:28','2026-06-22 08:22:28'),(2570,391,32,1,'2026-06-22 08:22:28','2026-06-22 08:22:28'),(2571,391,33,1,'2026-06-22 08:22:28','2026-06-22 08:22:28'),(2572,391,34,1,'2026-06-22 08:22:28','2026-06-22 08:22:28'),(2573,391,35,1,'2026-06-22 08:22:28','2026-06-22 08:22:28'),(2574,391,36,0,'2026-06-22 08:22:28','2026-06-22 08:22:28'),(2575,413,29,1,'2026-06-22 08:22:28','2026-06-22 08:22:28'),(2576,413,30,1,'2026-06-22 08:22:28','2026-06-22 08:22:28'),(2577,413,31,1,'2026-06-22 08:22:28','2026-06-22 08:22:28'),(2578,413,32,1,'2026-06-22 08:22:28','2026-06-22 08:22:28'),(2579,413,33,1,'2026-06-22 08:22:28','2026-06-22 08:22:28'),(2580,413,34,1,'2026-06-22 08:22:28','2026-06-22 08:22:28'),(2581,413,35,1,'2026-06-22 08:22:28','2026-06-22 08:22:28'),(2582,413,36,0,'2026-06-22 08:22:28','2026-06-22 08:22:28'),(2583,435,29,1,'2026-06-22 08:22:28','2026-06-22 08:22:28'),(2584,435,30,1,'2026-06-22 08:22:28','2026-06-22 08:22:28'),(2585,435,31,1,'2026-06-22 08:22:28','2026-06-22 08:22:28'),(2586,435,32,1,'2026-06-22 08:22:28','2026-06-22 08:22:28'),(2587,435,33,1,'2026-06-22 08:22:28','2026-06-22 08:22:28'),(2588,435,34,1,'2026-06-22 08:22:28','2026-06-22 08:22:28'),(2589,435,35,1,'2026-06-22 08:22:28','2026-06-22 08:22:28'),(2590,435,36,0,'2026-06-22 08:22:28','2026-06-22 08:22:28'),(2591,457,29,1,'2026-06-22 08:22:28','2026-06-22 08:22:28'),(2592,457,30,1,'2026-06-22 08:22:28','2026-06-22 08:22:28'),(2593,457,31,1,'2026-06-22 08:22:28','2026-06-22 08:22:28'),(2594,457,32,1,'2026-06-22 08:22:28','2026-06-22 08:22:28'),(2595,457,33,1,'2026-06-22 08:22:28','2026-06-22 08:22:28'),(2596,457,34,1,'2026-06-22 08:22:28','2026-06-22 08:22:28'),(2597,457,35,1,'2026-06-22 08:22:28','2026-06-22 08:22:28'),(2598,457,36,0,'2026-06-22 08:22:28','2026-06-22 08:22:28'),(2599,479,29,1,'2026-06-22 08:22:28','2026-06-22 08:22:28'),(2600,479,30,1,'2026-06-22 08:22:28','2026-06-22 08:22:28'),(2601,479,31,1,'2026-06-22 08:22:28','2026-06-22 08:22:28'),(2602,479,32,1,'2026-06-22 08:22:28','2026-06-22 08:22:28'),(2603,479,33,1,'2026-06-22 08:22:28','2026-06-22 08:22:28'),(2604,479,34,1,'2026-06-22 08:22:28','2026-06-22 08:22:28'),(2605,479,35,1,'2026-06-22 08:22:28','2026-06-22 08:22:28'),(2606,479,36,0,'2026-06-22 08:22:28','2026-06-22 08:22:28'),(2607,501,29,1,'2026-06-22 08:22:28','2026-06-22 08:22:28'),(2608,501,30,1,'2026-06-22 08:22:28','2026-06-22 08:22:28'),(2609,501,31,1,'2026-06-22 08:22:28','2026-06-22 08:22:28'),(2610,501,32,1,'2026-06-22 08:22:28','2026-06-22 08:22:28'),(2611,501,33,1,'2026-06-22 08:22:28','2026-06-22 08:22:28'),(2612,501,34,1,'2026-06-22 08:22:28','2026-06-22 08:22:28'),(2613,501,35,1,'2026-06-22 08:22:28','2026-06-22 08:22:28'),(2614,501,36,0,'2026-06-22 08:22:28','2026-06-22 08:22:28'),(2615,523,29,1,'2026-06-22 08:22:28','2026-06-22 08:22:28'),(2616,523,30,1,'2026-06-22 08:22:28','2026-06-22 08:22:28'),(2617,523,31,1,'2026-06-22 08:22:28','2026-06-22 08:22:28'),(2618,523,32,1,'2026-06-22 08:22:28','2026-06-22 08:22:28'),(2619,523,33,1,'2026-06-22 08:22:28','2026-06-22 08:22:28'),(2620,523,34,1,'2026-06-22 08:22:28','2026-06-22 08:22:28'),(2621,523,35,1,'2026-06-22 08:22:28','2026-06-22 08:22:28'),(2622,523,36,0,'2026-06-22 08:22:28','2026-06-22 08:22:28'),(2623,18,21,1,'2026-06-22 08:22:28','2026-06-22 08:22:28'),(2624,18,23,1,'2026-06-22 08:22:28','2026-06-22 08:22:28'),(2625,18,24,0,'2026-06-22 08:22:28','2026-06-22 08:22:28'),(2626,18,25,1,'2026-06-22 08:22:28','2026-06-22 08:22:28'),(2627,18,26,1,'2026-06-22 08:22:28','2026-06-22 08:22:28'),(2628,18,27,1,'2026-06-22 08:22:28','2026-06-22 08:22:28'),(2629,18,28,1,'2026-06-22 08:22:28','2026-06-22 08:22:28'),(2630,40,21,1,'2026-06-22 08:22:28','2026-06-22 08:22:28'),(2631,40,23,1,'2026-06-22 08:22:28','2026-06-22 08:22:28'),(2632,40,24,0,'2026-06-22 08:22:28','2026-06-22 08:22:28'),(2633,40,25,1,'2026-06-22 08:22:28','2026-06-22 08:22:28'),(2634,40,26,1,'2026-06-22 08:22:28','2026-06-22 08:22:28'),(2635,40,27,1,'2026-06-22 08:22:28','2026-06-22 08:22:28'),(2636,40,28,1,'2026-06-22 08:22:28','2026-06-22 08:22:28'),(2637,62,21,1,'2026-06-22 08:22:28','2026-06-22 08:22:28'),(2638,62,23,1,'2026-06-22 08:22:28','2026-06-22 08:22:28'),(2639,62,24,0,'2026-06-22 08:22:28','2026-06-22 08:22:28'),(2640,62,25,1,'2026-06-22 08:22:28','2026-06-22 08:22:28'),(2641,62,26,1,'2026-06-22 08:22:28','2026-06-22 08:22:28'),(2642,62,27,1,'2026-06-22 08:22:28','2026-06-22 08:22:28'),(2643,62,28,1,'2026-06-22 08:22:28','2026-06-22 08:22:28'),(2644,84,21,1,'2026-06-22 08:22:28','2026-06-22 08:22:28'),(2645,84,23,1,'2026-06-22 08:22:28','2026-06-22 08:22:28'),(2646,84,24,0,'2026-06-22 08:22:28','2026-06-22 08:22:28'),(2647,84,25,1,'2026-06-22 08:22:28','2026-06-22 08:22:28'),(2648,84,26,1,'2026-06-22 08:22:28','2026-06-22 08:22:28'),(2649,84,27,1,'2026-06-22 08:22:28','2026-06-22 08:22:28'),(2650,84,28,1,'2026-06-22 08:22:28','2026-06-22 08:22:28'),(2651,106,21,1,'2026-06-22 08:22:28','2026-06-22 08:22:28'),(2652,106,23,1,'2026-06-22 08:22:28','2026-06-22 08:22:28'),(2653,106,24,0,'2026-06-22 08:22:28','2026-06-22 08:22:28'),(2654,106,25,1,'2026-06-22 08:22:28','2026-06-22 08:22:28'),(2655,106,26,1,'2026-06-22 08:22:28','2026-06-22 08:22:28'),(2656,106,27,1,'2026-06-22 08:22:28','2026-06-22 08:22:28'),(2657,106,28,1,'2026-06-22 08:22:28','2026-06-22 08:22:28'),(2658,128,21,1,'2026-06-22 08:22:28','2026-06-22 08:22:28'),(2659,128,23,1,'2026-06-22 08:22:28','2026-06-22 08:22:28'),(2660,128,24,0,'2026-06-22 08:22:28','2026-06-22 08:22:28'),(2661,128,25,1,'2026-06-22 08:22:28','2026-06-22 08:22:28'),(2662,128,26,1,'2026-06-22 08:22:28','2026-06-22 08:22:28'),(2663,128,27,1,'2026-06-22 08:22:28','2026-06-22 08:22:28'),(2664,128,28,1,'2026-06-22 08:22:28','2026-06-22 08:22:28'),(2665,150,21,1,'2026-06-22 08:22:28','2026-06-22 08:22:28'),(2666,150,23,1,'2026-06-22 08:22:28','2026-06-22 08:22:28'),(2667,150,24,0,'2026-06-22 08:22:28','2026-06-22 08:22:28'),(2668,150,25,1,'2026-06-22 08:22:28','2026-06-22 08:22:28'),(2669,150,26,1,'2026-06-22 08:22:28','2026-06-22 08:22:28'),(2670,150,27,1,'2026-06-22 08:22:28','2026-06-22 08:22:28'),(2671,150,28,1,'2026-06-22 08:22:28','2026-06-22 08:22:28'),(2672,172,21,1,'2026-06-22 08:22:28','2026-06-22 08:22:28'),(2673,172,23,1,'2026-06-22 08:22:28','2026-06-22 08:22:28'),(2674,172,24,0,'2026-06-22 08:22:28','2026-06-22 08:22:28'),(2675,172,25,1,'2026-06-22 08:22:28','2026-06-22 08:22:28'),(2676,172,26,1,'2026-06-22 08:22:28','2026-06-22 08:22:28'),(2677,172,27,1,'2026-06-22 08:22:28','2026-06-22 08:22:28'),(2678,172,28,1,'2026-06-22 08:22:28','2026-06-22 08:22:28'),(2679,194,21,1,'2026-06-22 08:22:28','2026-06-22 08:22:28'),(2680,194,23,1,'2026-06-22 08:22:28','2026-06-22 08:22:28'),(2681,194,24,0,'2026-06-22 08:22:28','2026-06-22 08:22:28'),(2682,194,25,1,'2026-06-22 08:22:28','2026-06-22 08:22:28'),(2683,194,26,1,'2026-06-22 08:22:28','2026-06-22 08:22:28'),(2684,194,27,1,'2026-06-22 08:22:28','2026-06-22 08:22:28'),(2685,194,28,1,'2026-06-22 08:22:28','2026-06-22 08:22:28'),(2686,216,21,1,'2026-06-22 08:22:28','2026-06-22 08:22:28'),(2687,216,23,1,'2026-06-22 08:22:28','2026-06-22 08:22:28'),(2688,216,24,0,'2026-06-22 08:22:28','2026-06-22 08:22:28'),(2689,216,25,1,'2026-06-22 08:22:28','2026-06-22 08:22:28'),(2690,216,26,1,'2026-06-22 08:22:28','2026-06-22 08:22:28'),(2691,216,27,1,'2026-06-22 08:22:28','2026-06-22 08:22:28'),(2692,216,28,1,'2026-06-22 08:22:28','2026-06-22 08:22:28'),(2693,238,21,1,'2026-06-22 08:22:28','2026-06-22 08:22:28'),(2694,238,23,1,'2026-06-22 08:22:28','2026-06-22 08:22:28'),(2695,238,24,0,'2026-06-22 08:22:28','2026-06-22 08:22:28'),(2696,238,25,1,'2026-06-22 08:22:28','2026-06-22 08:22:28'),(2697,238,26,1,'2026-06-22 08:22:28','2026-06-22 08:22:28'),(2698,238,27,1,'2026-06-22 08:22:28','2026-06-22 08:22:28'),(2699,238,28,1,'2026-06-22 08:22:28','2026-06-22 08:22:28'),(2700,260,21,1,'2026-06-22 08:22:28','2026-06-22 08:22:28'),(2701,260,23,1,'2026-06-22 08:22:28','2026-06-22 08:22:28'),(2702,260,24,0,'2026-06-22 08:22:28','2026-06-22 08:22:28'),(2703,260,25,1,'2026-06-22 08:22:28','2026-06-22 08:22:28'),(2704,260,26,1,'2026-06-22 08:22:28','2026-06-22 08:22:28'),(2705,260,27,1,'2026-06-22 08:22:28','2026-06-22 08:22:28'),(2706,260,28,1,'2026-06-22 08:22:28','2026-06-22 08:22:28'),(2707,282,21,1,'2026-06-22 08:22:28','2026-06-22 08:22:28'),(2708,282,23,1,'2026-06-22 08:22:28','2026-06-22 08:22:28'),(2709,282,24,0,'2026-06-22 08:22:28','2026-06-22 08:22:28'),(2710,282,25,1,'2026-06-22 08:22:28','2026-06-22 08:22:28'),(2711,282,26,1,'2026-06-22 08:22:28','2026-06-22 08:22:28'),(2712,282,27,1,'2026-06-22 08:22:28','2026-06-22 08:22:28'),(2713,282,28,1,'2026-06-22 08:22:28','2026-06-22 08:22:28'),(2714,304,21,1,'2026-06-22 08:22:28','2026-06-22 08:22:28'),(2715,304,23,1,'2026-06-22 08:22:28','2026-06-22 08:22:28'),(2716,304,24,0,'2026-06-22 08:22:28','2026-06-22 08:22:28'),(2717,304,25,1,'2026-06-22 08:22:28','2026-06-22 08:22:28'),(2718,304,26,1,'2026-06-22 08:22:28','2026-06-22 08:22:28'),(2719,304,27,1,'2026-06-22 08:22:28','2026-06-22 08:22:28'),(2720,304,28,1,'2026-06-22 08:22:28','2026-06-22 08:22:28'),(2721,326,21,1,'2026-06-22 08:22:28','2026-06-22 08:22:28'),(2722,326,23,1,'2026-06-22 08:22:28','2026-06-22 08:22:28'),(2723,326,24,0,'2026-06-22 08:22:28','2026-06-22 08:22:28'),(2724,326,25,1,'2026-06-22 08:22:28','2026-06-22 08:22:28'),(2725,326,26,1,'2026-06-22 08:22:28','2026-06-22 08:22:28'),(2726,326,27,1,'2026-06-22 08:22:28','2026-06-22 08:22:28'),(2727,326,28,1,'2026-06-22 08:22:28','2026-06-22 08:22:28'),(2728,348,21,1,'2026-06-22 08:22:28','2026-06-22 08:22:28'),(2729,348,23,1,'2026-06-22 08:22:28','2026-06-22 08:22:28'),(2730,348,24,0,'2026-06-22 08:22:28','2026-06-22 08:22:28'),(2731,348,25,1,'2026-06-22 08:22:28','2026-06-22 08:22:28'),(2732,348,26,1,'2026-06-22 08:22:28','2026-06-22 08:22:28'),(2733,348,27,1,'2026-06-22 08:22:28','2026-06-22 08:22:28'),(2734,348,28,1,'2026-06-22 08:22:28','2026-06-22 08:22:28'),(2735,370,21,1,'2026-06-22 08:22:28','2026-06-22 08:22:28'),(2736,370,23,1,'2026-06-22 08:22:28','2026-06-22 08:22:28'),(2737,370,24,0,'2026-06-22 08:22:28','2026-06-22 08:22:28'),(2738,370,25,1,'2026-06-22 08:22:28','2026-06-22 08:22:28'),(2739,370,26,1,'2026-06-22 08:22:28','2026-06-22 08:22:28'),(2740,370,27,1,'2026-06-22 08:22:28','2026-06-22 08:22:28'),(2741,370,28,1,'2026-06-22 08:22:28','2026-06-22 08:22:28'),(2742,392,21,1,'2026-06-22 08:22:28','2026-06-22 08:22:28'),(2743,392,23,1,'2026-06-22 08:22:28','2026-06-22 08:22:28'),(2744,392,24,0,'2026-06-22 08:22:28','2026-06-22 08:22:28'),(2745,392,25,1,'2026-06-22 08:22:28','2026-06-22 08:22:28'),(2746,392,26,1,'2026-06-22 08:22:28','2026-06-22 08:22:28'),(2747,392,27,1,'2026-06-22 08:22:28','2026-06-22 08:22:28'),(2748,392,28,1,'2026-06-22 08:22:28','2026-06-22 08:22:28'),(2749,414,21,1,'2026-06-22 08:22:28','2026-06-22 08:22:28'),(2750,414,23,1,'2026-06-22 08:22:28','2026-06-22 08:22:28'),(2751,414,24,0,'2026-06-22 08:22:28','2026-06-22 08:22:28'),(2752,414,25,1,'2026-06-22 08:22:28','2026-06-22 08:22:28'),(2753,414,26,1,'2026-06-22 08:22:28','2026-06-22 08:22:28'),(2754,414,27,1,'2026-06-22 08:22:28','2026-06-22 08:22:28'),(2755,414,28,1,'2026-06-22 08:22:28','2026-06-22 08:22:28'),(2756,436,21,1,'2026-06-22 08:22:28','2026-06-22 08:22:28'),(2757,436,23,1,'2026-06-22 08:22:28','2026-06-22 08:22:28'),(2758,436,24,0,'2026-06-22 08:22:28','2026-06-22 08:22:28'),(2759,436,25,1,'2026-06-22 08:22:28','2026-06-22 08:22:28'),(2760,436,26,1,'2026-06-22 08:22:28','2026-06-22 08:22:28'),(2761,436,27,1,'2026-06-22 08:22:28','2026-06-22 08:22:28'),(2762,436,28,1,'2026-06-22 08:22:28','2026-06-22 08:22:28'),(2763,458,21,1,'2026-06-22 08:22:28','2026-06-22 08:22:28'),(2764,458,23,1,'2026-06-22 08:22:28','2026-06-22 08:22:28'),(2765,458,24,0,'2026-06-22 08:22:28','2026-06-22 08:22:28'),(2766,458,25,1,'2026-06-22 08:22:28','2026-06-22 08:22:28'),(2767,458,26,1,'2026-06-22 08:22:28','2026-06-22 08:22:28'),(2768,458,27,1,'2026-06-22 08:22:28','2026-06-22 08:22:28'),(2769,458,28,1,'2026-06-22 08:22:28','2026-06-22 08:22:28'),(2770,480,21,1,'2026-06-22 08:22:28','2026-06-22 08:22:28'),(2771,480,23,1,'2026-06-22 08:22:28','2026-06-22 08:22:28'),(2772,480,24,0,'2026-06-22 08:22:28','2026-06-22 08:22:28'),(2773,480,25,1,'2026-06-22 08:22:28','2026-06-22 08:22:28'),(2774,480,26,1,'2026-06-22 08:22:28','2026-06-22 08:22:28'),(2775,480,27,1,'2026-06-22 08:22:28','2026-06-22 08:22:28'),(2776,480,28,1,'2026-06-22 08:22:28','2026-06-22 08:22:28'),(2777,502,21,1,'2026-06-22 08:22:28','2026-06-22 08:22:28'),(2778,502,23,1,'2026-06-22 08:22:28','2026-06-22 08:22:28'),(2779,502,24,0,'2026-06-22 08:22:28','2026-06-22 08:22:28'),(2780,502,25,1,'2026-06-22 08:22:28','2026-06-22 08:22:28'),(2781,502,26,1,'2026-06-22 08:22:28','2026-06-22 08:22:28'),(2782,502,27,1,'2026-06-22 08:22:28','2026-06-22 08:22:28'),(2783,502,28,1,'2026-06-22 08:22:28','2026-06-22 08:22:28'),(2784,524,21,1,'2026-06-22 08:22:28','2026-06-22 08:22:28'),(2785,524,23,1,'2026-06-22 08:22:28','2026-06-22 08:22:28'),(2786,524,24,0,'2026-06-22 08:22:28','2026-06-22 08:22:28'),(2787,524,25,1,'2026-06-22 08:22:28','2026-06-22 08:22:28'),(2788,524,26,1,'2026-06-22 08:22:28','2026-06-22 08:22:28'),(2789,524,27,1,'2026-06-22 08:22:28','2026-06-22 08:22:28'),(2790,524,28,1,'2026-06-22 08:22:28','2026-06-22 08:22:28'),(2791,19,1,1,'2026-06-22 08:22:28','2026-06-22 08:22:28'),(2792,19,2,1,'2026-06-22 08:22:28','2026-06-22 08:22:28'),(2793,19,3,1,'2026-06-22 08:22:28','2026-06-22 08:22:28'),(2794,19,4,1,'2026-06-22 08:22:28','2026-06-22 08:22:28'),(2795,19,5,1,'2026-06-22 08:22:28','2026-06-22 08:22:28'),(2796,19,6,1,'2026-06-22 08:22:28','2026-06-22 08:22:28'),(2797,41,1,1,'2026-06-22 08:22:28','2026-06-22 08:22:28'),(2798,41,2,1,'2026-06-22 08:22:28','2026-06-22 08:22:28'),(2799,41,3,1,'2026-06-22 08:22:28','2026-06-22 08:22:28'),(2800,41,4,1,'2026-06-22 08:22:28','2026-06-22 08:22:28'),(2801,41,5,1,'2026-06-22 08:22:28','2026-06-22 08:22:28'),(2802,41,6,1,'2026-06-22 08:22:28','2026-06-22 08:22:28'),(2803,63,1,1,'2026-06-22 08:22:28','2026-06-22 08:22:28'),(2804,63,2,1,'2026-06-22 08:22:28','2026-06-22 08:22:28'),(2805,63,3,1,'2026-06-22 08:22:28','2026-06-22 08:22:28'),(2806,63,4,1,'2026-06-22 08:22:28','2026-06-22 08:22:28'),(2807,63,5,1,'2026-06-22 08:22:28','2026-06-22 08:22:28'),(2808,63,6,1,'2026-06-22 08:22:28','2026-06-22 08:22:28'),(2809,85,1,1,'2026-06-22 08:22:28','2026-06-22 08:22:28'),(2810,85,2,1,'2026-06-22 08:22:28','2026-06-22 08:22:28'),(2811,85,3,1,'2026-06-22 08:22:28','2026-06-22 08:22:28'),(2812,85,4,1,'2026-06-22 08:22:28','2026-06-22 08:22:28'),(2813,85,5,1,'2026-06-22 08:22:28','2026-06-22 08:22:28'),(2814,85,6,1,'2026-06-22 08:22:28','2026-06-22 08:22:28'),(2815,107,1,1,'2026-06-22 08:22:28','2026-06-22 08:22:28'),(2816,107,2,1,'2026-06-22 08:22:28','2026-06-22 08:22:28'),(2817,107,3,1,'2026-06-22 08:22:28','2026-06-22 08:22:28'),(2818,107,4,1,'2026-06-22 08:22:28','2026-06-22 08:22:28'),(2819,107,5,1,'2026-06-22 08:22:28','2026-06-22 08:22:28'),(2820,107,6,1,'2026-06-22 08:22:28','2026-06-22 08:22:28'),(2821,129,1,1,'2026-06-22 08:22:28','2026-06-22 08:22:28'),(2822,129,2,1,'2026-06-22 08:22:28','2026-06-22 08:22:28'),(2823,129,3,1,'2026-06-22 08:22:28','2026-06-22 08:22:28'),(2824,129,4,1,'2026-06-22 08:22:28','2026-06-22 08:22:28'),(2825,129,5,1,'2026-06-22 08:22:28','2026-06-22 08:22:28'),(2826,129,6,1,'2026-06-22 08:22:28','2026-06-22 08:22:28'),(2827,151,1,1,'2026-06-22 08:22:28','2026-06-22 08:22:28'),(2828,151,2,1,'2026-06-22 08:22:28','2026-06-22 08:22:28'),(2829,151,3,1,'2026-06-22 08:22:28','2026-06-22 08:22:28'),(2830,151,4,1,'2026-06-22 08:22:28','2026-06-22 08:22:28'),(2831,151,5,1,'2026-06-22 08:22:28','2026-06-22 08:22:28'),(2832,151,6,1,'2026-06-22 08:22:28','2026-06-22 08:22:28'),(2833,173,1,1,'2026-06-22 08:22:28','2026-06-22 08:22:28'),(2834,173,2,1,'2026-06-22 08:22:28','2026-06-22 08:22:28'),(2835,173,3,1,'2026-06-22 08:22:28','2026-06-22 08:22:28'),(2836,173,4,1,'2026-06-22 08:22:28','2026-06-22 08:22:28'),(2837,173,5,1,'2026-06-22 08:22:28','2026-06-22 08:22:28'),(2838,173,6,1,'2026-06-22 08:22:28','2026-06-22 08:22:28'),(2839,195,1,1,'2026-06-22 08:22:28','2026-06-22 08:22:28'),(2840,195,2,1,'2026-06-22 08:22:28','2026-06-22 08:22:28'),(2841,195,3,1,'2026-06-22 08:22:28','2026-06-22 08:22:28'),(2842,195,4,1,'2026-06-22 08:22:28','2026-06-22 08:22:28'),(2843,195,5,1,'2026-06-22 08:22:28','2026-06-22 08:22:28'),(2844,195,6,1,'2026-06-22 08:22:28','2026-06-22 08:22:28'),(2845,217,1,1,'2026-06-22 08:22:28','2026-06-22 08:22:28'),(2846,217,2,1,'2026-06-22 08:22:28','2026-06-22 08:22:28'),(2847,217,3,1,'2026-06-22 08:22:28','2026-06-22 08:22:28'),(2848,217,4,1,'2026-06-22 08:22:28','2026-06-22 08:22:28'),(2849,217,5,1,'2026-06-22 08:22:28','2026-06-22 08:22:28'),(2850,217,6,1,'2026-06-22 08:22:28','2026-06-22 08:22:28'),(2851,239,1,1,'2026-06-22 08:22:28','2026-06-22 08:22:28'),(2852,239,2,1,'2026-06-22 08:22:28','2026-06-22 08:22:28'),(2853,239,3,1,'2026-06-22 08:22:28','2026-06-22 08:22:28'),(2854,239,4,1,'2026-06-22 08:22:28','2026-06-22 08:22:28'),(2855,239,5,1,'2026-06-22 08:22:28','2026-06-22 08:22:28'),(2856,239,6,1,'2026-06-22 08:22:28','2026-06-22 08:22:28'),(2857,261,1,1,'2026-06-22 08:22:28','2026-06-22 08:22:28'),(2858,261,2,1,'2026-06-22 08:22:28','2026-06-22 08:22:28'),(2859,261,3,1,'2026-06-22 08:22:28','2026-06-22 08:22:28'),(2860,261,4,1,'2026-06-22 08:22:28','2026-06-22 08:22:28'),(2861,261,5,1,'2026-06-22 08:22:28','2026-06-22 08:22:28'),(2862,261,6,1,'2026-06-22 08:22:28','2026-06-22 08:22:28'),(2863,283,1,1,'2026-06-22 08:22:28','2026-06-22 08:22:28'),(2864,283,2,1,'2026-06-22 08:22:28','2026-06-22 08:22:28'),(2865,283,3,1,'2026-06-22 08:22:28','2026-06-22 08:22:28'),(2866,283,4,1,'2026-06-22 08:22:28','2026-06-22 08:22:28'),(2867,283,5,1,'2026-06-22 08:22:28','2026-06-22 08:22:28'),(2868,283,6,1,'2026-06-22 08:22:28','2026-06-22 08:22:28'),(2869,305,1,1,'2026-06-22 08:22:28','2026-06-22 08:22:28'),(2870,305,2,1,'2026-06-22 08:22:28','2026-06-22 08:22:28'),(2871,305,3,1,'2026-06-22 08:22:28','2026-06-22 08:22:28'),(2872,305,4,1,'2026-06-22 08:22:28','2026-06-22 08:22:28'),(2873,305,5,1,'2026-06-22 08:22:28','2026-06-22 08:22:28'),(2874,305,6,1,'2026-06-22 08:22:28','2026-06-22 08:22:28'),(2875,327,1,1,'2026-06-22 08:22:28','2026-06-22 08:22:28'),(2876,327,2,1,'2026-06-22 08:22:28','2026-06-22 08:22:28'),(2877,327,3,1,'2026-06-22 08:22:28','2026-06-22 08:22:28'),(2878,327,4,1,'2026-06-22 08:22:28','2026-06-22 08:22:28'),(2879,327,5,1,'2026-06-22 08:22:28','2026-06-22 08:22:28'),(2880,327,6,1,'2026-06-22 08:22:28','2026-06-22 08:22:28'),(2881,349,1,1,'2026-06-22 08:22:28','2026-06-22 08:22:28'),(2882,349,2,1,'2026-06-22 08:22:28','2026-06-22 08:22:28'),(2883,349,3,1,'2026-06-22 08:22:28','2026-06-22 08:22:28'),(2884,349,4,1,'2026-06-22 08:22:28','2026-06-22 08:22:28'),(2885,349,5,1,'2026-06-22 08:22:28','2026-06-22 08:22:28'),(2886,349,6,1,'2026-06-22 08:22:28','2026-06-22 08:22:28'),(2887,371,1,1,'2026-06-22 08:22:28','2026-06-22 08:22:28'),(2888,371,2,1,'2026-06-22 08:22:28','2026-06-22 08:22:28'),(2889,371,3,1,'2026-06-22 08:22:28','2026-06-22 08:22:28'),(2890,371,4,1,'2026-06-22 08:22:28','2026-06-22 08:22:28'),(2891,371,5,1,'2026-06-22 08:22:28','2026-06-22 08:22:28'),(2892,371,6,1,'2026-06-22 08:22:28','2026-06-22 08:22:28'),(2893,393,1,1,'2026-06-22 08:22:28','2026-06-22 08:22:28'),(2894,393,2,1,'2026-06-22 08:22:28','2026-06-22 08:22:28'),(2895,393,3,1,'2026-06-22 08:22:28','2026-06-22 08:22:28'),(2896,393,4,1,'2026-06-22 08:22:28','2026-06-22 08:22:28'),(2897,393,5,1,'2026-06-22 08:22:28','2026-06-22 08:22:28'),(2898,393,6,1,'2026-06-22 08:22:28','2026-06-22 08:22:28'),(2899,415,1,1,'2026-06-22 08:22:28','2026-06-22 08:22:28'),(2900,415,2,1,'2026-06-22 08:22:28','2026-06-22 08:22:28'),(2901,415,3,1,'2026-06-22 08:22:28','2026-06-22 08:22:28'),(2902,415,4,1,'2026-06-22 08:22:28','2026-06-22 08:22:28'),(2903,415,5,1,'2026-06-22 08:22:28','2026-06-22 08:22:28'),(2904,415,6,1,'2026-06-22 08:22:28','2026-06-22 08:22:28'),(2905,437,1,1,'2026-06-22 08:22:28','2026-06-22 08:22:28'),(2906,437,2,1,'2026-06-22 08:22:28','2026-06-22 08:22:28'),(2907,437,3,1,'2026-06-22 08:22:28','2026-06-22 08:22:28'),(2908,437,4,1,'2026-06-22 08:22:28','2026-06-22 08:22:28'),(2909,437,5,1,'2026-06-22 08:22:28','2026-06-22 08:22:28'),(2910,437,6,1,'2026-06-22 08:22:28','2026-06-22 08:22:28'),(2911,459,1,1,'2026-06-22 08:22:28','2026-06-22 08:22:28'),(2912,459,2,1,'2026-06-22 08:22:28','2026-06-22 08:22:28'),(2913,459,3,1,'2026-06-22 08:22:28','2026-06-22 08:22:28'),(2914,459,4,1,'2026-06-22 08:22:28','2026-06-22 08:22:28'),(2915,459,5,1,'2026-06-22 08:22:28','2026-06-22 08:22:28'),(2916,459,6,1,'2026-06-22 08:22:28','2026-06-22 08:22:28'),(2917,481,1,1,'2026-06-22 08:22:28','2026-06-22 08:22:28'),(2918,481,2,1,'2026-06-22 08:22:28','2026-06-22 08:22:28'),(2919,481,3,1,'2026-06-22 08:22:28','2026-06-22 08:22:28'),(2920,481,4,1,'2026-06-22 08:22:28','2026-06-22 08:22:28'),(2921,481,5,1,'2026-06-22 08:22:28','2026-06-22 08:22:28'),(2922,481,6,1,'2026-06-22 08:22:28','2026-06-22 08:22:28'),(2923,503,1,1,'2026-06-22 08:22:28','2026-06-22 08:22:28'),(2924,503,2,1,'2026-06-22 08:22:28','2026-06-22 08:22:28'),(2925,503,3,1,'2026-06-22 08:22:28','2026-06-22 08:22:28'),(2926,503,4,1,'2026-06-22 08:22:28','2026-06-22 08:22:28'),(2927,503,5,1,'2026-06-22 08:22:28','2026-06-22 08:22:28'),(2928,503,6,1,'2026-06-22 08:22:28','2026-06-22 08:22:28'),(2929,525,1,1,'2026-06-22 08:22:28','2026-06-22 08:22:28'),(2930,525,2,1,'2026-06-22 08:22:28','2026-06-22 08:22:28'),(2931,525,3,1,'2026-06-22 08:22:28','2026-06-22 08:22:28'),(2932,525,4,1,'2026-06-22 08:22:28','2026-06-22 08:22:28'),(2933,525,5,1,'2026-06-22 08:22:28','2026-06-22 08:22:28'),(2934,525,6,1,'2026-06-22 08:22:28','2026-06-22 08:22:28'),(2935,20,13,1,'2026-06-22 08:22:28','2026-06-22 08:22:28'),(2936,20,14,1,'2026-06-22 08:22:28','2026-06-22 08:22:28'),(2937,20,15,1,'2026-06-22 08:22:28','2026-06-22 08:22:28'),(2938,20,16,1,'2026-06-22 08:22:28','2026-06-22 08:22:28'),(2939,20,17,1,'2026-06-22 08:22:28','2026-06-22 08:22:28'),(2940,20,18,1,'2026-06-22 08:22:28','2026-06-22 08:22:28'),(2941,20,19,1,'2026-06-22 08:22:28','2026-06-22 08:22:28'),(2942,20,20,1,'2026-06-22 08:22:28','2026-06-22 08:22:28'),(2943,42,13,1,'2026-06-22 08:22:28','2026-06-22 08:22:28'),(2944,42,14,1,'2026-06-22 08:22:28','2026-06-22 08:22:28'),(2945,42,15,1,'2026-06-22 08:22:28','2026-06-22 08:22:28'),(2946,42,16,1,'2026-06-22 08:22:28','2026-06-22 08:22:28'),(2947,42,17,1,'2026-06-22 08:22:28','2026-06-22 08:22:28'),(2948,42,18,1,'2026-06-22 08:22:28','2026-06-22 08:22:28'),(2949,42,19,1,'2026-06-22 08:22:28','2026-06-22 08:22:28'),(2950,42,20,1,'2026-06-22 08:22:28','2026-06-22 08:22:28'),(2951,64,13,1,'2026-06-22 08:22:28','2026-06-22 08:22:28'),(2952,64,14,1,'2026-06-22 08:22:28','2026-06-22 08:22:28'),(2953,64,15,1,'2026-06-22 08:22:28','2026-06-22 08:22:28'),(2954,64,16,1,'2026-06-22 08:22:28','2026-06-22 08:22:28'),(2955,64,17,1,'2026-06-22 08:22:28','2026-06-22 08:22:28'),(2956,64,18,1,'2026-06-22 08:22:28','2026-06-22 08:22:28'),(2957,64,19,1,'2026-06-22 08:22:28','2026-06-22 08:22:28'),(2958,64,20,1,'2026-06-22 08:22:28','2026-06-22 08:22:28'),(2959,86,13,1,'2026-06-22 08:22:28','2026-06-22 08:22:28'),(2960,86,14,1,'2026-06-22 08:22:28','2026-06-22 08:22:28'),(2961,86,15,1,'2026-06-22 08:22:28','2026-06-22 08:22:28'),(2962,86,16,1,'2026-06-22 08:22:28','2026-06-22 08:22:28'),(2963,86,17,1,'2026-06-22 08:22:28','2026-06-22 08:22:28'),(2964,86,18,1,'2026-06-22 08:22:28','2026-06-22 08:22:28'),(2965,86,19,1,'2026-06-22 08:22:28','2026-06-22 08:22:28'),(2966,86,20,1,'2026-06-22 08:22:28','2026-06-22 08:22:28'),(2967,108,13,1,'2026-06-22 08:22:28','2026-06-22 08:22:28'),(2968,108,14,1,'2026-06-22 08:22:28','2026-06-22 08:22:28'),(2969,108,15,1,'2026-06-22 08:22:28','2026-06-22 08:22:28'),(2970,108,16,1,'2026-06-22 08:22:28','2026-06-22 08:22:28'),(2971,108,17,1,'2026-06-22 08:22:28','2026-06-22 08:22:28'),(2972,108,18,1,'2026-06-22 08:22:28','2026-06-22 08:22:28'),(2973,108,19,1,'2026-06-22 08:22:28','2026-06-22 08:22:28'),(2974,108,20,1,'2026-06-22 08:22:28','2026-06-22 08:22:28'),(2975,130,13,1,'2026-06-22 08:22:28','2026-06-22 08:22:28'),(2976,130,14,1,'2026-06-22 08:22:28','2026-06-22 08:22:28'),(2977,130,15,1,'2026-06-22 08:22:28','2026-06-22 08:22:28'),(2978,130,16,1,'2026-06-22 08:22:28','2026-06-22 08:22:28'),(2979,130,17,1,'2026-06-22 08:22:28','2026-06-22 08:22:28'),(2980,130,18,1,'2026-06-22 08:22:28','2026-06-22 08:22:28'),(2981,130,19,1,'2026-06-22 08:22:28','2026-06-22 08:22:28'),(2982,130,20,1,'2026-06-22 08:22:28','2026-06-22 08:22:28'),(2983,152,13,1,'2026-06-22 08:22:28','2026-06-22 08:22:28'),(2984,152,14,1,'2026-06-22 08:22:28','2026-06-22 08:22:28'),(2985,152,15,1,'2026-06-22 08:22:28','2026-06-22 08:22:28'),(2986,152,16,1,'2026-06-22 08:22:28','2026-06-22 08:22:28'),(2987,152,17,1,'2026-06-22 08:22:28','2026-06-22 08:22:28'),(2988,152,18,1,'2026-06-22 08:22:28','2026-06-22 08:22:28'),(2989,152,19,1,'2026-06-22 08:22:28','2026-06-22 08:22:28'),(2990,152,20,1,'2026-06-22 08:22:28','2026-06-22 08:22:28'),(2991,174,13,1,'2026-06-22 08:22:28','2026-06-22 08:22:28'),(2992,174,14,1,'2026-06-22 08:22:28','2026-06-22 08:22:28'),(2993,174,15,1,'2026-06-22 08:22:28','2026-06-22 08:22:28'),(2994,174,16,1,'2026-06-22 08:22:28','2026-06-22 08:22:28'),(2995,174,17,1,'2026-06-22 08:22:28','2026-06-22 08:22:28'),(2996,174,18,1,'2026-06-22 08:22:28','2026-06-22 08:22:28'),(2997,174,19,1,'2026-06-22 08:22:28','2026-06-22 08:22:28'),(2998,174,20,1,'2026-06-22 08:22:28','2026-06-22 08:22:28'),(2999,196,13,1,'2026-06-22 08:22:28','2026-06-22 08:22:28'),(3000,196,14,1,'2026-06-22 08:22:28','2026-06-22 08:22:28'),(3001,196,15,1,'2026-06-22 08:22:28','2026-06-22 08:22:28'),(3002,196,16,1,'2026-06-22 08:22:28','2026-06-22 08:22:28'),(3003,196,17,1,'2026-06-22 08:22:28','2026-06-22 08:22:28'),(3004,196,18,1,'2026-06-22 08:22:28','2026-06-22 08:22:28'),(3005,196,19,1,'2026-06-22 08:22:28','2026-06-22 08:22:28'),(3006,196,20,1,'2026-06-22 08:22:28','2026-06-22 08:22:28'),(3007,218,13,1,'2026-06-22 08:22:28','2026-06-22 08:22:28'),(3008,218,14,1,'2026-06-22 08:22:28','2026-06-22 08:22:28'),(3009,218,15,1,'2026-06-22 08:22:28','2026-06-22 08:22:28'),(3010,218,16,1,'2026-06-22 08:22:28','2026-06-22 08:22:28'),(3011,218,17,1,'2026-06-22 08:22:28','2026-06-22 08:22:28'),(3012,218,18,1,'2026-06-22 08:22:28','2026-06-22 08:22:28'),(3013,218,19,1,'2026-06-22 08:22:28','2026-06-22 08:22:28'),(3014,218,20,1,'2026-06-22 08:22:28','2026-06-22 08:22:28'),(3015,240,13,1,'2026-06-22 08:22:28','2026-06-22 08:22:28'),(3016,240,14,1,'2026-06-22 08:22:28','2026-06-22 08:22:28'),(3017,240,15,1,'2026-06-22 08:22:28','2026-06-22 08:22:28'),(3018,240,16,1,'2026-06-22 08:22:28','2026-06-22 08:22:28'),(3019,240,17,1,'2026-06-22 08:22:28','2026-06-22 08:22:28'),(3020,240,18,1,'2026-06-22 08:22:28','2026-06-22 08:22:28'),(3021,240,19,1,'2026-06-22 08:22:28','2026-06-22 08:22:28'),(3022,240,20,1,'2026-06-22 08:22:28','2026-06-22 08:22:28'),(3023,262,13,1,'2026-06-22 08:22:28','2026-06-22 08:22:28'),(3024,262,14,1,'2026-06-22 08:22:28','2026-06-22 08:22:28'),(3025,262,15,1,'2026-06-22 08:22:28','2026-06-22 08:22:28'),(3026,262,16,1,'2026-06-22 08:22:28','2026-06-22 08:22:28'),(3027,262,17,1,'2026-06-22 08:22:28','2026-06-22 08:22:28'),(3028,262,18,1,'2026-06-22 08:22:28','2026-06-22 08:22:28'),(3029,262,19,1,'2026-06-22 08:22:28','2026-06-22 08:22:28'),(3030,262,20,1,'2026-06-22 08:22:28','2026-06-22 08:22:28'),(3031,284,13,1,'2026-06-22 08:22:28','2026-06-22 08:22:28'),(3032,284,14,1,'2026-06-22 08:22:28','2026-06-22 08:22:28'),(3033,284,15,1,'2026-06-22 08:22:28','2026-06-22 08:22:28'),(3034,284,16,1,'2026-06-22 08:22:28','2026-06-22 08:22:28'),(3035,284,17,1,'2026-06-22 08:22:28','2026-06-22 08:22:28'),(3036,284,18,1,'2026-06-22 08:22:28','2026-06-22 08:22:28'),(3037,284,19,1,'2026-06-22 08:22:28','2026-06-22 08:22:28'),(3038,284,20,1,'2026-06-22 08:22:28','2026-06-22 08:22:28'),(3039,306,13,1,'2026-06-22 08:22:28','2026-06-22 08:22:28'),(3040,306,14,1,'2026-06-22 08:22:28','2026-06-22 08:22:28'),(3041,306,15,1,'2026-06-22 08:22:28','2026-06-22 08:22:28'),(3042,306,16,1,'2026-06-22 08:22:28','2026-06-22 08:22:28'),(3043,306,17,1,'2026-06-22 08:22:28','2026-06-22 08:22:28'),(3044,306,18,1,'2026-06-22 08:22:28','2026-06-22 08:22:28'),(3045,306,19,1,'2026-06-22 08:22:28','2026-06-22 08:22:28'),(3046,306,20,1,'2026-06-22 08:22:28','2026-06-22 08:22:28'),(3047,328,13,1,'2026-06-22 08:22:28','2026-06-22 08:22:28'),(3048,328,14,1,'2026-06-22 08:22:28','2026-06-22 08:22:28'),(3049,328,15,1,'2026-06-22 08:22:28','2026-06-22 08:22:28'),(3050,328,16,1,'2026-06-22 08:22:28','2026-06-22 08:22:28'),(3051,328,17,1,'2026-06-22 08:22:28','2026-06-22 08:22:28'),(3052,328,18,1,'2026-06-22 08:22:28','2026-06-22 08:22:28'),(3053,328,19,1,'2026-06-22 08:22:28','2026-06-22 08:22:28'),(3054,328,20,1,'2026-06-22 08:22:28','2026-06-22 08:22:28'),(3055,350,13,1,'2026-06-22 08:22:28','2026-06-22 08:22:28'),(3056,350,14,1,'2026-06-22 08:22:28','2026-06-22 08:22:28'),(3057,350,15,1,'2026-06-22 08:22:28','2026-06-22 08:22:28'),(3058,350,16,1,'2026-06-22 08:22:28','2026-06-22 08:22:28'),(3059,350,17,1,'2026-06-22 08:22:28','2026-06-22 08:22:28'),(3060,350,18,1,'2026-06-22 08:22:28','2026-06-22 08:22:28'),(3061,350,19,1,'2026-06-22 08:22:28','2026-06-22 08:22:28'),(3062,350,20,1,'2026-06-22 08:22:28','2026-06-22 08:22:28'),(3063,372,13,1,'2026-06-22 08:22:28','2026-06-22 08:22:28'),(3064,372,14,1,'2026-06-22 08:22:28','2026-06-22 08:22:28'),(3065,372,15,1,'2026-06-22 08:22:28','2026-06-22 08:22:28'),(3066,372,16,1,'2026-06-22 08:22:28','2026-06-22 08:22:28'),(3067,372,17,1,'2026-06-22 08:22:28','2026-06-22 08:22:28'),(3068,372,18,1,'2026-06-22 08:22:28','2026-06-22 08:22:28'),(3069,372,19,1,'2026-06-22 08:22:28','2026-06-22 08:22:28'),(3070,372,20,1,'2026-06-22 08:22:28','2026-06-22 08:22:28'),(3071,394,13,1,'2026-06-22 08:22:28','2026-06-22 08:22:28'),(3072,394,14,1,'2026-06-22 08:22:28','2026-06-22 08:22:28'),(3073,394,15,1,'2026-06-22 08:22:28','2026-06-22 08:22:28'),(3074,394,16,1,'2026-06-22 08:22:28','2026-06-22 08:22:28'),(3075,394,17,1,'2026-06-22 08:22:28','2026-06-22 08:22:28'),(3076,394,18,1,'2026-06-22 08:22:28','2026-06-22 08:22:28'),(3077,394,19,1,'2026-06-22 08:22:28','2026-06-22 08:22:28'),(3078,394,20,1,'2026-06-22 08:22:28','2026-06-22 08:22:28'),(3079,416,13,1,'2026-06-22 08:22:28','2026-06-22 08:22:28'),(3080,416,14,1,'2026-06-22 08:22:28','2026-06-22 08:22:28'),(3081,416,15,1,'2026-06-22 08:22:28','2026-06-22 08:22:28'),(3082,416,16,1,'2026-06-22 08:22:28','2026-06-22 08:22:28'),(3083,416,17,1,'2026-06-22 08:22:28','2026-06-22 08:22:28'),(3084,416,18,1,'2026-06-22 08:22:28','2026-06-22 08:22:28'),(3085,416,19,1,'2026-06-22 08:22:28','2026-06-22 08:22:28'),(3086,416,20,1,'2026-06-22 08:22:28','2026-06-22 08:22:28'),(3087,438,13,1,'2026-06-22 08:22:28','2026-06-22 08:22:28'),(3088,438,14,1,'2026-06-22 08:22:28','2026-06-22 08:22:28'),(3089,438,15,1,'2026-06-22 08:22:28','2026-06-22 08:22:28'),(3090,438,16,1,'2026-06-22 08:22:28','2026-06-22 08:22:28'),(3091,438,17,1,'2026-06-22 08:22:28','2026-06-22 08:22:28'),(3092,438,18,1,'2026-06-22 08:22:28','2026-06-22 08:22:28'),(3093,438,19,1,'2026-06-22 08:22:28','2026-06-22 08:22:28'),(3094,438,20,1,'2026-06-22 08:22:28','2026-06-22 08:22:28'),(3095,460,13,1,'2026-06-22 08:22:28','2026-06-22 08:22:28'),(3096,460,14,1,'2026-06-22 08:22:28','2026-06-22 08:22:28'),(3097,460,15,1,'2026-06-22 08:22:28','2026-06-22 08:22:28'),(3098,460,16,1,'2026-06-22 08:22:28','2026-06-22 08:22:28'),(3099,460,17,1,'2026-06-22 08:22:28','2026-06-22 08:22:28'),(3100,460,18,1,'2026-06-22 08:22:28','2026-06-22 08:22:28'),(3101,460,19,1,'2026-06-22 08:22:28','2026-06-22 08:22:28'),(3102,460,20,1,'2026-06-22 08:22:28','2026-06-22 08:22:28'),(3103,482,13,1,'2026-06-22 08:22:28','2026-06-22 08:22:28'),(3104,482,14,1,'2026-06-22 08:22:28','2026-06-22 08:22:28'),(3105,482,15,1,'2026-06-22 08:22:28','2026-06-22 08:22:28'),(3106,482,16,1,'2026-06-22 08:22:28','2026-06-22 08:22:28'),(3107,482,17,1,'2026-06-22 08:22:28','2026-06-22 08:22:28'),(3108,482,18,1,'2026-06-22 08:22:28','2026-06-22 08:22:28'),(3109,482,19,1,'2026-06-22 08:22:28','2026-06-22 08:22:28'),(3110,482,20,1,'2026-06-22 08:22:28','2026-06-22 08:22:28'),(3111,504,13,1,'2026-06-22 08:22:28','2026-06-22 08:22:28'),(3112,504,14,1,'2026-06-22 08:22:28','2026-06-22 08:22:28'),(3113,504,15,1,'2026-06-22 08:22:28','2026-06-22 08:22:28'),(3114,504,16,1,'2026-06-22 08:22:28','2026-06-22 08:22:28'),(3115,504,17,1,'2026-06-22 08:22:28','2026-06-22 08:22:28'),(3116,504,18,1,'2026-06-22 08:22:28','2026-06-22 08:22:28'),(3117,504,19,1,'2026-06-22 08:22:28','2026-06-22 08:22:28'),(3118,504,20,1,'2026-06-22 08:22:28','2026-06-22 08:22:28'),(3119,526,13,1,'2026-06-22 08:22:28','2026-06-22 08:22:28'),(3120,526,14,1,'2026-06-22 08:22:28','2026-06-22 08:22:28'),(3121,526,15,1,'2026-06-22 08:22:28','2026-06-22 08:22:28'),(3122,526,16,1,'2026-06-22 08:22:28','2026-06-22 08:22:28'),(3123,526,17,1,'2026-06-22 08:22:28','2026-06-22 08:22:28'),(3124,526,18,1,'2026-06-22 08:22:28','2026-06-22 08:22:28'),(3125,526,19,1,'2026-06-22 08:22:28','2026-06-22 08:22:28'),(3126,526,20,1,'2026-06-22 08:22:28','2026-06-22 08:22:28'),(3127,21,13,1,'2026-06-22 08:22:28','2026-06-22 08:22:28'),(3128,21,14,1,'2026-06-22 08:22:28','2026-06-22 08:22:28'),(3129,21,15,1,'2026-06-22 08:22:28','2026-06-22 08:22:28'),(3130,21,16,1,'2026-06-22 08:22:28','2026-06-22 08:22:28'),(3131,21,17,1,'2026-06-22 08:22:28','2026-06-22 08:22:28'),(3132,21,18,1,'2026-06-22 08:22:28','2026-06-22 08:22:28'),(3133,21,19,1,'2026-06-22 08:22:28','2026-06-22 08:22:28'),(3134,21,20,1,'2026-06-22 08:22:28','2026-06-22 08:22:28'),(3135,43,13,1,'2026-06-22 08:22:28','2026-06-22 08:22:28'),(3136,43,14,1,'2026-06-22 08:22:28','2026-06-22 08:22:28'),(3137,43,15,1,'2026-06-22 08:22:28','2026-06-22 08:22:28'),(3138,43,16,1,'2026-06-22 08:22:28','2026-06-22 08:22:28'),(3139,43,17,1,'2026-06-22 08:22:28','2026-06-22 08:22:28'),(3140,43,18,1,'2026-06-22 08:22:28','2026-06-22 08:22:28'),(3141,43,19,1,'2026-06-22 08:22:28','2026-06-22 08:22:28'),(3142,43,20,1,'2026-06-22 08:22:28','2026-06-22 08:22:28'),(3143,65,13,1,'2026-06-22 08:22:28','2026-06-22 08:22:28'),(3144,65,14,1,'2026-06-22 08:22:28','2026-06-22 08:22:28'),(3145,65,15,1,'2026-06-22 08:22:28','2026-06-22 08:22:28'),(3146,65,16,1,'2026-06-22 08:22:28','2026-06-22 08:22:28'),(3147,65,17,1,'2026-06-22 08:22:28','2026-06-22 08:22:28'),(3148,65,18,1,'2026-06-22 08:22:28','2026-06-22 08:22:28'),(3149,65,19,1,'2026-06-22 08:22:28','2026-06-22 08:22:28'),(3150,65,20,1,'2026-06-22 08:22:28','2026-06-22 08:22:28'),(3151,87,13,1,'2026-06-22 08:22:28','2026-06-22 08:22:28'),(3152,87,14,1,'2026-06-22 08:22:28','2026-06-22 08:22:28'),(3153,87,15,1,'2026-06-22 08:22:28','2026-06-22 08:22:28'),(3154,87,16,1,'2026-06-22 08:22:28','2026-06-22 08:22:28'),(3155,87,17,1,'2026-06-22 08:22:28','2026-06-22 08:22:28'),(3156,87,18,1,'2026-06-22 08:22:28','2026-06-22 08:22:28'),(3157,87,19,1,'2026-06-22 08:22:28','2026-06-22 08:22:28'),(3158,87,20,1,'2026-06-22 08:22:28','2026-06-22 08:22:28'),(3159,109,13,1,'2026-06-22 08:22:28','2026-06-22 08:22:28'),(3160,109,14,1,'2026-06-22 08:22:28','2026-06-22 08:22:28'),(3161,109,15,1,'2026-06-22 08:22:28','2026-06-22 08:22:28'),(3162,109,16,1,'2026-06-22 08:22:28','2026-06-22 08:22:28'),(3163,109,17,1,'2026-06-22 08:22:28','2026-06-22 08:22:28'),(3164,109,18,1,'2026-06-22 08:22:28','2026-06-22 08:22:28'),(3165,109,19,1,'2026-06-22 08:22:28','2026-06-22 08:22:28'),(3166,109,20,1,'2026-06-22 08:22:28','2026-06-22 08:22:28'),(3167,131,13,1,'2026-06-22 08:22:28','2026-06-22 08:22:28'),(3168,131,14,1,'2026-06-22 08:22:28','2026-06-22 08:22:28'),(3169,131,15,1,'2026-06-22 08:22:28','2026-06-22 08:22:28'),(3170,131,16,1,'2026-06-22 08:22:28','2026-06-22 08:22:28'),(3171,131,17,1,'2026-06-22 08:22:28','2026-06-22 08:22:28'),(3172,131,18,1,'2026-06-22 08:22:28','2026-06-22 08:22:28'),(3173,131,19,1,'2026-06-22 08:22:28','2026-06-22 08:22:28'),(3174,131,20,1,'2026-06-22 08:22:28','2026-06-22 08:22:28'),(3175,153,13,1,'2026-06-22 08:22:28','2026-06-22 08:22:28'),(3176,153,14,1,'2026-06-22 08:22:28','2026-06-22 08:22:28'),(3177,153,15,1,'2026-06-22 08:22:28','2026-06-22 08:22:28'),(3178,153,16,1,'2026-06-22 08:22:28','2026-06-22 08:22:28'),(3179,153,17,1,'2026-06-22 08:22:28','2026-06-22 08:22:28'),(3180,153,18,1,'2026-06-22 08:22:28','2026-06-22 08:22:28'),(3181,153,19,1,'2026-06-22 08:22:28','2026-06-22 08:22:28'),(3182,153,20,1,'2026-06-22 08:22:28','2026-06-22 08:22:28'),(3183,175,13,1,'2026-06-22 08:22:28','2026-06-22 08:22:28'),(3184,175,14,1,'2026-06-22 08:22:28','2026-06-22 08:22:28'),(3185,175,15,1,'2026-06-22 08:22:28','2026-06-22 08:22:28'),(3186,175,16,1,'2026-06-22 08:22:28','2026-06-22 08:22:28'),(3187,175,17,1,'2026-06-22 08:22:28','2026-06-22 08:22:28'),(3188,175,18,1,'2026-06-22 08:22:28','2026-06-22 08:22:28'),(3189,175,19,1,'2026-06-22 08:22:28','2026-06-22 08:22:28'),(3190,175,20,1,'2026-06-22 08:22:28','2026-06-22 08:22:28'),(3191,197,13,1,'2026-06-22 08:22:28','2026-06-22 08:22:28'),(3192,197,14,1,'2026-06-22 08:22:28','2026-06-22 08:22:28'),(3193,197,15,1,'2026-06-22 08:22:28','2026-06-22 08:22:28'),(3194,197,16,1,'2026-06-22 08:22:28','2026-06-22 08:22:28'),(3195,197,17,1,'2026-06-22 08:22:28','2026-06-22 08:22:28'),(3196,197,18,1,'2026-06-22 08:22:28','2026-06-22 08:22:28'),(3197,197,19,1,'2026-06-22 08:22:28','2026-06-22 08:22:28'),(3198,197,20,1,'2026-06-22 08:22:28','2026-06-22 08:22:28'),(3199,219,13,1,'2026-06-22 08:22:28','2026-06-22 08:22:28'),(3200,219,14,1,'2026-06-22 08:22:28','2026-06-22 08:22:28'),(3201,219,15,1,'2026-06-22 08:22:28','2026-06-22 08:22:28'),(3202,219,16,1,'2026-06-22 08:22:28','2026-06-22 08:22:28'),(3203,219,17,1,'2026-06-22 08:22:28','2026-06-22 08:22:28'),(3204,219,18,1,'2026-06-22 08:22:28','2026-06-22 08:22:28'),(3205,219,19,1,'2026-06-22 08:22:28','2026-06-22 08:22:28'),(3206,219,20,1,'2026-06-22 08:22:28','2026-06-22 08:22:28'),(3207,241,13,1,'2026-06-22 08:22:28','2026-06-22 08:22:28'),(3208,241,14,1,'2026-06-22 08:22:28','2026-06-22 08:22:28'),(3209,241,15,1,'2026-06-22 08:22:28','2026-06-22 08:22:28'),(3210,241,16,1,'2026-06-22 08:22:28','2026-06-22 08:22:28'),(3211,241,17,1,'2026-06-22 08:22:28','2026-06-22 08:22:28'),(3212,241,18,1,'2026-06-22 08:22:28','2026-06-22 08:22:28'),(3213,241,19,1,'2026-06-22 08:22:28','2026-06-22 08:22:28'),(3214,241,20,1,'2026-06-22 08:22:28','2026-06-22 08:22:28'),(3215,263,13,1,'2026-06-22 08:22:28','2026-06-22 08:22:28'),(3216,263,14,1,'2026-06-22 08:22:28','2026-06-22 08:22:28'),(3217,263,15,1,'2026-06-22 08:22:28','2026-06-22 08:22:28'),(3218,263,16,1,'2026-06-22 08:22:28','2026-06-22 08:22:28'),(3219,263,17,1,'2026-06-22 08:22:28','2026-06-22 08:22:28'),(3220,263,18,1,'2026-06-22 08:22:28','2026-06-22 08:22:28'),(3221,263,19,1,'2026-06-22 08:22:28','2026-06-22 08:22:28'),(3222,263,20,1,'2026-06-22 08:22:28','2026-06-22 08:22:28'),(3223,285,13,1,'2026-06-22 08:22:28','2026-06-22 08:22:28'),(3224,285,14,1,'2026-06-22 08:22:28','2026-06-22 08:22:28'),(3225,285,15,1,'2026-06-22 08:22:28','2026-06-22 08:22:28'),(3226,285,16,1,'2026-06-22 08:22:28','2026-06-22 08:22:28'),(3227,285,17,1,'2026-06-22 08:22:28','2026-06-22 08:22:28'),(3228,285,18,1,'2026-06-22 08:22:28','2026-06-22 08:22:28'),(3229,285,19,1,'2026-06-22 08:22:28','2026-06-22 08:22:28'),(3230,285,20,1,'2026-06-22 08:22:28','2026-06-22 08:22:28'),(3231,307,13,1,'2026-06-22 08:22:28','2026-06-22 08:22:28'),(3232,307,14,1,'2026-06-22 08:22:28','2026-06-22 08:22:28'),(3233,307,15,1,'2026-06-22 08:22:28','2026-06-22 08:22:28'),(3234,307,16,1,'2026-06-22 08:22:28','2026-06-22 08:22:28'),(3235,307,17,1,'2026-06-22 08:22:28','2026-06-22 08:22:28'),(3236,307,18,1,'2026-06-22 08:22:28','2026-06-22 08:22:28'),(3237,307,19,1,'2026-06-22 08:22:28','2026-06-22 08:22:28'),(3238,307,20,1,'2026-06-22 08:22:28','2026-06-22 08:22:28'),(3239,329,13,1,'2026-06-22 08:22:28','2026-06-22 08:22:28'),(3240,329,14,1,'2026-06-22 08:22:28','2026-06-22 08:22:28'),(3241,329,15,1,'2026-06-22 08:22:28','2026-06-22 08:22:28'),(3242,329,16,1,'2026-06-22 08:22:28','2026-06-22 08:22:28'),(3243,329,17,1,'2026-06-22 08:22:28','2026-06-22 08:22:28'),(3244,329,18,1,'2026-06-22 08:22:28','2026-06-22 08:22:28'),(3245,329,19,1,'2026-06-22 08:22:28','2026-06-22 08:22:28'),(3246,329,20,1,'2026-06-22 08:22:28','2026-06-22 08:22:28'),(3247,351,13,1,'2026-06-22 08:22:28','2026-06-22 08:22:28'),(3248,351,14,1,'2026-06-22 08:22:28','2026-06-22 08:22:28'),(3249,351,15,1,'2026-06-22 08:22:28','2026-06-22 08:22:28'),(3250,351,16,1,'2026-06-22 08:22:28','2026-06-22 08:22:28'),(3251,351,17,1,'2026-06-22 08:22:28','2026-06-22 08:22:28'),(3252,351,18,1,'2026-06-22 08:22:28','2026-06-22 08:22:28'),(3253,351,19,1,'2026-06-22 08:22:28','2026-06-22 08:22:28'),(3254,351,20,1,'2026-06-22 08:22:28','2026-06-22 08:22:28'),(3255,373,13,1,'2026-06-22 08:22:28','2026-06-22 08:22:28'),(3256,373,14,1,'2026-06-22 08:22:28','2026-06-22 08:22:28'),(3257,373,15,1,'2026-06-22 08:22:28','2026-06-22 08:22:28'),(3258,373,16,1,'2026-06-22 08:22:28','2026-06-22 08:22:28'),(3259,373,17,1,'2026-06-22 08:22:28','2026-06-22 08:22:28'),(3260,373,18,1,'2026-06-22 08:22:28','2026-06-22 08:22:28'),(3261,373,19,1,'2026-06-22 08:22:28','2026-06-22 08:22:28'),(3262,373,20,1,'2026-06-22 08:22:28','2026-06-22 08:22:28'),(3263,395,13,1,'2026-06-22 08:22:28','2026-06-22 08:22:28'),(3264,395,14,1,'2026-06-22 08:22:28','2026-06-22 08:22:28'),(3265,395,15,1,'2026-06-22 08:22:28','2026-06-22 08:22:28'),(3266,395,16,1,'2026-06-22 08:22:28','2026-06-22 08:22:28'),(3267,395,17,1,'2026-06-22 08:22:28','2026-06-22 08:22:28'),(3268,395,18,1,'2026-06-22 08:22:28','2026-06-22 08:22:28'),(3269,395,19,1,'2026-06-22 08:22:28','2026-06-22 08:22:28'),(3270,395,20,1,'2026-06-22 08:22:28','2026-06-22 08:22:28'),(3271,417,13,1,'2026-06-22 08:22:28','2026-06-22 08:22:28'),(3272,417,14,1,'2026-06-22 08:22:28','2026-06-22 08:22:28'),(3273,417,15,1,'2026-06-22 08:22:28','2026-06-22 08:22:28'),(3274,417,16,1,'2026-06-22 08:22:28','2026-06-22 08:22:28'),(3275,417,17,1,'2026-06-22 08:22:28','2026-06-22 08:22:28'),(3276,417,18,1,'2026-06-22 08:22:28','2026-06-22 08:22:28'),(3277,417,19,1,'2026-06-22 08:22:28','2026-06-22 08:22:28'),(3278,417,20,1,'2026-06-22 08:22:28','2026-06-22 08:22:28'),(3279,439,13,1,'2026-06-22 08:22:28','2026-06-22 08:22:28'),(3280,439,14,1,'2026-06-22 08:22:28','2026-06-22 08:22:28'),(3281,439,15,1,'2026-06-22 08:22:28','2026-06-22 08:22:28'),(3282,439,16,1,'2026-06-22 08:22:28','2026-06-22 08:22:28'),(3283,439,17,1,'2026-06-22 08:22:28','2026-06-22 08:22:28'),(3284,439,18,1,'2026-06-22 08:22:28','2026-06-22 08:22:28'),(3285,439,19,1,'2026-06-22 08:22:28','2026-06-22 08:22:28'),(3286,439,20,1,'2026-06-22 08:22:28','2026-06-22 08:22:28'),(3287,461,13,1,'2026-06-22 08:22:28','2026-06-22 08:22:28'),(3288,461,14,1,'2026-06-22 08:22:28','2026-06-22 08:22:28'),(3289,461,15,1,'2026-06-22 08:22:28','2026-06-22 08:22:28'),(3290,461,16,1,'2026-06-22 08:22:28','2026-06-22 08:22:28'),(3291,461,17,1,'2026-06-22 08:22:28','2026-06-22 08:22:28'),(3292,461,18,1,'2026-06-22 08:22:28','2026-06-22 08:22:28'),(3293,461,19,1,'2026-06-22 08:22:28','2026-06-22 08:22:28'),(3294,461,20,1,'2026-06-22 08:22:28','2026-06-22 08:22:28'),(3295,483,13,1,'2026-06-22 08:22:28','2026-06-22 08:22:28'),(3296,483,14,1,'2026-06-22 08:22:28','2026-06-22 08:22:28'),(3297,483,15,1,'2026-06-22 08:22:28','2026-06-22 08:22:28'),(3298,483,16,1,'2026-06-22 08:22:28','2026-06-22 08:22:28'),(3299,483,17,1,'2026-06-22 08:22:28','2026-06-22 08:22:28'),(3300,483,18,1,'2026-06-22 08:22:28','2026-06-22 08:22:28'),(3301,483,19,1,'2026-06-22 08:22:28','2026-06-22 08:22:28'),(3302,483,20,1,'2026-06-22 08:22:28','2026-06-22 08:22:28'),(3303,505,13,1,'2026-06-22 08:22:28','2026-06-22 08:22:28'),(3304,505,14,1,'2026-06-22 08:22:28','2026-06-22 08:22:28'),(3305,505,15,1,'2026-06-22 08:22:28','2026-06-22 08:22:28'),(3306,505,16,1,'2026-06-22 08:22:28','2026-06-22 08:22:28'),(3307,505,17,1,'2026-06-22 08:22:28','2026-06-22 08:22:28'),(3308,505,18,1,'2026-06-22 08:22:28','2026-06-22 08:22:28'),(3309,505,19,1,'2026-06-22 08:22:28','2026-06-22 08:22:28'),(3310,505,20,1,'2026-06-22 08:22:28','2026-06-22 08:22:28'),(3311,527,13,1,'2026-06-22 08:22:28','2026-06-22 08:22:28'),(3312,527,14,1,'2026-06-22 08:22:28','2026-06-22 08:22:28'),(3313,527,15,1,'2026-06-22 08:22:28','2026-06-22 08:22:28'),(3314,527,16,1,'2026-06-22 08:22:28','2026-06-22 08:22:28'),(3315,527,17,1,'2026-06-22 08:22:28','2026-06-22 08:22:28'),(3316,527,18,1,'2026-06-22 08:22:28','2026-06-22 08:22:28'),(3317,527,19,1,'2026-06-22 08:22:28','2026-06-22 08:22:28'),(3318,527,20,1,'2026-06-22 08:22:28','2026-06-22 08:22:28'),(3319,22,29,1,'2026-06-22 08:22:28','2026-06-22 08:22:28'),(3320,22,30,1,'2026-06-22 08:22:28','2026-06-22 08:22:28'),(3321,22,31,1,'2026-06-22 08:22:28','2026-06-22 08:22:28'),(3322,22,32,1,'2026-06-22 08:22:28','2026-06-22 08:22:28'),(3323,22,33,1,'2026-06-22 08:22:28','2026-06-22 08:22:28'),(3324,22,34,1,'2026-06-22 08:22:28','2026-06-22 08:22:28'),(3325,22,35,1,'2026-06-22 08:22:28','2026-06-22 08:22:28'),(3326,22,36,0,'2026-06-22 08:22:28','2026-06-22 08:22:28'),(3327,44,29,1,'2026-06-22 08:22:28','2026-06-22 08:22:28'),(3328,44,30,1,'2026-06-22 08:22:28','2026-06-22 08:22:28'),(3329,44,31,1,'2026-06-22 08:22:28','2026-06-22 08:22:28'),(3330,44,32,1,'2026-06-22 08:22:28','2026-06-22 08:22:28'),(3331,44,33,1,'2026-06-22 08:22:28','2026-06-22 08:22:28'),(3332,44,34,1,'2026-06-22 08:22:28','2026-06-22 08:22:28'),(3333,44,35,1,'2026-06-22 08:22:28','2026-06-22 08:22:28'),(3334,44,36,0,'2026-06-22 08:22:28','2026-06-22 08:22:28'),(3335,66,29,1,'2026-06-22 08:22:28','2026-06-22 08:22:28'),(3336,66,30,1,'2026-06-22 08:22:28','2026-06-22 08:22:28'),(3337,66,31,1,'2026-06-22 08:22:28','2026-06-22 08:22:28'),(3338,66,32,1,'2026-06-22 08:22:28','2026-06-22 08:22:28'),(3339,66,33,1,'2026-06-22 08:22:28','2026-06-22 08:22:28'),(3340,66,34,1,'2026-06-22 08:22:28','2026-06-22 08:22:28'),(3341,66,35,1,'2026-06-22 08:22:28','2026-06-22 08:22:28'),(3342,66,36,0,'2026-06-22 08:22:28','2026-06-22 08:22:28'),(3343,88,29,1,'2026-06-22 08:22:28','2026-06-22 08:22:28'),(3344,88,30,1,'2026-06-22 08:22:28','2026-06-22 08:22:28'),(3345,88,31,1,'2026-06-22 08:22:28','2026-06-22 08:22:28'),(3346,88,32,1,'2026-06-22 08:22:28','2026-06-22 08:22:28'),(3347,88,33,1,'2026-06-22 08:22:28','2026-06-22 08:22:28'),(3348,88,34,1,'2026-06-22 08:22:28','2026-06-22 08:22:28'),(3349,88,35,1,'2026-06-22 08:22:28','2026-06-22 08:22:28'),(3350,88,36,0,'2026-06-22 08:22:28','2026-06-22 08:22:28'),(3351,110,29,1,'2026-06-22 08:22:28','2026-06-22 08:22:28'),(3352,110,30,1,'2026-06-22 08:22:28','2026-06-22 08:22:28'),(3353,110,31,1,'2026-06-22 08:22:28','2026-06-22 08:22:28'),(3354,110,32,1,'2026-06-22 08:22:28','2026-06-22 08:22:28'),(3355,110,33,1,'2026-06-22 08:22:28','2026-06-22 08:22:28'),(3356,110,34,1,'2026-06-22 08:22:28','2026-06-22 08:22:28'),(3357,110,35,1,'2026-06-22 08:22:28','2026-06-22 08:22:28'),(3358,110,36,0,'2026-06-22 08:22:28','2026-06-22 08:22:28'),(3359,132,29,1,'2026-06-22 08:22:28','2026-06-22 08:22:28'),(3360,132,30,1,'2026-06-22 08:22:28','2026-06-22 08:22:28'),(3361,132,31,1,'2026-06-22 08:22:28','2026-06-22 08:22:28'),(3362,132,32,1,'2026-06-22 08:22:28','2026-06-22 08:22:28'),(3363,132,33,1,'2026-06-22 08:22:28','2026-06-22 08:22:28'),(3364,132,34,1,'2026-06-22 08:22:28','2026-06-22 08:22:28'),(3365,132,35,1,'2026-06-22 08:22:28','2026-06-22 08:22:28'),(3366,132,36,0,'2026-06-22 08:22:28','2026-06-22 08:22:28'),(3367,154,29,1,'2026-06-22 08:22:28','2026-06-22 08:22:28'),(3368,154,30,1,'2026-06-22 08:22:28','2026-06-22 08:22:28'),(3369,154,31,1,'2026-06-22 08:22:28','2026-06-22 08:22:28'),(3370,154,32,1,'2026-06-22 08:22:28','2026-06-22 08:22:28'),(3371,154,33,1,'2026-06-22 08:22:28','2026-06-22 08:22:28'),(3372,154,34,1,'2026-06-22 08:22:28','2026-06-22 08:22:28'),(3373,154,35,1,'2026-06-22 08:22:28','2026-06-22 08:22:28'),(3374,154,36,0,'2026-06-22 08:22:28','2026-06-22 08:22:28'),(3375,176,29,1,'2026-06-22 08:22:28','2026-06-22 08:22:28'),(3376,176,30,1,'2026-06-22 08:22:28','2026-06-22 08:22:28'),(3377,176,31,1,'2026-06-22 08:22:28','2026-06-22 08:22:28'),(3378,176,32,1,'2026-06-22 08:22:28','2026-06-22 08:22:28'),(3379,176,33,1,'2026-06-22 08:22:28','2026-06-22 08:22:28'),(3380,176,34,1,'2026-06-22 08:22:28','2026-06-22 08:22:28'),(3381,176,35,1,'2026-06-22 08:22:28','2026-06-22 08:22:28'),(3382,176,36,0,'2026-06-22 08:22:28','2026-06-22 08:22:28'),(3383,198,29,1,'2026-06-22 08:22:28','2026-06-22 08:22:28'),(3384,198,30,1,'2026-06-22 08:22:28','2026-06-22 08:22:28'),(3385,198,31,1,'2026-06-22 08:22:28','2026-06-22 08:22:28'),(3386,198,32,1,'2026-06-22 08:22:28','2026-06-22 08:22:28'),(3387,198,33,1,'2026-06-22 08:22:28','2026-06-22 08:22:28'),(3388,198,34,1,'2026-06-22 08:22:28','2026-06-22 08:22:28'),(3389,198,35,1,'2026-06-22 08:22:28','2026-06-22 08:22:28'),(3390,198,36,0,'2026-06-22 08:22:28','2026-06-22 08:22:28'),(3391,220,29,1,'2026-06-22 08:22:28','2026-06-22 08:22:28'),(3392,220,30,1,'2026-06-22 08:22:28','2026-06-22 08:22:28'),(3393,220,31,1,'2026-06-22 08:22:28','2026-06-22 08:22:28'),(3394,220,32,1,'2026-06-22 08:22:28','2026-06-22 08:22:28'),(3395,220,33,1,'2026-06-22 08:22:28','2026-06-22 08:22:28'),(3396,220,34,1,'2026-06-22 08:22:28','2026-06-22 08:22:28'),(3397,220,35,1,'2026-06-22 08:22:28','2026-06-22 08:22:28'),(3398,220,36,0,'2026-06-22 08:22:28','2026-06-22 08:22:28'),(3399,242,29,1,'2026-06-22 08:22:28','2026-06-22 08:22:28'),(3400,242,30,1,'2026-06-22 08:22:28','2026-06-22 08:22:28'),(3401,242,31,1,'2026-06-22 08:22:28','2026-06-22 08:22:28'),(3402,242,32,1,'2026-06-22 08:22:28','2026-06-22 08:22:28'),(3403,242,33,1,'2026-06-22 08:22:28','2026-06-22 08:22:28'),(3404,242,34,1,'2026-06-22 08:22:28','2026-06-22 08:22:28'),(3405,242,35,1,'2026-06-22 08:22:28','2026-06-22 08:22:28'),(3406,242,36,0,'2026-06-22 08:22:28','2026-06-22 08:22:28'),(3407,264,29,1,'2026-06-22 08:22:28','2026-06-22 08:22:28'),(3408,264,30,1,'2026-06-22 08:22:28','2026-06-22 08:22:28'),(3409,264,31,1,'2026-06-22 08:22:28','2026-06-22 08:22:28'),(3410,264,32,1,'2026-06-22 08:22:28','2026-06-22 08:22:28'),(3411,264,33,1,'2026-06-22 08:22:28','2026-06-22 08:22:28'),(3412,264,34,1,'2026-06-22 08:22:28','2026-06-22 08:22:28'),(3413,264,35,1,'2026-06-22 08:22:28','2026-06-22 08:22:28'),(3414,264,36,0,'2026-06-22 08:22:28','2026-06-22 08:22:28'),(3415,286,29,1,'2026-06-22 08:22:28','2026-06-22 08:22:28'),(3416,286,30,1,'2026-06-22 08:22:28','2026-06-22 08:22:28'),(3417,286,31,1,'2026-06-22 08:22:28','2026-06-22 08:22:28'),(3418,286,32,1,'2026-06-22 08:22:28','2026-06-22 08:22:28'),(3419,286,33,1,'2026-06-22 08:22:28','2026-06-22 08:22:28'),(3420,286,34,1,'2026-06-22 08:22:28','2026-06-22 08:22:28'),(3421,286,35,1,'2026-06-22 08:22:28','2026-06-22 08:22:28'),(3422,286,36,0,'2026-06-22 08:22:28','2026-06-22 08:22:28'),(3423,308,29,1,'2026-06-22 08:22:28','2026-06-22 08:22:28'),(3424,308,30,1,'2026-06-22 08:22:28','2026-06-22 08:22:28'),(3425,308,31,1,'2026-06-22 08:22:28','2026-06-22 08:22:28'),(3426,308,32,1,'2026-06-22 08:22:28','2026-06-22 08:22:28'),(3427,308,33,1,'2026-06-22 08:22:28','2026-06-22 08:22:28'),(3428,308,34,1,'2026-06-22 08:22:28','2026-06-22 08:22:28'),(3429,308,35,1,'2026-06-22 08:22:28','2026-06-22 08:22:28'),(3430,308,36,0,'2026-06-22 08:22:28','2026-06-22 08:22:28'),(3431,330,29,1,'2026-06-22 08:22:28','2026-06-22 08:22:28'),(3432,330,30,1,'2026-06-22 08:22:28','2026-06-22 08:22:28'),(3433,330,31,1,'2026-06-22 08:22:28','2026-06-22 08:22:28'),(3434,330,32,1,'2026-06-22 08:22:28','2026-06-22 08:22:28'),(3435,330,33,1,'2026-06-22 08:22:28','2026-06-22 08:22:28'),(3436,330,34,1,'2026-06-22 08:22:28','2026-06-22 08:22:28'),(3437,330,35,1,'2026-06-22 08:22:28','2026-06-22 08:22:28'),(3438,330,36,0,'2026-06-22 08:22:28','2026-06-22 08:22:28'),(3439,352,29,1,'2026-06-22 08:22:28','2026-06-22 08:22:28'),(3440,352,30,1,'2026-06-22 08:22:28','2026-06-22 08:22:28'),(3441,352,31,1,'2026-06-22 08:22:28','2026-06-22 08:22:28'),(3442,352,32,1,'2026-06-22 08:22:28','2026-06-22 08:22:28'),(3443,352,33,1,'2026-06-22 08:22:28','2026-06-22 08:22:28'),(3444,352,34,1,'2026-06-22 08:22:28','2026-06-22 08:22:28'),(3445,352,35,1,'2026-06-22 08:22:28','2026-06-22 08:22:28'),(3446,352,36,0,'2026-06-22 08:22:28','2026-06-22 08:22:28'),(3447,374,29,1,'2026-06-22 08:22:28','2026-06-22 08:22:28'),(3448,374,30,1,'2026-06-22 08:22:28','2026-06-22 08:22:28'),(3449,374,31,1,'2026-06-22 08:22:28','2026-06-22 08:22:28'),(3450,374,32,1,'2026-06-22 08:22:28','2026-06-22 08:22:28'),(3451,374,33,1,'2026-06-22 08:22:28','2026-06-22 08:22:28'),(3452,374,34,1,'2026-06-22 08:22:28','2026-06-22 08:22:28'),(3453,374,35,1,'2026-06-22 08:22:28','2026-06-22 08:22:28'),(3454,374,36,0,'2026-06-22 08:22:28','2026-06-22 08:22:28'),(3455,396,29,1,'2026-06-22 08:22:28','2026-06-22 08:22:28'),(3456,396,30,1,'2026-06-22 08:22:28','2026-06-22 08:22:28'),(3457,396,31,1,'2026-06-22 08:22:28','2026-06-22 08:22:28'),(3458,396,32,1,'2026-06-22 08:22:28','2026-06-22 08:22:28'),(3459,396,33,1,'2026-06-22 08:22:28','2026-06-22 08:22:28'),(3460,396,34,1,'2026-06-22 08:22:28','2026-06-22 08:22:28'),(3461,396,35,1,'2026-06-22 08:22:28','2026-06-22 08:22:28'),(3462,396,36,0,'2026-06-22 08:22:28','2026-06-22 08:22:28'),(3463,418,29,1,'2026-06-22 08:22:28','2026-06-22 08:22:28'),(3464,418,30,1,'2026-06-22 08:22:28','2026-06-22 08:22:28'),(3465,418,31,1,'2026-06-22 08:22:28','2026-06-22 08:22:28'),(3466,418,32,1,'2026-06-22 08:22:28','2026-06-22 08:22:28'),(3467,418,33,1,'2026-06-22 08:22:28','2026-06-22 08:22:28'),(3468,418,34,1,'2026-06-22 08:22:28','2026-06-22 08:22:28'),(3469,418,35,1,'2026-06-22 08:22:28','2026-06-22 08:22:28'),(3470,418,36,0,'2026-06-22 08:22:28','2026-06-22 08:22:28'),(3471,440,29,1,'2026-06-22 08:22:28','2026-06-22 08:22:28'),(3472,440,30,1,'2026-06-22 08:22:28','2026-06-22 08:22:28'),(3473,440,31,1,'2026-06-22 08:22:28','2026-06-22 08:22:28'),(3474,440,32,1,'2026-06-22 08:22:28','2026-06-22 08:22:28'),(3475,440,33,1,'2026-06-22 08:22:28','2026-06-22 08:22:28'),(3476,440,34,1,'2026-06-22 08:22:28','2026-06-22 08:22:28'),(3477,440,35,1,'2026-06-22 08:22:28','2026-06-22 08:22:28'),(3478,440,36,0,'2026-06-22 08:22:28','2026-06-22 08:22:28'),(3479,462,29,1,'2026-06-22 08:22:28','2026-06-22 08:22:28'),(3480,462,30,1,'2026-06-22 08:22:28','2026-06-22 08:22:28'),(3481,462,31,1,'2026-06-22 08:22:28','2026-06-22 08:22:28'),(3482,462,32,1,'2026-06-22 08:22:28','2026-06-22 08:22:28'),(3483,462,33,1,'2026-06-22 08:22:28','2026-06-22 08:22:28'),(3484,462,34,1,'2026-06-22 08:22:28','2026-06-22 08:22:28'),(3485,462,35,1,'2026-06-22 08:22:28','2026-06-22 08:22:28'),(3486,462,36,0,'2026-06-22 08:22:28','2026-06-22 08:22:28'),(3487,484,29,1,'2026-06-22 08:22:28','2026-06-22 08:22:28'),(3488,484,30,1,'2026-06-22 08:22:28','2026-06-22 08:22:28'),(3489,484,31,1,'2026-06-22 08:22:28','2026-06-22 08:22:28'),(3490,484,32,1,'2026-06-22 08:22:28','2026-06-22 08:22:28'),(3491,484,33,1,'2026-06-22 08:22:28','2026-06-22 08:22:28'),(3492,484,34,1,'2026-06-22 08:22:28','2026-06-22 08:22:28'),(3493,484,35,1,'2026-06-22 08:22:28','2026-06-22 08:22:28'),(3494,484,36,0,'2026-06-22 08:22:28','2026-06-22 08:22:28'),(3495,506,29,1,'2026-06-22 08:22:28','2026-06-22 08:22:28'),(3496,506,30,1,'2026-06-22 08:22:28','2026-06-22 08:22:28'),(3497,506,31,1,'2026-06-22 08:22:28','2026-06-22 08:22:28'),(3498,506,32,1,'2026-06-22 08:22:28','2026-06-22 08:22:28'),(3499,506,33,1,'2026-06-22 08:22:28','2026-06-22 08:22:28'),(3500,506,34,1,'2026-06-22 08:22:28','2026-06-22 08:22:28'),(3501,506,35,1,'2026-06-22 08:22:28','2026-06-22 08:22:28'),(3502,506,36,0,'2026-06-22 08:22:28','2026-06-22 08:22:28'),(3503,528,29,1,'2026-06-22 08:22:28','2026-06-22 08:22:28'),(3504,528,30,1,'2026-06-22 08:22:28','2026-06-22 08:22:28'),(3505,528,31,1,'2026-06-22 08:22:28','2026-06-22 08:22:28'),(3506,528,32,1,'2026-06-22 08:22:28','2026-06-22 08:22:28'),(3507,528,33,1,'2026-06-22 08:22:28','2026-06-22 08:22:28'),(3508,528,34,1,'2026-06-22 08:22:28','2026-06-22 08:22:28'),(3509,528,35,1,'2026-06-22 08:22:28','2026-06-22 08:22:28'),(3510,528,36,0,'2026-06-22 08:22:28','2026-06-22 08:22:28');
/*!40000 ALTER TABLE `asistencias` ENABLE KEYS */;
UNLOCK TABLES;

--
-- Table structure for table `cache`
--

DROP TABLE IF EXISTS `cache`;
/*!40101 SET @saved_cs_client     = @@character_set_client */;
/*!40101 SET character_set_client = utf8 */;
CREATE TABLE `cache` (
  `key` varchar(255) NOT NULL,
  `value` mediumtext NOT NULL,
  `expiration` int(11) NOT NULL,
  PRIMARY KEY (`key`)
) ENGINE=InnoDB DEFAULT CHARSET=utf8mb4 COLLATE=utf8mb4_unicode_ci;
/*!40101 SET character_set_client = @saved_cs_client */;

--
-- Dumping data for table `cache`
--

LOCK TABLES `cache` WRITE;
/*!40000 ALTER TABLE `cache` DISABLE KEYS */;
/*!40000 ALTER TABLE `cache` ENABLE KEYS */;
UNLOCK TABLES;

--
-- Table structure for table `cache_locks`
--

DROP TABLE IF EXISTS `cache_locks`;
/*!40101 SET @saved_cs_client     = @@character_set_client */;
/*!40101 SET character_set_client = utf8 */;
CREATE TABLE `cache_locks` (
  `key` varchar(255) NOT NULL,
  `owner` varchar(255) NOT NULL,
  `expiration` int(11) NOT NULL,
  PRIMARY KEY (`key`)
) ENGINE=InnoDB DEFAULT CHARSET=utf8mb4 COLLATE=utf8mb4_unicode_ci;
/*!40101 SET character_set_client = @saved_cs_client */;

--
-- Dumping data for table `cache_locks`
--

LOCK TABLES `cache_locks` WRITE;
/*!40000 ALTER TABLE `cache_locks` DISABLE KEYS */;
/*!40000 ALTER TABLE `cache_locks` ENABLE KEYS */;
UNLOCK TABLES;

--
-- Table structure for table `cajas_operativas`
--

DROP TABLE IF EXISTS `cajas_operativas`;
/*!40101 SET @saved_cs_client     = @@character_set_client */;
/*!40101 SET character_set_client = utf8 */;
CREATE TABLE `cajas_operativas` (
  `id` bigint(20) unsigned NOT NULL AUTO_INCREMENT,
  `usuario_operativo_id` bigint(20) unsigned NOT NULL,
  `apertura_at` datetime NOT NULL,
  `cierre_at` datetime DEFAULT NULL,
  `estado` enum('ABIERTA','CERRADA','VALIDADA','RECHAZADA') NOT NULL DEFAULT 'ABIERTA',
  `cerrada_por_admin` tinyint(1) NOT NULL DEFAULT 0,
  `usuario_admin_cierre_id` bigint(20) unsigned DEFAULT NULL,
  `usuario_admin_validacion_id` bigint(20) unsigned DEFAULT NULL,
  `validada_at` datetime DEFAULT NULL,
  `motivo_rechazo` text DEFAULT NULL,
  `created_at` timestamp NULL DEFAULT NULL,
  `updated_at` timestamp NULL DEFAULT NULL,
  PRIMARY KEY (`id`),
  KEY `cajas_operativas_usuario_operativo_id_foreign` (`usuario_operativo_id`),
  KEY `cajas_operativas_usuario_admin_cierre_id_foreign` (`usuario_admin_cierre_id`),
  KEY `cajas_operativas_usuario_admin_validacion_id_foreign` (`usuario_admin_validacion_id`),
  CONSTRAINT `cajas_operativas_usuario_admin_cierre_id_foreign` FOREIGN KEY (`usuario_admin_cierre_id`) REFERENCES `users` (`id`) ON DELETE SET NULL,
  CONSTRAINT `cajas_operativas_usuario_admin_validacion_id_foreign` FOREIGN KEY (`usuario_admin_validacion_id`) REFERENCES `users` (`id`) ON DELETE SET NULL,
  CONSTRAINT `cajas_operativas_usuario_operativo_id_foreign` FOREIGN KEY (`usuario_operativo_id`) REFERENCES `users` (`id`) ON DELETE CASCADE
) ENGINE=InnoDB AUTO_INCREMENT=80 DEFAULT CHARSET=utf8mb4 COLLATE=utf8mb4_unicode_ci;
/*!40101 SET character_set_client = @saved_cs_client */;

--
-- Dumping data for table `cajas_operativas`
--

LOCK TABLES `cajas_operativas` WRITE;
/*!40000 ALTER TABLE `cajas_operativas` DISABLE KEYS */;
INSERT INTO `cajas_operativas` VALUES (1,2,'2026-01-06 09:00:00','2026-01-06 18:00:00','VALIDADA',0,NULL,1,'2026-01-06 18:30:00',NULL,'2026-06-22 08:22:36','2026-06-22 08:22:36'),(2,2,'2026-02-06 09:00:00','2026-02-06 18:00:00','VALIDADA',0,NULL,1,'2026-02-06 18:30:00',NULL,'2026-06-22 08:22:36','2026-06-22 08:22:36'),(3,2,'2026-03-06 09:00:00','2026-03-06 18:00:00','VALIDADA',0,NULL,1,'2026-03-06 18:30:00',NULL,'2026-06-22 08:22:36','2026-06-22 08:22:36'),(4,2,'2026-04-06 09:00:00','2026-04-06 18:00:00','VALIDADA',0,NULL,1,'2026-04-06 18:30:00',NULL,'2026-06-22 08:22:36','2026-06-22 08:22:36'),(5,2,'2026-05-06 09:00:00','2026-05-06 18:00:00','VALIDADA',0,NULL,1,'2026-05-06 18:30:00',NULL,'2026-06-22 08:22:36','2026-06-22 08:22:36'),(6,2,'2026-01-07 09:00:00','2026-01-07 18:00:00','VALIDADA',0,NULL,1,'2026-01-07 18:30:00',NULL,'2026-06-22 08:22:36','2026-06-22 08:22:36'),(7,2,'2026-02-07 09:00:00','2026-02-07 18:00:00','VALIDADA',0,NULL,1,'2026-02-07 18:30:00',NULL,'2026-06-22 08:22:36','2026-06-22 08:22:36'),(8,2,'2026-03-07 09:00:00','2026-03-07 18:00:00','VALIDADA',0,NULL,1,'2026-03-07 18:30:00',NULL,'2026-06-22 08:22:36','2026-06-22 08:22:36'),(9,2,'2026-04-07 09:00:00','2026-04-07 18:00:00','VALIDADA',0,NULL,1,'2026-04-07 18:30:00',NULL,'2026-06-22 08:22:36','2026-06-22 08:22:36'),(10,2,'2026-05-07 09:00:00','2026-05-07 18:00:00','VALIDADA',0,NULL,1,'2026-05-07 18:30:00',NULL,'2026-06-22 08:22:36','2026-06-22 08:22:36'),(11,2,'2026-01-08 09:00:00','2026-01-08 18:00:00','VALIDADA',0,NULL,1,'2026-01-08 18:30:00',NULL,'2026-06-22 08:22:36','2026-06-22 08:22:36'),(12,2,'2026-02-08 09:00:00','2026-02-08 18:00:00','VALIDADA',0,NULL,1,'2026-02-08 18:30:00',NULL,'2026-06-22 08:22:36','2026-06-22 08:22:36'),(13,2,'2026-03-08 09:00:00','2026-03-08 18:00:00','VALIDADA',0,NULL,1,'2026-03-08 18:30:00',NULL,'2026-06-22 08:22:36','2026-06-22 08:22:36'),(14,2,'2026-04-08 09:00:00','2026-04-08 18:00:00','VALIDADA',0,NULL,1,'2026-04-08 18:30:00',NULL,'2026-06-22 08:22:36','2026-06-22 08:22:36'),(15,2,'2026-05-08 09:00:00','2026-05-08 18:00:00','VALIDADA',0,NULL,1,'2026-05-08 18:30:00',NULL,'2026-06-22 08:22:36','2026-06-22 08:22:36'),(16,2,'2026-01-09 09:00:00','2026-01-09 18:00:00','VALIDADA',0,NULL,1,'2026-01-09 18:30:00',NULL,'2026-06-22 08:22:36','2026-06-22 08:22:36'),(17,2,'2026-02-09 09:00:00','2026-02-09 18:00:00','VALIDADA',0,NULL,1,'2026-02-09 18:30:00',NULL,'2026-06-22 08:22:36','2026-06-22 08:22:36'),(18,2,'2026-03-09 09:00:00','2026-03-09 18:00:00','VALIDADA',0,NULL,1,'2026-03-09 18:30:00',NULL,'2026-06-22 08:22:36','2026-06-22 08:22:36'),(19,2,'2026-04-09 09:00:00','2026-04-09 18:00:00','VALIDADA',0,NULL,1,'2026-04-09 18:30:00',NULL,'2026-06-22 08:22:36','2026-06-22 08:22:36'),(20,2,'2026-05-09 09:00:00','2026-05-09 18:00:00','VALIDADA',0,NULL,1,'2026-05-09 18:30:00',NULL,'2026-06-22 08:22:36','2026-06-22 08:22:36'),(21,2,'2026-01-10 09:00:00','2026-01-10 18:00:00','VALIDADA',0,NULL,1,'2026-01-10 18:30:00',NULL,'2026-06-22 08:22:36','2026-06-22 08:22:36'),(22,2,'2026-02-10 09:00:00','2026-02-10 18:00:00','VALIDADA',0,NULL,1,'2026-02-10 18:30:00',NULL,'2026-06-22 08:22:36','2026-06-22 08:22:36'),(23,2,'2026-03-10 09:00:00','2026-03-10 18:00:00','VALIDADA',0,NULL,1,'2026-03-10 18:30:00',NULL,'2026-06-22 08:22:36','2026-06-22 08:22:36'),(24,2,'2026-04-10 09:00:00','2026-04-10 18:00:00','VALIDADA',0,NULL,1,'2026-04-10 18:30:00',NULL,'2026-06-22 08:22:36','2026-06-22 08:22:36'),(25,2,'2026-05-10 09:00:00','2026-05-10 18:00:00','VALIDADA',0,NULL,1,'2026-05-10 18:30:00',NULL,'2026-06-22 08:22:36','2026-06-22 08:22:36'),(26,2,'2026-01-11 09:00:00','2026-01-11 18:00:00','VALIDADA',0,NULL,1,'2026-01-11 18:30:00',NULL,'2026-06-22 08:22:36','2026-06-22 08:22:36'),(27,2,'2026-02-11 09:00:00','2026-02-11 18:00:00','VALIDADA',0,NULL,1,'2026-02-11 18:30:00',NULL,'2026-06-22 08:22:36','2026-06-22 08:22:36'),(28,2,'2026-03-11 09:00:00','2026-03-11 18:00:00','VALIDADA',0,NULL,1,'2026-03-11 18:30:00',NULL,'2026-06-22 08:22:36','2026-06-22 08:22:36'),(29,2,'2026-04-11 09:00:00','2026-04-11 18:00:00','VALIDADA',0,NULL,1,'2026-04-11 18:30:00',NULL,'2026-06-22 08:22:36','2026-06-22 08:22:36'),(30,2,'2026-05-11 09:00:00','2026-05-11 18:00:00','VALIDADA',0,NULL,1,'2026-05-11 18:30:00',NULL,'2026-06-22 08:22:36','2026-06-22 08:22:36'),(31,2,'2026-01-12 09:00:00','2026-01-12 18:00:00','VALIDADA',0,NULL,1,'2026-01-12 18:30:00',NULL,'2026-06-22 08:22:36','2026-06-22 08:22:36'),(32,2,'2026-02-12 09:00:00','2026-02-12 18:00:00','VALIDADA',0,NULL,1,'2026-02-12 18:30:00',NULL,'2026-06-22 08:22:36','2026-06-22 08:22:36'),(33,2,'2026-03-12 09:00:00','2026-03-12 18:00:00','VALIDADA',0,NULL,1,'2026-03-12 18:30:00',NULL,'2026-06-22 08:22:36','2026-06-22 08:22:36'),(34,2,'2026-04-12 09:00:00','2026-04-12 18:00:00','VALIDADA',0,NULL,1,'2026-04-12 18:30:00',NULL,'2026-06-22 08:22:36','2026-06-22 08:22:36'),(35,2,'2026-05-12 09:00:00','2026-05-12 18:00:00','VALIDADA',0,NULL,1,'2026-05-12 18:30:00',NULL,'2026-06-22 08:22:36','2026-06-22 08:22:36'),(36,2,'2026-01-13 09:00:00','2026-01-13 18:00:00','VALIDADA',0,NULL,1,'2026-01-13 18:30:00',NULL,'2026-06-22 08:22:36','2026-06-22 08:22:36'),(37,2,'2026-02-13 09:00:00','2026-02-13 18:00:00','VALIDADA',0,NULL,1,'2026-02-13 18:30:00',NULL,'2026-06-22 08:22:36','2026-06-22 08:22:36'),(38,2,'2026-03-13 09:00:00','2026-03-13 18:00:00','VALIDADA',0,NULL,1,'2026-03-13 18:30:00',NULL,'2026-06-22 08:22:36','2026-06-22 08:22:36'),(39,2,'2026-04-13 09:00:00','2026-04-13 18:00:00','VALIDADA',0,NULL,1,'2026-04-13 18:30:00',NULL,'2026-06-22 08:22:37','2026-06-22 08:22:37'),(40,2,'2026-05-13 09:00:00','2026-05-13 18:00:00','VALIDADA',0,NULL,1,'2026-05-13 18:30:00',NULL,'2026-06-22 08:22:37','2026-06-22 08:22:37'),(41,2,'2026-01-14 09:00:00','2026-01-14 18:00:00','VALIDADA',0,NULL,1,'2026-01-14 18:30:00',NULL,'2026-06-22 08:22:37','2026-06-22 08:22:37'),(42,2,'2026-02-14 09:00:00','2026-02-14 18:00:00','VALIDADA',0,NULL,1,'2026-02-14 18:30:00',NULL,'2026-06-22 08:22:37','2026-06-22 08:22:37'),(43,2,'2026-03-14 09:00:00','2026-03-14 18:00:00','VALIDADA',0,NULL,1,'2026-03-14 18:30:00',NULL,'2026-06-22 08:22:37','2026-06-22 08:22:37'),(44,2,'2026-04-14 09:00:00','2026-04-14 18:00:00','VALIDADA',0,NULL,1,'2026-04-14 18:30:00',NULL,'2026-06-22 08:22:37','2026-06-22 08:22:37'),(45,2,'2026-05-14 09:00:00','2026-05-14 18:00:00','VALIDADA',0,NULL,1,'2026-05-14 18:30:00',NULL,'2026-06-22 08:22:37','2026-06-22 08:22:37'),(46,2,'2026-01-15 09:00:00','2026-01-15 18:00:00','VALIDADA',0,NULL,1,'2026-01-15 18:30:00',NULL,'2026-06-22 08:22:37','2026-06-22 08:22:37'),(47,2,'2026-02-15 09:00:00','2026-02-15 18:00:00','VALIDADA',0,NULL,1,'2026-02-15 18:30:00',NULL,'2026-06-22 08:22:37','2026-06-22 08:22:37'),(48,2,'2026-03-15 09:00:00','2026-03-15 18:00:00','VALIDADA',0,NULL,1,'2026-03-15 18:30:00',NULL,'2026-06-22 08:22:37','2026-06-22 08:22:37'),(49,2,'2026-04-15 09:00:00','2026-04-15 18:00:00','VALIDADA',0,NULL,1,'2026-04-15 18:30:00',NULL,'2026-06-22 08:22:37','2026-06-22 08:22:37'),(50,2,'2026-05-15 09:00:00','2026-05-15 18:00:00','VALIDADA',0,NULL,1,'2026-05-15 18:30:00',NULL,'2026-06-22 08:22:37','2026-06-22 08:22:37'),(51,2,'2026-01-16 09:00:00','2026-01-16 18:00:00','VALIDADA',0,NULL,1,'2026-01-16 18:30:00',NULL,'2026-06-22 08:22:37','2026-06-22 08:22:37'),(52,2,'2026-02-16 09:00:00','2026-02-16 18:00:00','VALIDADA',0,NULL,1,'2026-02-16 18:30:00',NULL,'2026-06-22 08:22:37','2026-06-22 08:22:37'),(53,2,'2026-03-16 09:00:00','2026-03-16 18:00:00','VALIDADA',0,NULL,1,'2026-03-16 18:30:00',NULL,'2026-06-22 08:22:37','2026-06-22 08:22:37'),(54,2,'2026-04-16 09:00:00','2026-04-16 18:00:00','VALIDADA',0,NULL,1,'2026-04-16 18:30:00',NULL,'2026-06-22 08:22:37','2026-06-22 08:22:37'),(55,2,'2026-05-16 09:00:00','2026-05-16 18:00:00','VALIDADA',0,NULL,1,'2026-05-16 18:30:00',NULL,'2026-06-22 08:22:37','2026-06-22 08:22:37'),(56,2,'2026-01-18 09:00:00','2026-01-18 18:00:00','VALIDADA',0,NULL,1,'2026-01-18 18:30:00',NULL,'2026-06-22 08:22:37','2026-06-22 08:22:37'),(57,2,'2026-02-18 09:00:00','2026-02-18 18:00:00','VALIDADA',0,NULL,1,'2026-02-18 18:30:00',NULL,'2026-06-22 08:22:37','2026-06-22 08:22:37'),(58,2,'2026-03-18 09:00:00','2026-03-18 18:00:00','VALIDADA',0,NULL,1,'2026-03-18 18:30:00',NULL,'2026-06-22 08:22:37','2026-06-22 08:22:37'),(59,2,'2026-04-18 09:00:00','2026-04-18 18:00:00','VALIDADA',0,NULL,1,'2026-04-18 18:30:00',NULL,'2026-06-22 08:22:37','2026-06-22 08:22:37'),(60,2,'2026-05-18 09:00:00','2026-05-18 18:00:00','VALIDADA',0,NULL,1,'2026-05-18 18:30:00',NULL,'2026-06-22 08:22:37','2026-06-22 08:22:37'),(61,2,'2026-01-19 09:00:00','2026-01-19 18:00:00','VALIDADA',0,NULL,1,'2026-01-19 18:30:00',NULL,'2026-06-22 08:22:37','2026-06-22 08:22:37'),(62,2,'2026-02-19 09:00:00','2026-02-19 18:00:00','VALIDADA',0,NULL,1,'2026-02-19 18:30:00',NULL,'2026-06-22 08:22:37','2026-06-22 08:22:37'),(63,2,'2026-03-19 09:00:00','2026-03-19 18:00:00','VALIDADA',0,NULL,1,'2026-03-19 18:30:00',NULL,'2026-06-22 08:22:37','2026-06-22 08:22:37'),(64,2,'2026-04-19 09:00:00','2026-04-19 18:00:00','VALIDADA',0,NULL,1,'2026-04-19 18:30:00',NULL,'2026-06-22 08:22:37','2026-06-22 08:22:37'),(65,2,'2026-05-19 09:00:00','2026-05-19 18:00:00','VALIDADA',0,NULL,1,'2026-05-19 18:30:00',NULL,'2026-06-22 08:22:37','2026-06-22 08:22:37'),(66,2,'2026-01-20 09:00:00','2026-01-20 18:00:00','VALIDADA',0,NULL,1,'2026-01-20 18:30:00',NULL,'2026-06-22 08:22:37','2026-06-22 08:22:37'),(67,2,'2026-02-20 09:00:00','2026-02-20 18:00:00','VALIDADA',0,NULL,1,'2026-02-20 18:30:00',NULL,'2026-06-22 08:22:37','2026-06-22 08:22:37'),(68,2,'2026-03-20 09:00:00','2026-03-20 18:00:00','VALIDADA',0,NULL,1,'2026-03-20 18:30:00',NULL,'2026-06-22 08:22:37','2026-06-22 08:22:37'),(69,2,'2026-04-20 09:00:00','2026-04-20 18:00:00','VALIDADA',0,NULL,1,'2026-04-20 18:30:00',NULL,'2026-06-22 08:22:37','2026-06-22 08:22:37'),(70,2,'2026-05-20 09:00:00','2026-05-20 18:00:00','VALIDADA',0,NULL,1,'2026-05-20 18:30:00',NULL,'2026-06-22 08:22:37','2026-06-22 08:22:37'),(71,2,'2026-01-05 09:00:00','2026-01-05 18:00:00','VALIDADA',0,NULL,1,'2026-01-05 18:30:00',NULL,'2026-06-22 08:22:37','2026-06-22 08:22:37'),(72,2,'2026-02-05 09:00:00','2026-02-05 18:00:00','VALIDADA',0,NULL,1,'2026-02-05 18:30:00',NULL,'2026-06-22 08:22:37','2026-06-22 08:22:37'),(73,2,'2026-03-05 09:00:00','2026-03-05 18:00:00','VALIDADA',0,NULL,1,'2026-03-05 18:30:00',NULL,'2026-06-22 08:22:37','2026-06-22 08:22:37'),(74,2,'2026-04-05 09:00:00','2026-04-05 18:00:00','VALIDADA',0,NULL,1,'2026-04-05 18:30:00',NULL,'2026-06-22 08:22:37','2026-06-22 08:22:37'),(75,2,'2026-05-05 09:00:00','2026-05-05 18:00:00','VALIDADA',0,NULL,1,'2026-05-05 18:30:00',NULL,'2026-06-22 08:22:37','2026-06-22 08:22:37'),(76,2,'2026-01-17 09:00:00','2026-01-17 18:00:00','VALIDADA',0,NULL,1,'2026-01-17 18:30:00',NULL,'2026-06-22 08:22:38','2026-06-22 08:22:38'),(77,2,'2026-02-17 09:00:00','2026-02-17 18:00:00','VALIDADA',0,NULL,1,'2026-02-17 18:30:00',NULL,'2026-06-22 08:22:38','2026-06-22 08:22:38'),(78,2,'2026-03-17 09:00:00','2026-03-17 18:00:00','VALIDADA',0,NULL,1,'2026-03-17 18:30:00',NULL,'2026-06-22 08:22:38','2026-06-22 08:22:38'),(79,2,'2026-04-17 09:00:00','2026-04-17 18:00:00','VALIDADA',0,NULL,1,'2026-04-17 18:30:00',NULL,'2026-06-22 08:22:38','2026-06-22 08:22:38');
/*!40000 ALTER TABLE `cajas_operativas` ENABLE KEYS */;
UNLOCK TABLES;

--
-- Table structure for table `cashflow_movimientos`
--

DROP TABLE IF EXISTS `cashflow_movimientos`;
/*!40101 SET @saved_cs_client     = @@character_set_client */;
/*!40101 SET character_set_client = utf8 */;
CREATE TABLE `cashflow_movimientos` (
  `id` bigint(20) unsigned NOT NULL AUTO_INCREMENT,
  `fecha` date NOT NULL,
  `subrubro_id` bigint(20) unsigned NOT NULL,
  `tipo_caja_id` bigint(20) unsigned NOT NULL,
  `monto` decimal(12,2) NOT NULL,
  `observaciones` text DEFAULT NULL,
  `usuario_admin_id` bigint(20) unsigned NOT NULL,
  `referencia_tipo` varchar(255) DEFAULT NULL,
  `referencia_id` bigint(20) unsigned DEFAULT NULL,
  `created_at` timestamp NULL DEFAULT NULL,
  `updated_at` timestamp NULL DEFAULT NULL,
  PRIMARY KEY (`id`),
  KEY `cashflow_movimientos_subrubro_id_foreign` (`subrubro_id`),
  KEY `cashflow_movimientos_usuario_admin_id_foreign` (`usuario_admin_id`),
  KEY `cashflow_movimientos_referencia_tipo_referencia_id_index` (`referencia_tipo`,`referencia_id`),
  KEY `cashflow_movimientos_tipo_caja_id_foreign` (`tipo_caja_id`),
  CONSTRAINT `cashflow_movimientos_subrubro_id_foreign` FOREIGN KEY (`subrubro_id`) REFERENCES `subrubros` (`id`) ON DELETE CASCADE,
  CONSTRAINT `cashflow_movimientos_tipo_caja_id_foreign` FOREIGN KEY (`tipo_caja_id`) REFERENCES `tipos_caja` (`id`) ON DELETE CASCADE,
  CONSTRAINT `cashflow_movimientos_usuario_admin_id_foreign` FOREIGN KEY (`usuario_admin_id`) REFERENCES `users` (`id`) ON DELETE CASCADE
) ENGINE=InnoDB AUTO_INCREMENT=163 DEFAULT CHARSET=utf8mb4 COLLATE=utf8mb4_unicode_ci;
/*!40101 SET character_set_client = @saved_cs_client */;

--
-- Dumping data for table `cashflow_movimientos`
--

LOCK TABLES `cashflow_movimientos` WRITE;
/*!40000 ALTER TABLE `cashflow_movimientos` DISABLE KEYS */;
INSERT INTO `cashflow_movimientos` VALUES (1,'2026-01-06',1,1,25000.00,'Integración caja - mov #1',1,'MOVIMIENTO_OPERATIVO',1,'2026-06-22 08:22:28','2026-06-22 08:22:28'),(2,'2026-02-06',1,1,25000.00,'Integración caja - mov #2',1,'MOVIMIENTO_OPERATIVO',2,'2026-06-22 08:22:28','2026-06-22 08:22:28'),(3,'2026-03-06',1,1,25000.00,'Integración caja - mov #3',1,'MOVIMIENTO_OPERATIVO',3,'2026-06-22 08:22:28','2026-06-22 08:22:28'),(4,'2026-04-06',1,1,25000.00,'Integración caja - mov #4',1,'MOVIMIENTO_OPERATIVO',4,'2026-06-22 08:22:28','2026-06-22 08:22:28'),(5,'2026-05-06',1,1,25000.00,'Integración caja - mov #5',1,'MOVIMIENTO_OPERATIVO',5,'2026-06-22 08:22:28','2026-06-22 08:22:28'),(6,'2026-01-07',1,1,30000.00,'Integración caja - mov #6',1,'MOVIMIENTO_OPERATIVO',6,'2026-06-22 08:22:28','2026-06-22 08:22:28'),(7,'2026-02-07',1,1,30000.00,'Integración caja - mov #7',1,'MOVIMIENTO_OPERATIVO',7,'2026-06-22 08:22:28','2026-06-22 08:22:28'),(8,'2026-03-07',1,1,30000.00,'Integración caja - mov #8',1,'MOVIMIENTO_OPERATIVO',8,'2026-06-22 08:22:28','2026-06-22 08:22:28'),(9,'2026-04-07',1,1,30000.00,'Integración caja - mov #9',1,'MOVIMIENTO_OPERATIVO',9,'2026-06-22 08:22:28','2026-06-22 08:22:28'),(10,'2026-05-07',1,1,30000.00,'Integración caja - mov #10',1,'MOVIMIENTO_OPERATIVO',10,'2026-06-22 08:22:28','2026-06-22 08:22:28'),(11,'2026-01-08',1,1,25000.00,'Integración caja - mov #11',1,'MOVIMIENTO_OPERATIVO',11,'2026-06-22 08:22:28','2026-06-22 08:22:28'),(12,'2026-02-08',1,1,25000.00,'Integración caja - mov #12',1,'MOVIMIENTO_OPERATIVO',12,'2026-06-22 08:22:28','2026-06-22 08:22:28'),(13,'2026-03-08',1,1,25000.00,'Integración caja - mov #13',1,'MOVIMIENTO_OPERATIVO',13,'2026-06-22 08:22:28','2026-06-22 08:22:28'),(14,'2026-04-08',1,1,25000.00,'Integración caja - mov #14',1,'MOVIMIENTO_OPERATIVO',14,'2026-06-22 08:22:28','2026-06-22 08:22:28'),(15,'2026-05-08',1,1,25000.00,'Integración caja - mov #15',1,'MOVIMIENTO_OPERATIVO',15,'2026-06-22 08:22:28','2026-06-22 08:22:28'),(16,'2026-01-09',1,1,30000.00,'Integración caja - mov #16',1,'MOVIMIENTO_OPERATIVO',16,'2026-06-22 08:22:28','2026-06-22 08:22:28'),(17,'2026-02-09',1,1,30000.00,'Integración caja - mov #17',1,'MOVIMIENTO_OPERATIVO',17,'2026-06-22 08:22:28','2026-06-22 08:22:28'),(18,'2026-03-09',1,1,30000.00,'Integración caja - mov #18',1,'MOVIMIENTO_OPERATIVO',18,'2026-06-22 08:22:28','2026-06-22 08:22:28'),(19,'2026-04-09',1,1,30000.00,'Integración caja - mov #19',1,'MOVIMIENTO_OPERATIVO',19,'2026-06-22 08:22:28','2026-06-22 08:22:28'),(20,'2026-05-09',1,1,30000.00,'Integración caja - mov #20',1,'MOVIMIENTO_OPERATIVO',20,'2026-06-22 08:22:28','2026-06-22 08:22:28'),(21,'2026-01-10',1,1,25000.00,'Integración caja - mov #21',1,'MOVIMIENTO_OPERATIVO',21,'2026-06-22 08:22:28','2026-06-22 08:22:28'),(22,'2026-02-10',1,1,25000.00,'Integración caja - mov #22',1,'MOVIMIENTO_OPERATIVO',22,'2026-06-22 08:22:28','2026-06-22 08:22:28'),(23,'2026-03-10',1,1,25000.00,'Integración caja - mov #23',1,'MOVIMIENTO_OPERATIVO',23,'2026-06-22 08:22:28','2026-06-22 08:22:28'),(24,'2026-04-10',1,1,25000.00,'Integración caja - mov #24',1,'MOVIMIENTO_OPERATIVO',24,'2026-06-22 08:22:28','2026-06-22 08:22:28'),(25,'2026-05-10',1,1,25000.00,'Integración caja - mov #25',1,'MOVIMIENTO_OPERATIVO',25,'2026-06-22 08:22:28','2026-06-22 08:22:28'),(26,'2026-01-11',1,1,30000.00,'Integración caja - mov #26',1,'MOVIMIENTO_OPERATIVO',26,'2026-06-22 08:22:28','2026-06-22 08:22:28'),(27,'2026-02-11',1,1,30000.00,'Integración caja - mov #27',1,'MOVIMIENTO_OPERATIVO',27,'2026-06-22 08:22:28','2026-06-22 08:22:28'),(28,'2026-03-11',1,1,30000.00,'Integración caja - mov #28',1,'MOVIMIENTO_OPERATIVO',28,'2026-06-22 08:22:28','2026-06-22 08:22:28'),(29,'2026-04-11',1,1,30000.00,'Integración caja - mov #29',1,'MOVIMIENTO_OPERATIVO',29,'2026-06-22 08:22:28','2026-06-22 08:22:28'),(30,'2026-05-11',1,1,30000.00,'Integración caja - mov #30',1,'MOVIMIENTO_OPERATIVO',30,'2026-06-22 08:22:28','2026-06-22 08:22:28'),(31,'2026-01-12',1,1,25000.00,'Integración caja - mov #31',1,'MOVIMIENTO_OPERATIVO',31,'2026-06-22 08:22:28','2026-06-22 08:22:28'),(32,'2026-02-12',1,1,25000.00,'Integración caja - mov #32',1,'MOVIMIENTO_OPERATIVO',32,'2026-06-22 08:22:28','2026-06-22 08:22:28'),(33,'2026-03-12',1,1,25000.00,'Integración caja - mov #33',1,'MOVIMIENTO_OPERATIVO',33,'2026-06-22 08:22:28','2026-06-22 08:22:28'),(34,'2026-04-12',1,1,25000.00,'Integración caja - mov #34',1,'MOVIMIENTO_OPERATIVO',34,'2026-06-22 08:22:28','2026-06-22 08:22:28'),(35,'2026-05-12',1,1,25000.00,'Integración caja - mov #35',1,'MOVIMIENTO_OPERATIVO',35,'2026-06-22 08:22:28','2026-06-22 08:22:28'),(36,'2026-01-13',1,1,30000.00,'Integración caja - mov #36',1,'MOVIMIENTO_OPERATIVO',36,'2026-06-22 08:22:28','2026-06-22 08:22:28'),(37,'2026-02-13',1,1,30000.00,'Integración caja - mov #37',1,'MOVIMIENTO_OPERATIVO',37,'2026-06-22 08:22:28','2026-06-22 08:22:28'),(38,'2026-03-13',1,1,30000.00,'Integración caja - mov #38',1,'MOVIMIENTO_OPERATIVO',38,'2026-06-22 08:22:28','2026-06-22 08:22:28'),(39,'2026-04-13',1,1,30000.00,'Integración caja - mov #39',1,'MOVIMIENTO_OPERATIVO',39,'2026-06-22 08:22:28','2026-06-22 08:22:28'),(40,'2026-05-13',1,1,30000.00,'Integración caja - mov #40',1,'MOVIMIENTO_OPERATIVO',40,'2026-06-22 08:22:28','2026-06-22 08:22:28'),(41,'2026-01-14',1,1,25000.00,'Integración caja - mov #41',1,'MOVIMIENTO_OPERATIVO',41,'2026-06-22 08:22:28','2026-06-22 08:22:28'),(42,'2026-02-14',1,1,25000.00,'Integración caja - mov #42',1,'MOVIMIENTO_OPERATIVO',42,'2026-06-22 08:22:28','2026-06-22 08:22:28'),(43,'2026-03-14',1,1,25000.00,'Integración caja - mov #43',1,'MOVIMIENTO_OPERATIVO',43,'2026-06-22 08:22:28','2026-06-22 08:22:28'),(44,'2026-04-14',1,1,25000.00,'Integración caja - mov #44',1,'MOVIMIENTO_OPERATIVO',44,'2026-06-22 08:22:28','2026-06-22 08:22:28'),(45,'2026-05-14',1,1,25000.00,'Integración caja - mov #45',1,'MOVIMIENTO_OPERATIVO',45,'2026-06-22 08:22:28','2026-06-22 08:22:28'),(46,'2026-01-15',1,1,30000.00,'Integración caja - mov #46',1,'MOVIMIENTO_OPERATIVO',46,'2026-06-22 08:22:28','2026-06-22 08:22:28'),(47,'2026-02-15',1,1,30000.00,'Integración caja - mov #47',1,'MOVIMIENTO_OPERATIVO',47,'2026-06-22 08:22:28','2026-06-22 08:22:28'),(48,'2026-03-15',1,1,30000.00,'Integración caja - mov #48',1,'MOVIMIENTO_OPERATIVO',48,'2026-06-22 08:22:28','2026-06-22 08:22:28'),(49,'2026-04-15',1,1,30000.00,'Integración caja - mov #49',1,'MOVIMIENTO_OPERATIVO',49,'2026-06-22 08:22:28','2026-06-22 08:22:28'),(50,'2026-05-15',1,1,30000.00,'Integración caja - mov #50',1,'MOVIMIENTO_OPERATIVO',50,'2026-06-22 08:22:28','2026-06-22 08:22:28'),(51,'2026-01-16',1,1,25000.00,'Integración caja - mov #51',1,'MOVIMIENTO_OPERATIVO',51,'2026-06-22 08:22:28','2026-06-22 08:22:28'),(52,'2026-02-16',1,1,25000.00,'Integración caja - mov #52',1,'MOVIMIENTO_OPERATIVO',52,'2026-06-22 08:22:28','2026-06-22 08:22:28'),(53,'2026-03-16',1,1,25000.00,'Integración caja - mov #53',1,'MOVIMIENTO_OPERATIVO',53,'2026-06-22 08:22:28','2026-06-22 08:22:28'),(54,'2026-04-16',1,1,25000.00,'Integración caja - mov #54',1,'MOVIMIENTO_OPERATIVO',54,'2026-06-22 08:22:28','2026-06-22 08:22:28'),(55,'2026-05-16',1,1,25000.00,'Integración caja - mov #55',1,'MOVIMIENTO_OPERATIVO',55,'2026-06-22 08:22:28','2026-06-22 08:22:28'),(56,'2026-01-18',1,1,28000.00,'Integración caja - mov #56',1,'MOVIMIENTO_OPERATIVO',56,'2026-06-22 08:22:28','2026-06-22 08:22:28'),(57,'2026-02-18',1,1,28000.00,'Integración caja - mov #57',1,'MOVIMIENTO_OPERATIVO',57,'2026-06-22 08:22:28','2026-06-22 08:22:28'),(58,'2026-03-18',1,1,28000.00,'Integración caja - mov #58',1,'MOVIMIENTO_OPERATIVO',58,'2026-06-22 08:22:28','2026-06-22 08:22:28'),(59,'2026-04-18',1,1,28000.00,'Integración caja - mov #59',1,'MOVIMIENTO_OPERATIVO',59,'2026-06-22 08:22:28','2026-06-22 08:22:28'),(60,'2026-05-18',1,1,28000.00,'Integración caja - mov #60',1,'MOVIMIENTO_OPERATIVO',60,'2026-06-22 08:22:28','2026-06-22 08:22:28'),(61,'2026-01-19',1,1,33000.00,'Integración caja - mov #61',1,'MOVIMIENTO_OPERATIVO',61,'2026-06-22 08:22:28','2026-06-22 08:22:28'),(62,'2026-02-19',1,1,33000.00,'Integración caja - mov #62',1,'MOVIMIENTO_OPERATIVO',62,'2026-06-22 08:22:28','2026-06-22 08:22:28'),(63,'2026-03-19',1,1,33000.00,'Integración caja - mov #63',1,'MOVIMIENTO_OPERATIVO',63,'2026-06-22 08:22:28','2026-06-22 08:22:28'),(64,'2026-04-19',1,1,33000.00,'Integración caja - mov #64',1,'MOVIMIENTO_OPERATIVO',64,'2026-06-22 08:22:28','2026-06-22 08:22:28'),(65,'2026-05-19',1,1,33000.00,'Integración caja - mov #65',1,'MOVIMIENTO_OPERATIVO',65,'2026-06-22 08:22:28','2026-06-22 08:22:28'),(66,'2026-01-20',1,1,28000.00,'Integración caja - mov #66',1,'MOVIMIENTO_OPERATIVO',66,'2026-06-22 08:22:28','2026-06-22 08:22:28'),(67,'2026-02-20',1,1,28000.00,'Integración caja - mov #67',1,'MOVIMIENTO_OPERATIVO',67,'2026-06-22 08:22:28','2026-06-22 08:22:28'),(68,'2026-03-20',1,1,28000.00,'Integración caja - mov #68',1,'MOVIMIENTO_OPERATIVO',68,'2026-06-22 08:22:28','2026-06-22 08:22:28'),(69,'2026-04-20',1,1,28000.00,'Integración caja - mov #69',1,'MOVIMIENTO_OPERATIVO',69,'2026-06-22 08:22:28','2026-06-22 08:22:28'),(70,'2026-05-20',1,1,28000.00,'Integración caja - mov #70',1,'MOVIMIENTO_OPERATIVO',70,'2026-06-22 08:22:28','2026-06-22 08:22:28'),(71,'2026-01-05',1,1,33000.00,'Integración caja - mov #71',1,'MOVIMIENTO_OPERATIVO',71,'2026-06-22 08:22:28','2026-06-22 08:22:28'),(72,'2026-02-05',1,1,33000.00,'Integración caja - mov #72',1,'MOVIMIENTO_OPERATIVO',72,'2026-06-22 08:22:28','2026-06-22 08:22:28'),(73,'2026-03-05',1,1,33000.00,'Integración caja - mov #73',1,'MOVIMIENTO_OPERATIVO',73,'2026-06-22 08:22:28','2026-06-22 08:22:28'),(74,'2026-04-05',1,1,33000.00,'Integración caja - mov #74',1,'MOVIMIENTO_OPERATIVO',74,'2026-06-22 08:22:28','2026-06-22 08:22:28'),(75,'2026-05-05',1,1,33000.00,'Integración caja - mov #75',1,'MOVIMIENTO_OPERATIVO',75,'2026-06-22 08:22:28','2026-06-22 08:22:28'),(76,'2026-01-06',1,1,28000.00,'Integración caja - mov #76',1,'MOVIMIENTO_OPERATIVO',76,'2026-06-22 08:22:28','2026-06-22 08:22:28'),(77,'2026-02-06',1,1,28000.00,'Integración caja - mov #77',1,'MOVIMIENTO_OPERATIVO',77,'2026-06-22 08:22:28','2026-06-22 08:22:28'),(78,'2026-03-06',1,1,28000.00,'Integración caja - mov #78',1,'MOVIMIENTO_OPERATIVO',78,'2026-06-22 08:22:28','2026-06-22 08:22:28'),(79,'2026-04-06',1,1,28000.00,'Integración caja - mov #79',1,'MOVIMIENTO_OPERATIVO',79,'2026-06-22 08:22:28','2026-06-22 08:22:28'),(80,'2026-05-06',1,1,28000.00,'Integración caja - mov #80',1,'MOVIMIENTO_OPERATIVO',80,'2026-06-22 08:22:28','2026-06-22 08:22:28'),(81,'2026-01-07',1,1,33000.00,'Integración caja - mov #81',1,'MOVIMIENTO_OPERATIVO',81,'2026-06-22 08:22:28','2026-06-22 08:22:28'),(82,'2026-02-07',1,1,33000.00,'Integración caja - mov #82',1,'MOVIMIENTO_OPERATIVO',82,'2026-06-22 08:22:28','2026-06-22 08:22:28'),(83,'2026-03-07',1,1,33000.00,'Integración caja - mov #83',1,'MOVIMIENTO_OPERATIVO',83,'2026-06-22 08:22:28','2026-06-22 08:22:28'),(84,'2026-04-07',1,1,33000.00,'Integración caja - mov #84',1,'MOVIMIENTO_OPERATIVO',84,'2026-06-22 08:22:28','2026-06-22 08:22:28'),(85,'2026-05-07',1,1,33000.00,'Integración caja - mov #85',1,'MOVIMIENTO_OPERATIVO',85,'2026-06-22 08:22:28','2026-06-22 08:22:28'),(86,'2026-01-08',1,1,28000.00,'Integración caja - mov #86',1,'MOVIMIENTO_OPERATIVO',86,'2026-06-22 08:22:28','2026-06-22 08:22:28'),(87,'2026-02-08',1,1,28000.00,'Integración caja - mov #87',1,'MOVIMIENTO_OPERATIVO',87,'2026-06-22 08:22:28','2026-06-22 08:22:28'),(88,'2026-03-08',1,1,28000.00,'Integración caja - mov #88',1,'MOVIMIENTO_OPERATIVO',88,'2026-06-22 08:22:28','2026-06-22 08:22:28'),(89,'2026-04-08',1,1,28000.00,'Integración caja - mov #89',1,'MOVIMIENTO_OPERATIVO',89,'2026-06-22 08:22:28','2026-06-22 08:22:28'),(90,'2026-05-08',1,1,28000.00,'Integración caja - mov #90',1,'MOVIMIENTO_OPERATIVO',90,'2026-06-22 08:22:28','2026-06-22 08:22:28'),(91,'2026-01-09',1,1,33000.00,'Integración caja - mov #91',1,'MOVIMIENTO_OPERATIVO',91,'2026-06-22 08:22:28','2026-06-22 08:22:28'),(92,'2026-02-09',1,1,33000.00,'Integración caja - mov #92',1,'MOVIMIENTO_OPERATIVO',92,'2026-06-22 08:22:28','2026-06-22 08:22:28'),(93,'2026-03-09',1,1,33000.00,'Integración caja - mov #93',1,'MOVIMIENTO_OPERATIVO',93,'2026-06-22 08:22:28','2026-06-22 08:22:28'),(94,'2026-04-09',1,1,33000.00,'Integración caja - mov #94',1,'MOVIMIENTO_OPERATIVO',94,'2026-06-22 08:22:28','2026-06-22 08:22:28'),(95,'2026-05-09',1,1,33000.00,'Integración caja - mov #95',1,'MOVIMIENTO_OPERATIVO',95,'2026-06-22 08:22:28','2026-06-22 08:22:28'),(96,'2026-01-10',1,1,28000.00,'Integración caja - mov #96',1,'MOVIMIENTO_OPERATIVO',96,'2026-06-22 08:22:28','2026-06-22 08:22:28'),(97,'2026-02-10',1,1,28000.00,'Integración caja - mov #97',1,'MOVIMIENTO_OPERATIVO',97,'2026-06-22 08:22:28','2026-06-22 08:22:28'),(98,'2026-03-10',1,1,28000.00,'Integración caja - mov #98',1,'MOVIMIENTO_OPERATIVO',98,'2026-06-22 08:22:28','2026-06-22 08:22:28'),(99,'2026-04-10',1,1,28000.00,'Integración caja - mov #99',1,'MOVIMIENTO_OPERATIVO',99,'2026-06-22 08:22:28','2026-06-22 08:22:28'),(100,'2026-05-10',1,1,28000.00,'Integración caja - mov #100',1,'MOVIMIENTO_OPERATIVO',100,'2026-06-22 08:22:28','2026-06-22 08:22:28'),(101,'2026-01-12',1,1,28000.00,'Integración caja - mov #101',1,'MOVIMIENTO_OPERATIVO',101,'2026-06-22 08:22:28','2026-06-22 08:22:28'),(102,'2026-02-12',1,1,28000.00,'Integración caja - mov #102',1,'MOVIMIENTO_OPERATIVO',102,'2026-06-22 08:22:28','2026-06-22 08:22:28'),(103,'2026-03-12',1,1,28000.00,'Integración caja - mov #103',1,'MOVIMIENTO_OPERATIVO',103,'2026-06-22 08:22:28','2026-06-22 08:22:28'),(104,'2026-04-12',1,1,28000.00,'Integración caja - mov #104',1,'MOVIMIENTO_OPERATIVO',104,'2026-06-22 08:22:28','2026-06-22 08:22:28'),(105,'2026-01-13',1,1,33000.00,'Integración caja - mov #105',1,'MOVIMIENTO_OPERATIVO',105,'2026-06-22 08:22:28','2026-06-22 08:22:28'),(106,'2026-02-13',1,1,33000.00,'Integración caja - mov #106',1,'MOVIMIENTO_OPERATIVO',106,'2026-06-22 08:22:28','2026-06-22 08:22:28'),(107,'2026-03-13',1,1,33000.00,'Integración caja - mov #107',1,'MOVIMIENTO_OPERATIVO',107,'2026-06-22 08:22:28','2026-06-22 08:22:28'),(108,'2026-04-13',1,1,33000.00,'Integración caja - mov #108',1,'MOVIMIENTO_OPERATIVO',108,'2026-06-22 08:22:28','2026-06-22 08:22:28'),(109,'2026-01-14',1,1,28000.00,'Integración caja - mov #109',1,'MOVIMIENTO_OPERATIVO',109,'2026-06-22 08:22:28','2026-06-22 08:22:28'),(110,'2026-02-14',1,1,28000.00,'Integración caja - mov #110',1,'MOVIMIENTO_OPERATIVO',110,'2026-06-22 08:22:28','2026-06-22 08:22:28'),(111,'2026-03-14',1,1,28000.00,'Integración caja - mov #111',1,'MOVIMIENTO_OPERATIVO',111,'2026-06-22 08:22:28','2026-06-22 08:22:28'),(112,'2026-04-14',1,1,28000.00,'Integración caja - mov #112',1,'MOVIMIENTO_OPERATIVO',112,'2026-06-22 08:22:28','2026-06-22 08:22:28'),(113,'2026-01-15',1,1,33000.00,'Integración caja - mov #113',1,'MOVIMIENTO_OPERATIVO',113,'2026-06-22 08:22:28','2026-06-22 08:22:28'),(114,'2026-02-15',1,1,33000.00,'Integración caja - mov #114',1,'MOVIMIENTO_OPERATIVO',114,'2026-06-22 08:22:28','2026-06-22 08:22:28'),(115,'2026-03-15',1,1,33000.00,'Integración caja - mov #115',1,'MOVIMIENTO_OPERATIVO',115,'2026-06-22 08:22:28','2026-06-22 08:22:28'),(116,'2026-04-15',1,1,33000.00,'Integración caja - mov #116',1,'MOVIMIENTO_OPERATIVO',116,'2026-06-22 08:22:28','2026-06-22 08:22:28'),(117,'2026-01-16',1,1,28000.00,'Integración caja - mov #117',1,'MOVIMIENTO_OPERATIVO',117,'2026-06-22 08:22:28','2026-06-22 08:22:28'),(118,'2026-02-16',1,1,28000.00,'Integración caja - mov #118',1,'MOVIMIENTO_OPERATIVO',118,'2026-06-22 08:22:28','2026-06-22 08:22:28'),(119,'2026-03-16',1,1,28000.00,'Integración caja - mov #119',1,'MOVIMIENTO_OPERATIVO',119,'2026-06-22 08:22:28','2026-06-22 08:22:28'),(120,'2026-04-16',1,1,28000.00,'Integración caja - mov #120',1,'MOVIMIENTO_OPERATIVO',120,'2026-06-22 08:22:28','2026-06-22 08:22:28'),(121,'2026-01-17',1,1,33000.00,'Integración caja - mov #121',1,'MOVIMIENTO_OPERATIVO',121,'2026-06-22 08:22:28','2026-06-22 08:22:28'),(122,'2026-02-17',1,1,33000.00,'Integración caja - mov #122',1,'MOVIMIENTO_OPERATIVO',122,'2026-06-22 08:22:28','2026-06-22 08:22:28'),(123,'2026-03-17',1,1,33000.00,'Integración caja - mov #123',1,'MOVIMIENTO_OPERATIVO',123,'2026-06-22 08:22:28','2026-06-22 08:22:28'),(124,'2026-04-17',1,1,33000.00,'Integración caja - mov #124',1,'MOVIMIENTO_OPERATIVO',124,'2026-06-22 08:22:28','2026-06-22 08:22:28'),(125,'2026-01-18',1,1,28000.00,'Integración caja - mov #125',1,'MOVIMIENTO_OPERATIVO',125,'2026-06-22 08:22:28','2026-06-22 08:22:28'),(126,'2026-02-18',1,1,28000.00,'Integración caja - mov #126',1,'MOVIMIENTO_OPERATIVO',126,'2026-06-22 08:22:28','2026-06-22 08:22:28'),(127,'2026-03-18',1,1,28000.00,'Integración caja - mov #127',1,'MOVIMIENTO_OPERATIVO',127,'2026-06-22 08:22:28','2026-06-22 08:22:28'),(128,'2026-04-18',1,1,28000.00,'Integración caja - mov #128',1,'MOVIMIENTO_OPERATIVO',128,'2026-06-22 08:22:28','2026-06-22 08:22:28'),(129,'2026-01-19',1,1,33000.00,'Integración caja - mov #129',1,'MOVIMIENTO_OPERATIVO',129,'2026-06-22 08:22:28','2026-06-22 08:22:28'),(130,'2026-02-19',1,1,33000.00,'Integración caja - mov #130',1,'MOVIMIENTO_OPERATIVO',130,'2026-06-22 08:22:28','2026-06-22 08:22:28'),(131,'2026-03-19',1,1,33000.00,'Integración caja - mov #131',1,'MOVIMIENTO_OPERATIVO',131,'2026-06-22 08:22:28','2026-06-22 08:22:28'),(132,'2026-01-20',1,1,28000.00,'Integración caja - mov #132',1,'MOVIMIENTO_OPERATIVO',132,'2026-06-22 08:22:28','2026-06-22 08:22:28'),(133,'2026-02-20',1,1,28000.00,'Integración caja - mov #133',1,'MOVIMIENTO_OPERATIVO',133,'2026-06-22 08:22:28','2026-06-22 08:22:28'),(134,'2026-03-20',1,1,28000.00,'Integración caja - mov #134',1,'MOVIMIENTO_OPERATIVO',134,'2026-06-22 08:22:28','2026-06-22 08:22:28'),(135,'2026-01-05',1,1,33000.00,'Integración caja - mov #135',1,'MOVIMIENTO_OPERATIVO',135,'2026-06-22 08:22:28','2026-06-22 08:22:28'),(136,'2026-02-05',1,1,33000.00,'Integración caja - mov #136',1,'MOVIMIENTO_OPERATIVO',136,'2026-06-22 08:22:28','2026-06-22 08:22:28'),(137,'2026-03-05',1,1,33000.00,'Integración caja - mov #137',1,'MOVIMIENTO_OPERATIVO',137,'2026-06-22 08:22:28','2026-06-22 08:22:28'),(138,'2026-01-06',1,1,28000.00,'Integración caja - mov #138',1,'MOVIMIENTO_OPERATIVO',138,'2026-06-22 08:22:28','2026-06-22 08:22:28'),(139,'2026-02-06',1,1,28000.00,'Integración caja - mov #139',1,'MOVIMIENTO_OPERATIVO',139,'2026-06-22 08:22:28','2026-06-22 08:22:28'),(140,'2026-03-06',1,1,28000.00,'Integración caja - mov #140',1,'MOVIMIENTO_OPERATIVO',140,'2026-06-22 08:22:28','2026-06-22 08:22:28'),(141,'2026-01-07',1,1,33000.00,'Integración caja - mov #141',1,'MOVIMIENTO_OPERATIVO',141,'2026-06-22 08:22:28','2026-06-22 08:22:28'),(142,'2026-02-07',1,1,33000.00,'Integración caja - mov #142',1,'MOVIMIENTO_OPERATIVO',142,'2026-06-22 08:22:28','2026-06-22 08:22:28'),(143,'2026-03-07',1,1,33000.00,'Integración caja - mov #143',1,'MOVIMIENTO_OPERATIVO',143,'2026-06-22 08:22:28','2026-06-22 08:22:28'),(144,'2026-01-08',1,1,28000.00,'Integración caja - mov #144',1,'MOVIMIENTO_OPERATIVO',144,'2026-06-22 08:22:28','2026-06-22 08:22:28'),(145,'2026-01-09',1,1,33000.00,'Integración caja - mov #145',1,'MOVIMIENTO_OPERATIVO',145,'2026-06-22 08:22:28','2026-06-22 08:22:28'),(146,'2026-01-01',42,5,180000.00,'Alquiler 01/2026',1,NULL,NULL,'2026-06-22 08:22:28','2026-06-22 08:22:28'),(147,'2026-01-15',10,2,22000.00,'Luz 01/2026',1,NULL,NULL,'2026-06-22 08:22:28','2026-06-22 08:22:28'),(148,'2026-01-05',43,5,120000.00,'Sueldo Mitre 01/2026',1,NULL,NULL,'2026-06-22 08:22:28','2026-06-22 08:22:28'),(149,'2026-02-01',42,5,180000.00,'Alquiler 02/2026',1,NULL,NULL,'2026-06-22 08:22:28','2026-06-22 08:22:28'),(150,'2026-02-15',10,2,22000.00,'Luz 02/2026',1,NULL,NULL,'2026-06-22 08:22:28','2026-06-22 08:22:28'),(151,'2026-02-05',43,5,120000.00,'Sueldo Mitre 02/2026',1,NULL,NULL,'2026-06-22 08:22:28','2026-06-22 08:22:28'),(152,'2026-03-01',42,5,180000.00,'Alquiler 03/2026',1,NULL,NULL,'2026-06-22 08:22:28','2026-06-22 08:22:28'),(153,'2026-03-15',10,2,22000.00,'Luz 03/2026',1,NULL,NULL,'2026-06-22 08:22:28','2026-06-22 08:22:28'),(154,'2026-03-05',43,5,120000.00,'Sueldo Mitre 03/2026',1,NULL,NULL,'2026-06-22 08:22:28','2026-06-22 08:22:28'),(155,'2026-04-01',42,5,180000.00,'Alquiler 04/2026',1,NULL,NULL,'2026-06-22 08:22:28','2026-06-22 08:22:28'),(156,'2026-04-15',10,2,22000.00,'Luz 04/2026',1,NULL,NULL,'2026-06-22 08:22:28','2026-06-22 08:22:28'),(157,'2026-04-05',43,5,120000.00,'Sueldo Mitre 04/2026',1,NULL,NULL,'2026-06-22 08:22:28','2026-06-22 08:22:28'),(158,'2026-05-01',42,5,180000.00,'Alquiler 05/2026',1,NULL,NULL,'2026-06-22 08:22:28','2026-06-22 08:22:28'),(159,'2026-05-15',10,2,22000.00,'Luz 05/2026',1,NULL,NULL,'2026-06-22 08:22:28','2026-06-22 08:22:28'),(160,'2026-05-05',43,5,120000.00,'Sueldo Mitre 05/2026',1,NULL,NULL,'2026-06-22 08:22:28','2026-06-22 08:22:28'),(161,'2026-02-28',4,3,6800.00,'Intereses MP 02/2026',1,NULL,NULL,'2026-06-22 08:22:28','2026-06-22 08:22:28'),(162,'2026-04-28',4,3,7200.00,'Intereses MP 04/2026',1,NULL,NULL,'2026-06-22 08:22:28','2026-06-22 08:22:28');
/*!40000 ALTER TABLE `cashflow_movimientos` ENABLE KEYS */;
UNLOCK TABLES;

--
-- Table structure for table `clase_profesor`
--

DROP TABLE IF EXISTS `clase_profesor`;
/*!40101 SET @saved_cs_client     = @@character_set_client */;
/*!40101 SET character_set_client = utf8 */;
CREATE TABLE `clase_profesor` (
  `id` bigint(20) unsigned NOT NULL AUTO_INCREMENT,
  `clase_id` bigint(20) unsigned NOT NULL,
  `profesor_id` bigint(20) unsigned NOT NULL,
  `created_at` timestamp NULL DEFAULT NULL,
  `updated_at` timestamp NULL DEFAULT NULL,
  PRIMARY KEY (`id`),
  UNIQUE KEY `clase_profesor_unique` (`clase_id`,`profesor_id`),
  KEY `clase_profesor_profesor_id_foreign` (`profesor_id`),
  CONSTRAINT `clase_profesor_clase_id_foreign` FOREIGN KEY (`clase_id`) REFERENCES `clases` (`id`) ON DELETE CASCADE,
  CONSTRAINT `clase_profesor_profesor_id_foreign` FOREIGN KEY (`profesor_id`) REFERENCES `profesores` (`id`) ON DELETE CASCADE
) ENGINE=InnoDB AUTO_INCREMENT=659 DEFAULT CHARSET=utf8mb4 COLLATE=utf8mb4_unicode_ci;
/*!40101 SET character_set_client = @saved_cs_client */;

--
-- Dumping data for table `clase_profesor`
--

LOCK TABLES `clase_profesor` WRITE;
/*!40000 ALTER TABLE `clase_profesor` DISABLE KEYS */;
INSERT INTO `clase_profesor` VALUES (1,1,1,'2026-06-22 08:22:31','2026-06-22 08:22:31'),(2,2,2,'2026-06-22 08:22:31','2026-06-22 08:22:31'),(3,3,3,'2026-06-22 08:22:31','2026-06-22 08:22:31'),(4,4,5,'2026-06-22 08:22:31','2026-06-22 08:22:31'),(5,5,4,'2026-06-22 08:22:31','2026-06-22 08:22:31'),(6,6,6,'2026-06-22 08:22:31','2026-06-22 08:22:31'),(7,7,2,'2026-06-22 08:22:31','2026-06-22 08:22:31'),(8,8,5,'2026-06-22 08:22:31','2026-06-22 08:22:31'),(9,9,4,'2026-06-22 08:22:31','2026-06-22 08:22:31'),(10,10,1,'2026-06-22 08:22:31','2026-06-22 08:22:31'),(11,11,6,'2026-06-22 08:22:31','2026-06-22 08:22:31'),(12,12,3,'2026-06-22 08:22:31','2026-06-22 08:22:31'),(13,13,2,'2026-06-22 08:22:31','2026-06-22 08:22:31'),(14,14,5,'2026-06-22 08:22:31','2026-06-22 08:22:31'),(15,15,4,'2026-06-22 08:22:31','2026-06-22 08:22:31'),(16,16,6,'2026-06-22 08:22:31','2026-06-22 08:22:31'),(17,17,1,'2026-06-22 08:22:31','2026-06-22 08:22:31'),(18,18,3,'2026-06-22 08:22:31','2026-06-22 08:22:31'),(19,19,5,'2026-06-22 08:22:31','2026-06-22 08:22:31'),(20,20,2,'2026-06-22 08:22:31','2026-06-22 08:22:31'),(21,21,1,'2026-06-22 08:22:31','2026-06-22 08:22:31'),(22,22,3,'2026-06-22 08:22:31','2026-06-22 08:22:31'),(23,23,1,'2026-06-22 08:22:31','2026-06-22 08:22:31'),(24,24,2,'2026-06-22 08:22:31','2026-06-22 08:22:31'),(25,25,3,'2026-06-22 08:22:31','2026-06-22 08:22:31'),(26,26,5,'2026-06-22 08:22:31','2026-06-22 08:22:31'),(27,27,4,'2026-06-22 08:22:31','2026-06-22 08:22:31'),(28,28,6,'2026-06-22 08:22:31','2026-06-22 08:22:31'),(29,29,2,'2026-06-22 08:22:31','2026-06-22 08:22:31'),(30,30,5,'2026-06-22 08:22:31','2026-06-22 08:22:31'),(31,31,4,'2026-06-22 08:22:31','2026-06-22 08:22:31'),(32,32,1,'2026-06-22 08:22:31','2026-06-22 08:22:31'),(33,33,6,'2026-06-22 08:22:31','2026-06-22 08:22:31'),(34,34,3,'2026-06-22 08:22:31','2026-06-22 08:22:31'),(35,35,2,'2026-06-22 08:22:31','2026-06-22 08:22:31'),(36,36,5,'2026-06-22 08:22:31','2026-06-22 08:22:31'),(37,37,4,'2026-06-22 08:22:31','2026-06-22 08:22:31'),(38,38,6,'2026-06-22 08:22:31','2026-06-22 08:22:31'),(39,39,1,'2026-06-22 08:22:31','2026-06-22 08:22:31'),(40,40,3,'2026-06-22 08:22:31','2026-06-22 08:22:31'),(41,41,5,'2026-06-22 08:22:31','2026-06-22 08:22:31'),(42,42,2,'2026-06-22 08:22:31','2026-06-22 08:22:31'),(43,43,1,'2026-06-22 08:22:31','2026-06-22 08:22:31'),(44,44,3,'2026-06-22 08:22:31','2026-06-22 08:22:31'),(45,45,1,'2026-06-22 08:22:31','2026-06-22 08:22:31'),(46,46,2,'2026-06-22 08:22:31','2026-06-22 08:22:31'),(47,47,3,'2026-06-22 08:22:31','2026-06-22 08:22:31'),(48,48,5,'2026-06-22 08:22:31','2026-06-22 08:22:31'),(49,49,4,'2026-06-22 08:22:31','2026-06-22 08:22:31'),(50,50,6,'2026-06-22 08:22:31','2026-06-22 08:22:31'),(51,51,2,'2026-06-22 08:22:31','2026-06-22 08:22:31'),(52,52,5,'2026-06-22 08:22:31','2026-06-22 08:22:31'),(53,53,4,'2026-06-22 08:22:31','2026-06-22 08:22:31'),(54,54,1,'2026-06-22 08:22:31','2026-06-22 08:22:31'),(55,55,6,'2026-06-22 08:22:31','2026-06-22 08:22:31'),(56,56,3,'2026-06-22 08:22:31','2026-06-22 08:22:31'),(57,57,2,'2026-06-22 08:22:31','2026-06-22 08:22:31'),(58,58,5,'2026-06-22 08:22:31','2026-06-22 08:22:31'),(59,59,4,'2026-06-22 08:22:31','2026-06-22 08:22:31'),(60,60,6,'2026-06-22 08:22:32','2026-06-22 08:22:32'),(61,61,1,'2026-06-22 08:22:32','2026-06-22 08:22:32'),(62,62,3,'2026-06-22 08:22:32','2026-06-22 08:22:32'),(63,63,5,'2026-06-22 08:22:32','2026-06-22 08:22:32'),(64,64,2,'2026-06-22 08:22:32','2026-06-22 08:22:32'),(65,65,1,'2026-06-22 08:22:32','2026-06-22 08:22:32'),(66,66,3,'2026-06-22 08:22:32','2026-06-22 08:22:32'),(67,67,1,'2026-06-22 08:22:32','2026-06-22 08:22:32'),(68,68,2,'2026-06-22 08:22:32','2026-06-22 08:22:32'),(69,69,3,'2026-06-22 08:22:32','2026-06-22 08:22:32'),(70,70,5,'2026-06-22 08:22:32','2026-06-22 08:22:32'),(71,71,4,'2026-06-22 08:22:32','2026-06-22 08:22:32'),(72,72,6,'2026-06-22 08:22:32','2026-06-22 08:22:32'),(73,73,2,'2026-06-22 08:22:32','2026-06-22 08:22:32'),(74,74,5,'2026-06-22 08:22:32','2026-06-22 08:22:32'),(75,75,4,'2026-06-22 08:22:32','2026-06-22 08:22:32'),(76,76,1,'2026-06-22 08:22:32','2026-06-22 08:22:32'),(77,77,6,'2026-06-22 08:22:32','2026-06-22 08:22:32'),(78,78,3,'2026-06-22 08:22:32','2026-06-22 08:22:32'),(79,79,2,'2026-06-22 08:22:32','2026-06-22 08:22:32'),(80,80,5,'2026-06-22 08:22:32','2026-06-22 08:22:32'),(81,81,4,'2026-06-22 08:22:32','2026-06-22 08:22:32'),(82,82,6,'2026-06-22 08:22:32','2026-06-22 08:22:32'),(83,83,1,'2026-06-22 08:22:32','2026-06-22 08:22:32'),(84,84,3,'2026-06-22 08:22:32','2026-06-22 08:22:32'),(85,85,5,'2026-06-22 08:22:32','2026-06-22 08:22:32'),(86,86,2,'2026-06-22 08:22:32','2026-06-22 08:22:32'),(87,87,1,'2026-06-22 08:22:32','2026-06-22 08:22:32'),(88,88,3,'2026-06-22 08:22:32','2026-06-22 08:22:32'),(89,89,1,'2026-06-22 08:22:32','2026-06-22 08:22:32'),(90,90,2,'2026-06-22 08:22:32','2026-06-22 08:22:32'),(91,91,3,'2026-06-22 08:22:32','2026-06-22 08:22:32'),(92,92,5,'2026-06-22 08:22:32','2026-06-22 08:22:32'),(93,93,4,'2026-06-22 08:22:32','2026-06-22 08:22:32'),(94,94,6,'2026-06-22 08:22:32','2026-06-22 08:22:32'),(95,95,2,'2026-06-22 08:22:32','2026-06-22 08:22:32'),(96,96,5,'2026-06-22 08:22:32','2026-06-22 08:22:32'),(97,97,4,'2026-06-22 08:22:32','2026-06-22 08:22:32'),(98,98,1,'2026-06-22 08:22:32','2026-06-22 08:22:32'),(99,99,6,'2026-06-22 08:22:32','2026-06-22 08:22:32'),(100,100,3,'2026-06-22 08:22:32','2026-06-22 08:22:32'),(101,101,2,'2026-06-22 08:22:32','2026-06-22 08:22:32'),(102,102,5,'2026-06-22 08:22:32','2026-06-22 08:22:32'),(103,103,4,'2026-06-22 08:22:32','2026-06-22 08:22:32'),(104,104,6,'2026-06-22 08:22:32','2026-06-22 08:22:32'),(105,105,1,'2026-06-22 08:22:32','2026-06-22 08:22:32'),(106,106,3,'2026-06-22 08:22:32','2026-06-22 08:22:32'),(107,107,5,'2026-06-22 08:22:32','2026-06-22 08:22:32'),(108,108,2,'2026-06-22 08:22:32','2026-06-22 08:22:32'),(109,109,1,'2026-06-22 08:22:32','2026-06-22 08:22:32'),(110,110,3,'2026-06-22 08:22:32','2026-06-22 08:22:32'),(111,111,1,'2026-06-22 08:22:32','2026-06-22 08:22:32'),(112,112,2,'2026-06-22 08:22:32','2026-06-22 08:22:32'),(113,113,3,'2026-06-22 08:22:32','2026-06-22 08:22:32'),(114,114,5,'2026-06-22 08:22:32','2026-06-22 08:22:32'),(115,115,4,'2026-06-22 08:22:32','2026-06-22 08:22:32'),(116,116,6,'2026-06-22 08:22:32','2026-06-22 08:22:32'),(117,117,2,'2026-06-22 08:22:32','2026-06-22 08:22:32'),(118,118,5,'2026-06-22 08:22:32','2026-06-22 08:22:32'),(119,119,4,'2026-06-22 08:22:32','2026-06-22 08:22:32'),(120,120,1,'2026-06-22 08:22:32','2026-06-22 08:22:32'),(121,121,6,'2026-06-22 08:22:32','2026-06-22 08:22:32'),(122,122,3,'2026-06-22 08:22:32','2026-06-22 08:22:32'),(123,123,2,'2026-06-22 08:22:32','2026-06-22 08:22:32'),(124,124,5,'2026-06-22 08:22:32','2026-06-22 08:22:32'),(125,125,4,'2026-06-22 08:22:32','2026-06-22 08:22:32'),(126,126,6,'2026-06-22 08:22:32','2026-06-22 08:22:32'),(127,127,1,'2026-06-22 08:22:32','2026-06-22 08:22:32'),(128,128,3,'2026-06-22 08:22:32','2026-06-22 08:22:32'),(129,129,5,'2026-06-22 08:22:32','2026-06-22 08:22:32'),(130,130,2,'2026-06-22 08:22:32','2026-06-22 08:22:32'),(131,131,1,'2026-06-22 08:22:32','2026-06-22 08:22:32'),(132,132,3,'2026-06-22 08:22:32','2026-06-22 08:22:32'),(133,133,1,'2026-06-22 08:22:32','2026-06-22 08:22:32'),(134,134,2,'2026-06-22 08:22:32','2026-06-22 08:22:32'),(135,135,3,'2026-06-22 08:22:32','2026-06-22 08:22:32'),(136,136,5,'2026-06-22 08:22:32','2026-06-22 08:22:32'),(137,137,4,'2026-06-22 08:22:32','2026-06-22 08:22:32'),(138,138,6,'2026-06-22 08:22:32','2026-06-22 08:22:32'),(139,139,2,'2026-06-22 08:22:32','2026-06-22 08:22:32'),(140,140,5,'2026-06-22 08:22:32','2026-06-22 08:22:32'),(141,141,4,'2026-06-22 08:22:32','2026-06-22 08:22:32'),(142,142,1,'2026-06-22 08:22:32','2026-06-22 08:22:32'),(143,143,6,'2026-06-22 08:22:32','2026-06-22 08:22:32'),(144,144,3,'2026-06-22 08:22:32','2026-06-22 08:22:32'),(145,145,2,'2026-06-22 08:22:32','2026-06-22 08:22:32'),(146,146,5,'2026-06-22 08:22:32','2026-06-22 08:22:32'),(147,147,4,'2026-06-22 08:22:32','2026-06-22 08:22:32'),(148,148,6,'2026-06-22 08:22:32','2026-06-22 08:22:32'),(149,149,1,'2026-06-22 08:22:32','2026-06-22 08:22:32'),(150,150,3,'2026-06-22 08:22:32','2026-06-22 08:22:32'),(151,151,5,'2026-06-22 08:22:32','2026-06-22 08:22:32'),(152,152,2,'2026-06-22 08:22:32','2026-06-22 08:22:32'),(153,153,1,'2026-06-22 08:22:32','2026-06-22 08:22:32'),(154,154,3,'2026-06-22 08:22:32','2026-06-22 08:22:32'),(155,155,1,'2026-06-22 08:22:32','2026-06-22 08:22:32'),(156,156,2,'2026-06-22 08:22:32','2026-06-22 08:22:32'),(157,157,3,'2026-06-22 08:22:32','2026-06-22 08:22:32'),(158,158,5,'2026-06-22 08:22:32','2026-06-22 08:22:32'),(159,159,4,'2026-06-22 08:22:32','2026-06-22 08:22:32'),(160,160,6,'2026-06-22 08:22:32','2026-06-22 08:22:32'),(161,161,2,'2026-06-22 08:22:32','2026-06-22 08:22:32'),(162,162,5,'2026-06-22 08:22:32','2026-06-22 08:22:32'),(163,163,4,'2026-06-22 08:22:32','2026-06-22 08:22:32'),(164,164,1,'2026-06-22 08:22:32','2026-06-22 08:22:32'),(165,165,6,'2026-06-22 08:22:32','2026-06-22 08:22:32'),(166,166,3,'2026-06-22 08:22:32','2026-06-22 08:22:32'),(167,167,2,'2026-06-22 08:22:32','2026-06-22 08:22:32'),(168,168,5,'2026-06-22 08:22:32','2026-06-22 08:22:32'),(169,169,4,'2026-06-22 08:22:32','2026-06-22 08:22:32'),(170,170,6,'2026-06-22 08:22:32','2026-06-22 08:22:32'),(171,171,1,'2026-06-22 08:22:32','2026-06-22 08:22:32'),(172,172,3,'2026-06-22 08:22:32','2026-06-22 08:22:32'),(173,173,5,'2026-06-22 08:22:32','2026-06-22 08:22:32'),(174,174,2,'2026-06-22 08:22:32','2026-06-22 08:22:32'),(175,175,1,'2026-06-22 08:22:32','2026-06-22 08:22:32'),(176,176,3,'2026-06-22 08:22:32','2026-06-22 08:22:32'),(177,177,1,'2026-06-22 08:22:32','2026-06-22 08:22:32'),(178,178,2,'2026-06-22 08:22:32','2026-06-22 08:22:32'),(179,179,3,'2026-06-22 08:22:32','2026-06-22 08:22:32'),(180,180,5,'2026-06-22 08:22:32','2026-06-22 08:22:32'),(181,181,4,'2026-06-22 08:22:32','2026-06-22 08:22:32'),(182,182,6,'2026-06-22 08:22:32','2026-06-22 08:22:32'),(183,183,2,'2026-06-22 08:22:32','2026-06-22 08:22:32'),(184,184,5,'2026-06-22 08:22:32','2026-06-22 08:22:32'),(185,185,4,'2026-06-22 08:22:32','2026-06-22 08:22:32'),(186,186,1,'2026-06-22 08:22:32','2026-06-22 08:22:32'),(187,187,6,'2026-06-22 08:22:32','2026-06-22 08:22:32'),(188,188,3,'2026-06-22 08:22:32','2026-06-22 08:22:32'),(189,189,2,'2026-06-22 08:22:32','2026-06-22 08:22:32'),(190,190,5,'2026-06-22 08:22:32','2026-06-22 08:22:32'),(191,191,4,'2026-06-22 08:22:32','2026-06-22 08:22:32'),(192,192,6,'2026-06-22 08:22:32','2026-06-22 08:22:32'),(193,193,1,'2026-06-22 08:22:32','2026-06-22 08:22:32'),(194,194,3,'2026-06-22 08:22:32','2026-06-22 08:22:32'),(195,195,5,'2026-06-22 08:22:32','2026-06-22 08:22:32'),(196,196,2,'2026-06-22 08:22:32','2026-06-22 08:22:32'),(197,197,1,'2026-06-22 08:22:32','2026-06-22 08:22:32'),(198,198,3,'2026-06-22 08:22:32','2026-06-22 08:22:32'),(199,199,1,'2026-06-22 08:22:32','2026-06-22 08:22:32'),(200,200,2,'2026-06-22 08:22:32','2026-06-22 08:22:32'),(201,201,3,'2026-06-22 08:22:32','2026-06-22 08:22:32'),(202,202,5,'2026-06-22 08:22:32','2026-06-22 08:22:32'),(203,203,4,'2026-06-22 08:22:32','2026-06-22 08:22:32'),(204,204,6,'2026-06-22 08:22:32','2026-06-22 08:22:32'),(205,205,2,'2026-06-22 08:22:32','2026-06-22 08:22:32'),(206,206,5,'2026-06-22 08:22:33','2026-06-22 08:22:33'),(207,207,4,'2026-06-22 08:22:33','2026-06-22 08:22:33'),(208,208,1,'2026-06-22 08:22:33','2026-06-22 08:22:33'),(209,209,6,'2026-06-22 08:22:33','2026-06-22 08:22:33'),(210,210,3,'2026-06-22 08:22:33','2026-06-22 08:22:33'),(211,211,2,'2026-06-22 08:22:33','2026-06-22 08:22:33'),(212,212,5,'2026-06-22 08:22:33','2026-06-22 08:22:33'),(213,213,4,'2026-06-22 08:22:33','2026-06-22 08:22:33'),(214,214,6,'2026-06-22 08:22:33','2026-06-22 08:22:33'),(215,215,1,'2026-06-22 08:22:33','2026-06-22 08:22:33'),(216,216,3,'2026-06-22 08:22:33','2026-06-22 08:22:33'),(217,217,5,'2026-06-22 08:22:33','2026-06-22 08:22:33'),(218,218,2,'2026-06-22 08:22:33','2026-06-22 08:22:33'),(219,219,1,'2026-06-22 08:22:33','2026-06-22 08:22:33'),(220,220,3,'2026-06-22 08:22:33','2026-06-22 08:22:33'),(221,221,1,'2026-06-22 08:22:33','2026-06-22 08:22:33'),(222,222,2,'2026-06-22 08:22:33','2026-06-22 08:22:33'),(223,223,3,'2026-06-22 08:22:33','2026-06-22 08:22:33'),(224,224,5,'2026-06-22 08:22:33','2026-06-22 08:22:33'),(225,225,4,'2026-06-22 08:22:33','2026-06-22 08:22:33'),(226,226,6,'2026-06-22 08:22:33','2026-06-22 08:22:33'),(227,227,2,'2026-06-22 08:22:33','2026-06-22 08:22:33'),(228,228,5,'2026-06-22 08:22:33','2026-06-22 08:22:33'),(229,229,4,'2026-06-22 08:22:33','2026-06-22 08:22:33'),(230,230,1,'2026-06-22 08:22:33','2026-06-22 08:22:33'),(231,231,6,'2026-06-22 08:22:33','2026-06-22 08:22:33'),(232,232,3,'2026-06-22 08:22:33','2026-06-22 08:22:33'),(233,233,2,'2026-06-22 08:22:33','2026-06-22 08:22:33'),(234,234,5,'2026-06-22 08:22:33','2026-06-22 08:22:33'),(235,235,4,'2026-06-22 08:22:33','2026-06-22 08:22:33'),(236,236,6,'2026-06-22 08:22:33','2026-06-22 08:22:33'),(237,237,1,'2026-06-22 08:22:33','2026-06-22 08:22:33'),(238,238,3,'2026-06-22 08:22:33','2026-06-22 08:22:33'),(239,239,5,'2026-06-22 08:22:33','2026-06-22 08:22:33'),(240,240,2,'2026-06-22 08:22:33','2026-06-22 08:22:33'),(241,241,1,'2026-06-22 08:22:33','2026-06-22 08:22:33'),(242,242,3,'2026-06-22 08:22:33','2026-06-22 08:22:33'),(243,243,1,'2026-06-22 08:22:33','2026-06-22 08:22:33'),(244,244,2,'2026-06-22 08:22:33','2026-06-22 08:22:33'),(245,245,3,'2026-06-22 08:22:33','2026-06-22 08:22:33'),(246,246,5,'2026-06-22 08:22:33','2026-06-22 08:22:33'),(247,247,4,'2026-06-22 08:22:33','2026-06-22 08:22:33'),(248,248,6,'2026-06-22 08:22:33','2026-06-22 08:22:33'),(249,249,2,'2026-06-22 08:22:33','2026-06-22 08:22:33'),(250,250,5,'2026-06-22 08:22:33','2026-06-22 08:22:33'),(251,251,4,'2026-06-22 08:22:33','2026-06-22 08:22:33'),(252,252,1,'2026-06-22 08:22:33','2026-06-22 08:22:33'),(253,253,6,'2026-06-22 08:22:33','2026-06-22 08:22:33'),(254,254,3,'2026-06-22 08:22:33','2026-06-22 08:22:33'),(255,255,2,'2026-06-22 08:22:33','2026-06-22 08:22:33'),(256,256,5,'2026-06-22 08:22:33','2026-06-22 08:22:33'),(257,257,4,'2026-06-22 08:22:33','2026-06-22 08:22:33'),(258,258,6,'2026-06-22 08:22:33','2026-06-22 08:22:33'),(259,259,1,'2026-06-22 08:22:33','2026-06-22 08:22:33'),(260,260,3,'2026-06-22 08:22:33','2026-06-22 08:22:33'),(261,261,5,'2026-06-22 08:22:33','2026-06-22 08:22:33'),(262,262,2,'2026-06-22 08:22:33','2026-06-22 08:22:33'),(263,263,1,'2026-06-22 08:22:33','2026-06-22 08:22:33'),(264,264,3,'2026-06-22 08:22:33','2026-06-22 08:22:33'),(265,265,1,'2026-06-22 08:22:33','2026-06-22 08:22:33'),(266,266,2,'2026-06-22 08:22:33','2026-06-22 08:22:33'),(267,267,3,'2026-06-22 08:22:33','2026-06-22 08:22:33'),(268,268,5,'2026-06-22 08:22:33','2026-06-22 08:22:33'),(269,269,4,'2026-06-22 08:22:33','2026-06-22 08:22:33'),(270,270,6,'2026-06-22 08:22:33','2026-06-22 08:22:33'),(271,271,2,'2026-06-22 08:22:33','2026-06-22 08:22:33'),(272,272,5,'2026-06-22 08:22:33','2026-06-22 08:22:33'),(273,273,4,'2026-06-22 08:22:33','2026-06-22 08:22:33'),(274,274,1,'2026-06-22 08:22:33','2026-06-22 08:22:33'),(275,275,6,'2026-06-22 08:22:33','2026-06-22 08:22:33'),(276,276,3,'2026-06-22 08:22:33','2026-06-22 08:22:33'),(277,277,2,'2026-06-22 08:22:33','2026-06-22 08:22:33'),(278,278,5,'2026-06-22 08:22:33','2026-06-22 08:22:33'),(279,279,4,'2026-06-22 08:22:33','2026-06-22 08:22:33'),(280,280,6,'2026-06-22 08:22:33','2026-06-22 08:22:33'),(281,281,1,'2026-06-22 08:22:33','2026-06-22 08:22:33'),(282,282,3,'2026-06-22 08:22:33','2026-06-22 08:22:33'),(283,283,5,'2026-06-22 08:22:33','2026-06-22 08:22:33'),(284,284,2,'2026-06-22 08:22:33','2026-06-22 08:22:33'),(285,285,1,'2026-06-22 08:22:33','2026-06-22 08:22:33'),(286,286,3,'2026-06-22 08:22:33','2026-06-22 08:22:33'),(287,287,1,'2026-06-22 08:22:33','2026-06-22 08:22:33'),(288,288,2,'2026-06-22 08:22:33','2026-06-22 08:22:33'),(289,289,3,'2026-06-22 08:22:33','2026-06-22 08:22:33'),(290,290,5,'2026-06-22 08:22:33','2026-06-22 08:22:33'),(291,291,4,'2026-06-22 08:22:33','2026-06-22 08:22:33'),(292,292,6,'2026-06-22 08:22:33','2026-06-22 08:22:33'),(293,293,2,'2026-06-22 08:22:33','2026-06-22 08:22:33'),(294,294,5,'2026-06-22 08:22:33','2026-06-22 08:22:33'),(295,295,4,'2026-06-22 08:22:33','2026-06-22 08:22:33'),(296,296,1,'2026-06-22 08:22:33','2026-06-22 08:22:33'),(297,297,6,'2026-06-22 08:22:33','2026-06-22 08:22:33'),(298,298,3,'2026-06-22 08:22:33','2026-06-22 08:22:33'),(299,299,2,'2026-06-22 08:22:33','2026-06-22 08:22:33'),(300,300,5,'2026-06-22 08:22:33','2026-06-22 08:22:33'),(301,301,4,'2026-06-22 08:22:33','2026-06-22 08:22:33'),(302,302,6,'2026-06-22 08:22:33','2026-06-22 08:22:33'),(303,303,1,'2026-06-22 08:22:33','2026-06-22 08:22:33'),(304,304,3,'2026-06-22 08:22:33','2026-06-22 08:22:33'),(305,305,5,'2026-06-22 08:22:33','2026-06-22 08:22:33'),(306,306,2,'2026-06-22 08:22:33','2026-06-22 08:22:33'),(307,307,1,'2026-06-22 08:22:33','2026-06-22 08:22:33'),(308,308,3,'2026-06-22 08:22:33','2026-06-22 08:22:33'),(309,309,1,'2026-06-22 08:22:33','2026-06-22 08:22:33'),(310,310,2,'2026-06-22 08:22:33','2026-06-22 08:22:33'),(311,311,3,'2026-06-22 08:22:33','2026-06-22 08:22:33'),(312,312,5,'2026-06-22 08:22:33','2026-06-22 08:22:33'),(313,313,4,'2026-06-22 08:22:33','2026-06-22 08:22:33'),(314,314,6,'2026-06-22 08:22:33','2026-06-22 08:22:33'),(315,315,2,'2026-06-22 08:22:33','2026-06-22 08:22:33'),(316,316,5,'2026-06-22 08:22:33','2026-06-22 08:22:33'),(317,317,4,'2026-06-22 08:22:33','2026-06-22 08:22:33'),(318,318,1,'2026-06-22 08:22:33','2026-06-22 08:22:33'),(319,319,6,'2026-06-22 08:22:33','2026-06-22 08:22:33'),(320,320,3,'2026-06-22 08:22:33','2026-06-22 08:22:33'),(321,321,2,'2026-06-22 08:22:33','2026-06-22 08:22:33'),(322,322,5,'2026-06-22 08:22:33','2026-06-22 08:22:33'),(323,323,4,'2026-06-22 08:22:33','2026-06-22 08:22:33'),(324,324,6,'2026-06-22 08:22:33','2026-06-22 08:22:33'),(325,325,1,'2026-06-22 08:22:33','2026-06-22 08:22:33'),(326,326,3,'2026-06-22 08:22:33','2026-06-22 08:22:33'),(327,327,5,'2026-06-22 08:22:33','2026-06-22 08:22:33'),(328,328,2,'2026-06-22 08:22:33','2026-06-22 08:22:33'),(329,329,1,'2026-06-22 08:22:33','2026-06-22 08:22:33'),(330,330,3,'2026-06-22 08:22:33','2026-06-22 08:22:33'),(331,331,1,'2026-06-22 08:22:33','2026-06-22 08:22:33'),(332,332,2,'2026-06-22 08:22:33','2026-06-22 08:22:33'),(333,333,3,'2026-06-22 08:22:33','2026-06-22 08:22:33'),(334,334,5,'2026-06-22 08:22:33','2026-06-22 08:22:33'),(335,335,4,'2026-06-22 08:22:33','2026-06-22 08:22:33'),(336,336,6,'2026-06-22 08:22:33','2026-06-22 08:22:33'),(337,337,2,'2026-06-22 08:22:33','2026-06-22 08:22:33'),(338,338,5,'2026-06-22 08:22:33','2026-06-22 08:22:33'),(339,339,4,'2026-06-22 08:22:33','2026-06-22 08:22:33'),(340,340,1,'2026-06-22 08:22:33','2026-06-22 08:22:33'),(341,341,6,'2026-06-22 08:22:33','2026-06-22 08:22:33'),(342,342,3,'2026-06-22 08:22:33','2026-06-22 08:22:33'),(343,343,2,'2026-06-22 08:22:33','2026-06-22 08:22:33'),(344,344,5,'2026-06-22 08:22:33','2026-06-22 08:22:33'),(345,345,4,'2026-06-22 08:22:33','2026-06-22 08:22:33'),(346,346,6,'2026-06-22 08:22:33','2026-06-22 08:22:33'),(347,347,1,'2026-06-22 08:22:33','2026-06-22 08:22:33'),(348,348,3,'2026-06-22 08:22:33','2026-06-22 08:22:33'),(349,349,5,'2026-06-22 08:22:33','2026-06-22 08:22:33'),(350,350,2,'2026-06-22 08:22:33','2026-06-22 08:22:33'),(351,351,1,'2026-06-22 08:22:33','2026-06-22 08:22:33'),(352,352,3,'2026-06-22 08:22:33','2026-06-22 08:22:33'),(353,353,1,'2026-06-22 08:22:33','2026-06-22 08:22:33'),(354,354,2,'2026-06-22 08:22:33','2026-06-22 08:22:33'),(355,355,3,'2026-06-22 08:22:34','2026-06-22 08:22:34'),(356,356,5,'2026-06-22 08:22:34','2026-06-22 08:22:34'),(357,357,4,'2026-06-22 08:22:34','2026-06-22 08:22:34'),(358,358,6,'2026-06-22 08:22:34','2026-06-22 08:22:34'),(359,359,2,'2026-06-22 08:22:34','2026-06-22 08:22:34'),(360,360,5,'2026-06-22 08:22:34','2026-06-22 08:22:34'),(361,361,4,'2026-06-22 08:22:34','2026-06-22 08:22:34'),(362,362,1,'2026-06-22 08:22:34','2026-06-22 08:22:34'),(363,363,6,'2026-06-22 08:22:34','2026-06-22 08:22:34'),(364,364,3,'2026-06-22 08:22:34','2026-06-22 08:22:34'),(365,365,2,'2026-06-22 08:22:34','2026-06-22 08:22:34'),(366,366,5,'2026-06-22 08:22:34','2026-06-22 08:22:34'),(367,367,4,'2026-06-22 08:22:34','2026-06-22 08:22:34'),(368,368,6,'2026-06-22 08:22:34','2026-06-22 08:22:34'),(369,369,1,'2026-06-22 08:22:34','2026-06-22 08:22:34'),(370,370,3,'2026-06-22 08:22:34','2026-06-22 08:22:34'),(371,371,5,'2026-06-22 08:22:34','2026-06-22 08:22:34'),(372,372,2,'2026-06-22 08:22:34','2026-06-22 08:22:34'),(373,373,1,'2026-06-22 08:22:34','2026-06-22 08:22:34'),(374,374,3,'2026-06-22 08:22:34','2026-06-22 08:22:34'),(375,375,1,'2026-06-22 08:22:34','2026-06-22 08:22:34'),(376,376,2,'2026-06-22 08:22:34','2026-06-22 08:22:34'),(377,377,3,'2026-06-22 08:22:34','2026-06-22 08:22:34'),(378,378,5,'2026-06-22 08:22:34','2026-06-22 08:22:34'),(379,379,4,'2026-06-22 08:22:34','2026-06-22 08:22:34'),(380,380,6,'2026-06-22 08:22:34','2026-06-22 08:22:34'),(381,381,2,'2026-06-22 08:22:34','2026-06-22 08:22:34'),(382,382,5,'2026-06-22 08:22:34','2026-06-22 08:22:34'),(383,383,4,'2026-06-22 08:22:34','2026-06-22 08:22:34'),(384,384,1,'2026-06-22 08:22:34','2026-06-22 08:22:34'),(385,385,6,'2026-06-22 08:22:34','2026-06-22 08:22:34'),(386,386,3,'2026-06-22 08:22:34','2026-06-22 08:22:34'),(387,387,2,'2026-06-22 08:22:34','2026-06-22 08:22:34'),(388,388,5,'2026-06-22 08:22:34','2026-06-22 08:22:34'),(389,389,4,'2026-06-22 08:22:34','2026-06-22 08:22:34'),(390,390,6,'2026-06-22 08:22:34','2026-06-22 08:22:34'),(391,391,1,'2026-06-22 08:22:34','2026-06-22 08:22:34'),(392,392,3,'2026-06-22 08:22:34','2026-06-22 08:22:34'),(393,393,5,'2026-06-22 08:22:34','2026-06-22 08:22:34'),(394,394,2,'2026-06-22 08:22:34','2026-06-22 08:22:34'),(395,395,1,'2026-06-22 08:22:34','2026-06-22 08:22:34'),(396,396,3,'2026-06-22 08:22:34','2026-06-22 08:22:34'),(397,397,1,'2026-06-22 08:22:34','2026-06-22 08:22:34'),(398,398,2,'2026-06-22 08:22:34','2026-06-22 08:22:34'),(399,399,3,'2026-06-22 08:22:34','2026-06-22 08:22:34'),(400,400,5,'2026-06-22 08:22:34','2026-06-22 08:22:34'),(401,401,4,'2026-06-22 08:22:34','2026-06-22 08:22:34'),(402,402,6,'2026-06-22 08:22:34','2026-06-22 08:22:34'),(403,403,2,'2026-06-22 08:22:34','2026-06-22 08:22:34'),(404,404,5,'2026-06-22 08:22:34','2026-06-22 08:22:34'),(405,405,4,'2026-06-22 08:22:34','2026-06-22 08:22:34'),(406,406,1,'2026-06-22 08:22:34','2026-06-22 08:22:34'),(407,407,6,'2026-06-22 08:22:34','2026-06-22 08:22:34'),(408,408,3,'2026-06-22 08:22:34','2026-06-22 08:22:34'),(409,409,2,'2026-06-22 08:22:34','2026-06-22 08:22:34'),(410,410,5,'2026-06-22 08:22:34','2026-06-22 08:22:34'),(411,411,4,'2026-06-22 08:22:34','2026-06-22 08:22:34'),(412,412,6,'2026-06-22 08:22:34','2026-06-22 08:22:34'),(413,413,1,'2026-06-22 08:22:34','2026-06-22 08:22:34'),(414,414,3,'2026-06-22 08:22:34','2026-06-22 08:22:34'),(415,415,5,'2026-06-22 08:22:34','2026-06-22 08:22:34'),(416,416,2,'2026-06-22 08:22:34','2026-06-22 08:22:34'),(417,417,1,'2026-06-22 08:22:34','2026-06-22 08:22:34'),(418,418,3,'2026-06-22 08:22:34','2026-06-22 08:22:34'),(419,419,1,'2026-06-22 08:22:34','2026-06-22 08:22:34'),(420,420,2,'2026-06-22 08:22:34','2026-06-22 08:22:34'),(421,421,3,'2026-06-22 08:22:34','2026-06-22 08:22:34'),(422,422,5,'2026-06-22 08:22:34','2026-06-22 08:22:34'),(423,423,4,'2026-06-22 08:22:34','2026-06-22 08:22:34'),(424,424,6,'2026-06-22 08:22:34','2026-06-22 08:22:34'),(425,425,2,'2026-06-22 08:22:34','2026-06-22 08:22:34'),(426,426,5,'2026-06-22 08:22:34','2026-06-22 08:22:34'),(427,427,4,'2026-06-22 08:22:34','2026-06-22 08:22:34'),(428,428,1,'2026-06-22 08:22:34','2026-06-22 08:22:34'),(429,429,6,'2026-06-22 08:22:34','2026-06-22 08:22:34'),(430,430,3,'2026-06-22 08:22:34','2026-06-22 08:22:34'),(431,431,2,'2026-06-22 08:22:34','2026-06-22 08:22:34'),(432,432,5,'2026-06-22 08:22:34','2026-06-22 08:22:34'),(433,433,4,'2026-06-22 08:22:34','2026-06-22 08:22:34'),(434,434,6,'2026-06-22 08:22:34','2026-06-22 08:22:34'),(435,435,1,'2026-06-22 08:22:34','2026-06-22 08:22:34'),(436,436,3,'2026-06-22 08:22:34','2026-06-22 08:22:34'),(437,437,5,'2026-06-22 08:22:34','2026-06-22 08:22:34'),(438,438,2,'2026-06-22 08:22:34','2026-06-22 08:22:34'),(439,439,1,'2026-06-22 08:22:34','2026-06-22 08:22:34'),(440,440,3,'2026-06-22 08:22:34','2026-06-22 08:22:34'),(441,441,1,'2026-06-22 08:22:34','2026-06-22 08:22:34'),(442,442,2,'2026-06-22 08:22:34','2026-06-22 08:22:34'),(443,443,3,'2026-06-22 08:22:34','2026-06-22 08:22:34'),(444,444,5,'2026-06-22 08:22:34','2026-06-22 08:22:34'),(445,445,4,'2026-06-22 08:22:34','2026-06-22 08:22:34'),(446,446,6,'2026-06-22 08:22:34','2026-06-22 08:22:34'),(447,447,2,'2026-06-22 08:22:34','2026-06-22 08:22:34'),(448,448,5,'2026-06-22 08:22:34','2026-06-22 08:22:34'),(449,449,4,'2026-06-22 08:22:34','2026-06-22 08:22:34'),(450,450,1,'2026-06-22 08:22:34','2026-06-22 08:22:34'),(451,451,6,'2026-06-22 08:22:34','2026-06-22 08:22:34'),(452,452,3,'2026-06-22 08:22:34','2026-06-22 08:22:34'),(453,453,2,'2026-06-22 08:22:34','2026-06-22 08:22:34'),(454,454,5,'2026-06-22 08:22:34','2026-06-22 08:22:34'),(455,455,4,'2026-06-22 08:22:34','2026-06-22 08:22:34'),(456,456,6,'2026-06-22 08:22:34','2026-06-22 08:22:34'),(457,457,1,'2026-06-22 08:22:34','2026-06-22 08:22:34'),(458,458,3,'2026-06-22 08:22:34','2026-06-22 08:22:34'),(459,459,5,'2026-06-22 08:22:34','2026-06-22 08:22:34'),(460,460,2,'2026-06-22 08:22:34','2026-06-22 08:22:34'),(461,461,1,'2026-06-22 08:22:34','2026-06-22 08:22:34'),(462,462,3,'2026-06-22 08:22:34','2026-06-22 08:22:34'),(463,463,1,'2026-06-22 08:22:34','2026-06-22 08:22:34'),(464,464,2,'2026-06-22 08:22:34','2026-06-22 08:22:34'),(465,465,3,'2026-06-22 08:22:34','2026-06-22 08:22:34'),(466,466,5,'2026-06-22 08:22:34','2026-06-22 08:22:34'),(467,467,4,'2026-06-22 08:22:34','2026-06-22 08:22:34'),(468,468,6,'2026-06-22 08:22:34','2026-06-22 08:22:34'),(469,469,2,'2026-06-22 08:22:34','2026-06-22 08:22:34'),(470,470,5,'2026-06-22 08:22:34','2026-06-22 08:22:34'),(471,471,4,'2026-06-22 08:22:34','2026-06-22 08:22:34'),(472,472,1,'2026-06-22 08:22:34','2026-06-22 08:22:34'),(473,473,6,'2026-06-22 08:22:34','2026-06-22 08:22:34'),(474,474,3,'2026-06-22 08:22:34','2026-06-22 08:22:34'),(475,475,2,'2026-06-22 08:22:34','2026-06-22 08:22:34'),(476,476,5,'2026-06-22 08:22:34','2026-06-22 08:22:34'),(477,477,4,'2026-06-22 08:22:34','2026-06-22 08:22:34'),(478,478,6,'2026-06-22 08:22:34','2026-06-22 08:22:34'),(479,479,1,'2026-06-22 08:22:34','2026-06-22 08:22:34'),(480,480,3,'2026-06-22 08:22:34','2026-06-22 08:22:34'),(481,481,5,'2026-06-22 08:22:34','2026-06-22 08:22:34'),(482,482,2,'2026-06-22 08:22:34','2026-06-22 08:22:34'),(483,483,1,'2026-06-22 08:22:34','2026-06-22 08:22:34'),(484,484,3,'2026-06-22 08:22:34','2026-06-22 08:22:34'),(485,485,1,'2026-06-22 08:22:34','2026-06-22 08:22:34'),(486,486,2,'2026-06-22 08:22:34','2026-06-22 08:22:34'),(487,487,3,'2026-06-22 08:22:34','2026-06-22 08:22:34'),(488,488,5,'2026-06-22 08:22:34','2026-06-22 08:22:34'),(489,489,4,'2026-06-22 08:22:34','2026-06-22 08:22:34'),(490,490,6,'2026-06-22 08:22:34','2026-06-22 08:22:34'),(491,491,2,'2026-06-22 08:22:34','2026-06-22 08:22:34'),(492,492,5,'2026-06-22 08:22:34','2026-06-22 08:22:34'),(493,493,4,'2026-06-22 08:22:34','2026-06-22 08:22:34'),(494,494,1,'2026-06-22 08:22:34','2026-06-22 08:22:34'),(495,495,6,'2026-06-22 08:22:34','2026-06-22 08:22:34'),(496,496,3,'2026-06-22 08:22:34','2026-06-22 08:22:34'),(497,497,2,'2026-06-22 08:22:34','2026-06-22 08:22:34'),(498,498,5,'2026-06-22 08:22:34','2026-06-22 08:22:34'),(499,499,4,'2026-06-22 08:22:34','2026-06-22 08:22:34'),(500,500,6,'2026-06-22 08:22:34','2026-06-22 08:22:34'),(501,501,1,'2026-06-22 08:22:34','2026-06-22 08:22:34'),(502,502,3,'2026-06-22 08:22:34','2026-06-22 08:22:34'),(503,503,5,'2026-06-22 08:22:34','2026-06-22 08:22:34'),(504,504,2,'2026-06-22 08:22:34','2026-06-22 08:22:34'),(505,505,1,'2026-06-22 08:22:34','2026-06-22 08:22:34'),(506,506,3,'2026-06-22 08:22:34','2026-06-22 08:22:34'),(507,507,1,'2026-06-22 08:22:34','2026-06-22 08:22:34'),(508,508,2,'2026-06-22 08:22:35','2026-06-22 08:22:35'),(509,509,3,'2026-06-22 08:22:35','2026-06-22 08:22:35'),(510,510,5,'2026-06-22 08:22:35','2026-06-22 08:22:35'),(511,511,4,'2026-06-22 08:22:35','2026-06-22 08:22:35'),(512,512,6,'2026-06-22 08:22:35','2026-06-22 08:22:35'),(513,513,2,'2026-06-22 08:22:35','2026-06-22 08:22:35'),(514,514,5,'2026-06-22 08:22:35','2026-06-22 08:22:35'),(515,515,4,'2026-06-22 08:22:35','2026-06-22 08:22:35'),(516,516,1,'2026-06-22 08:22:35','2026-06-22 08:22:35'),(517,517,6,'2026-06-22 08:22:35','2026-06-22 08:22:35'),(518,518,3,'2026-06-22 08:22:35','2026-06-22 08:22:35'),(519,519,2,'2026-06-22 08:22:35','2026-06-22 08:22:35'),(520,520,5,'2026-06-22 08:22:35','2026-06-22 08:22:35'),(521,521,4,'2026-06-22 08:22:35','2026-06-22 08:22:35'),(522,522,6,'2026-06-22 08:22:35','2026-06-22 08:22:35'),(523,523,1,'2026-06-22 08:22:35','2026-06-22 08:22:35'),(524,524,3,'2026-06-22 08:22:35','2026-06-22 08:22:35'),(525,525,5,'2026-06-22 08:22:35','2026-06-22 08:22:35'),(526,526,2,'2026-06-22 08:22:35','2026-06-22 08:22:35'),(527,527,1,'2026-06-22 08:22:35','2026-06-22 08:22:35'),(528,528,3,'2026-06-22 08:22:35','2026-06-22 08:22:35'),(529,529,1,'2026-06-22 08:22:35','2026-06-22 08:22:35'),(530,530,2,'2026-06-22 08:22:35','2026-06-22 08:22:35'),(531,531,3,'2026-06-22 08:22:35','2026-06-22 08:22:35'),(532,532,5,'2026-06-22 08:22:35','2026-06-22 08:22:35'),(533,533,4,'2026-06-22 08:22:35','2026-06-22 08:22:35'),(534,534,6,'2026-06-22 08:22:35','2026-06-22 08:22:35'),(535,535,2,'2026-06-22 08:22:35','2026-06-22 08:22:35'),(536,536,5,'2026-06-22 08:22:35','2026-06-22 08:22:35'),(537,537,4,'2026-06-22 08:22:35','2026-06-22 08:22:35'),(538,538,1,'2026-06-22 08:22:35','2026-06-22 08:22:35'),(539,539,6,'2026-06-22 08:22:35','2026-06-22 08:22:35'),(540,540,3,'2026-06-22 08:22:35','2026-06-22 08:22:35'),(541,541,2,'2026-06-22 08:22:35','2026-06-22 08:22:35'),(542,542,5,'2026-06-22 08:22:35','2026-06-22 08:22:35'),(543,543,4,'2026-06-22 08:22:35','2026-06-22 08:22:35'),(544,544,6,'2026-06-22 08:22:35','2026-06-22 08:22:35'),(545,545,1,'2026-06-22 08:22:35','2026-06-22 08:22:35'),(546,546,3,'2026-06-22 08:22:35','2026-06-22 08:22:35'),(547,547,5,'2026-06-22 08:22:35','2026-06-22 08:22:35'),(548,548,2,'2026-06-22 08:22:35','2026-06-22 08:22:35'),(549,549,1,'2026-06-22 08:22:35','2026-06-22 08:22:35'),(550,550,3,'2026-06-22 08:22:35','2026-06-22 08:22:35'),(551,551,1,'2026-06-22 08:22:35','2026-06-22 08:22:35'),(552,552,2,'2026-06-22 08:22:35','2026-06-22 08:22:35'),(553,553,3,'2026-06-22 08:22:35','2026-06-22 08:22:35'),(554,554,5,'2026-06-22 08:22:35','2026-06-22 08:22:35'),(555,555,4,'2026-06-22 08:22:35','2026-06-22 08:22:35'),(556,556,6,'2026-06-22 08:22:35','2026-06-22 08:22:35'),(557,557,2,'2026-06-22 08:22:35','2026-06-22 08:22:35'),(558,558,5,'2026-06-22 08:22:35','2026-06-22 08:22:35'),(559,559,4,'2026-06-22 08:22:35','2026-06-22 08:22:35'),(560,560,1,'2026-06-22 08:22:35','2026-06-22 08:22:35'),(561,561,6,'2026-06-22 08:22:35','2026-06-22 08:22:35'),(562,562,3,'2026-06-22 08:22:35','2026-06-22 08:22:35'),(563,563,2,'2026-06-22 08:22:35','2026-06-22 08:22:35'),(564,564,5,'2026-06-22 08:22:35','2026-06-22 08:22:35'),(565,565,4,'2026-06-22 08:22:35','2026-06-22 08:22:35'),(566,566,6,'2026-06-22 08:22:35','2026-06-22 08:22:35'),(567,567,1,'2026-06-22 08:22:35','2026-06-22 08:22:35'),(568,568,3,'2026-06-22 08:22:35','2026-06-22 08:22:35'),(569,569,5,'2026-06-22 08:22:35','2026-06-22 08:22:35'),(570,570,2,'2026-06-22 08:22:35','2026-06-22 08:22:35'),(571,571,1,'2026-06-22 08:22:35','2026-06-22 08:22:35'),(572,572,3,'2026-06-22 08:22:35','2026-06-22 08:22:35'),(573,573,1,'2026-06-22 08:22:35','2026-06-22 08:22:35'),(574,574,2,'2026-06-22 08:22:35','2026-06-22 08:22:35'),(575,575,3,'2026-06-22 08:22:35','2026-06-22 08:22:35'),(576,576,5,'2026-06-22 08:22:35','2026-06-22 08:22:35'),(577,577,4,'2026-06-22 08:22:35','2026-06-22 08:22:35'),(578,578,6,'2026-06-22 08:22:35','2026-06-22 08:22:35'),(579,579,2,'2026-06-22 08:22:35','2026-06-22 08:22:35'),(580,580,5,'2026-06-22 08:22:35','2026-06-22 08:22:35'),(581,581,4,'2026-06-22 08:22:35','2026-06-22 08:22:35'),(582,582,1,'2026-06-22 08:22:35','2026-06-22 08:22:35'),(583,583,6,'2026-06-22 08:22:35','2026-06-22 08:22:35'),(584,584,3,'2026-06-22 08:22:35','2026-06-22 08:22:35'),(585,585,2,'2026-06-22 08:22:35','2026-06-22 08:22:35'),(586,586,5,'2026-06-22 08:22:35','2026-06-22 08:22:35'),(587,587,4,'2026-06-22 08:22:35','2026-06-22 08:22:35'),(588,588,6,'2026-06-22 08:22:35','2026-06-22 08:22:35'),(589,589,1,'2026-06-22 08:22:35','2026-06-22 08:22:35'),(590,590,3,'2026-06-22 08:22:35','2026-06-22 08:22:35'),(591,591,5,'2026-06-22 08:22:35','2026-06-22 08:22:35'),(592,592,2,'2026-06-22 08:22:35','2026-06-22 08:22:35'),(593,593,1,'2026-06-22 08:22:35','2026-06-22 08:22:35'),(594,594,3,'2026-06-22 08:22:35','2026-06-22 08:22:35'),(595,595,1,'2026-06-22 08:22:35','2026-06-22 08:22:35'),(596,596,2,'2026-06-22 08:22:35','2026-06-22 08:22:35'),(597,597,3,'2026-06-22 08:22:35','2026-06-22 08:22:35'),(598,598,5,'2026-06-22 08:22:35','2026-06-22 08:22:35'),(599,599,4,'2026-06-22 08:22:35','2026-06-22 08:22:35'),(600,600,6,'2026-06-22 08:22:35','2026-06-22 08:22:35'),(601,601,2,'2026-06-22 08:22:35','2026-06-22 08:22:35'),(602,602,5,'2026-06-22 08:22:35','2026-06-22 08:22:35'),(603,603,4,'2026-06-22 08:22:35','2026-06-22 08:22:35'),(604,604,1,'2026-06-22 08:22:35','2026-06-22 08:22:35'),(605,605,6,'2026-06-22 08:22:35','2026-06-22 08:22:35'),(606,606,3,'2026-06-22 08:22:35','2026-06-22 08:22:35'),(607,607,2,'2026-06-22 08:22:35','2026-06-22 08:22:35'),(608,608,5,'2026-06-22 08:22:35','2026-06-22 08:22:35'),(609,609,4,'2026-06-22 08:22:35','2026-06-22 08:22:35'),(610,610,6,'2026-06-22 08:22:35','2026-06-22 08:22:35'),(611,611,1,'2026-06-22 08:22:35','2026-06-22 08:22:35'),(612,612,3,'2026-06-22 08:22:35','2026-06-22 08:22:35'),(613,613,5,'2026-06-22 08:22:35','2026-06-22 08:22:35'),(614,614,2,'2026-06-22 08:22:35','2026-06-22 08:22:35'),(615,615,1,'2026-06-22 08:22:35','2026-06-22 08:22:35'),(616,616,3,'2026-06-22 08:22:35','2026-06-22 08:22:35'),(617,617,1,'2026-06-22 08:22:35','2026-06-22 08:22:35'),(618,618,2,'2026-06-22 08:22:35','2026-06-22 08:22:35'),(619,619,3,'2026-06-22 08:22:35','2026-06-22 08:22:35'),(620,620,5,'2026-06-22 08:22:35','2026-06-22 08:22:35'),(621,621,4,'2026-06-22 08:22:35','2026-06-22 08:22:35'),(622,622,6,'2026-06-22 08:22:35','2026-06-22 08:22:35'),(623,623,2,'2026-06-22 08:22:35','2026-06-22 08:22:35'),(624,624,5,'2026-06-22 08:22:35','2026-06-22 08:22:35'),(625,625,4,'2026-06-22 08:22:35','2026-06-22 08:22:35'),(626,626,1,'2026-06-22 08:22:35','2026-06-22 08:22:35'),(627,627,6,'2026-06-22 08:22:35','2026-06-22 08:22:35'),(628,628,3,'2026-06-22 08:22:35','2026-06-22 08:22:35'),(629,629,2,'2026-06-22 08:22:35','2026-06-22 08:22:35'),(630,630,5,'2026-06-22 08:22:35','2026-06-22 08:22:35'),(631,631,4,'2026-06-22 08:22:35','2026-06-22 08:22:35'),(632,632,6,'2026-06-22 08:22:35','2026-06-22 08:22:35'),(633,633,1,'2026-06-22 08:22:35','2026-06-22 08:22:35'),(634,634,3,'2026-06-22 08:22:35','2026-06-22 08:22:35'),(635,635,5,'2026-06-22 08:22:35','2026-06-22 08:22:35'),(636,636,2,'2026-06-22 08:22:35','2026-06-22 08:22:35'),(637,637,1,'2026-06-22 08:22:35','2026-06-22 08:22:35'),(638,638,3,'2026-06-22 08:22:35','2026-06-22 08:22:35'),(639,639,1,'2026-06-22 08:22:35','2026-06-22 08:22:35'),(640,640,2,'2026-06-22 08:22:35','2026-06-22 08:22:35'),(641,641,3,'2026-06-22 08:22:35','2026-06-22 08:22:35'),(642,642,5,'2026-06-22 08:22:35','2026-06-22 08:22:35'),(643,643,4,'2026-06-22 08:22:35','2026-06-22 08:22:35'),(644,644,6,'2026-06-22 08:22:35','2026-06-22 08:22:35'),(645,645,2,'2026-06-22 08:22:35','2026-06-22 08:22:35'),(646,646,5,'2026-06-22 08:22:35','2026-06-22 08:22:35'),(647,647,4,'2026-06-22 08:22:35','2026-06-22 08:22:35'),(648,648,1,'2026-06-22 08:22:35','2026-06-22 08:22:35'),(649,649,6,'2026-06-22 08:22:35','2026-06-22 08:22:35'),(650,650,3,'2026-06-22 08:22:35','2026-06-22 08:22:35'),(651,651,2,'2026-06-22 08:22:35','2026-06-22 08:22:35'),(652,652,5,'2026-06-22 08:22:35','2026-06-22 08:22:35'),(653,653,4,'2026-06-22 08:22:35','2026-06-22 08:22:35'),(654,654,6,'2026-06-22 08:22:35','2026-06-22 08:22:35'),(655,655,1,'2026-06-22 08:22:35','2026-06-22 08:22:35'),(656,656,3,'2026-06-22 08:22:35','2026-06-22 08:22:35'),(657,657,5,'2026-06-22 08:22:35','2026-06-22 08:22:35'),(658,658,2,'2026-06-22 08:22:35','2026-06-22 08:22:35');
/*!40000 ALTER TABLE `clase_profesor` ENABLE KEYS */;
UNLOCK TABLES;

--
-- Table structure for table `clases`
--

DROP TABLE IF EXISTS `clases`;
/*!40101 SET @saved_cs_client     = @@character_set_client */;
/*!40101 SET character_set_client = utf8 */;
CREATE TABLE `clases` (
  `id` bigint(20) unsigned NOT NULL AUTO_INCREMENT,
  `serie_id` varchar(36) DEFAULT NULL,
  `grupo_id` bigint(20) unsigned NOT NULL,
  `fecha` date NOT NULL,
  `hora_inicio` time NOT NULL,
  `hora_fin` time NOT NULL,
  `validada_para_liquidacion` tinyint(1) NOT NULL DEFAULT 0,
  `cancelada` tinyint(1) NOT NULL DEFAULT 0,
  `motivo_cancelacion` varchar(255) DEFAULT NULL,
  `created_at` timestamp NULL DEFAULT NULL,
  `updated_at` timestamp NULL DEFAULT NULL,
  PRIMARY KEY (`id`),
  KEY `clases_grupo_id_foreign` (`grupo_id`),
  KEY `clases_fecha_horario_index` (`fecha`,`hora_inicio`,`hora_fin`),
  KEY `clases_serie_id_index` (`serie_id`),
  CONSTRAINT `clases_grupo_id_foreign` FOREIGN KEY (`grupo_id`) REFERENCES `grupos` (`id`) ON DELETE CASCADE
) ENGINE=InnoDB AUTO_INCREMENT=659 DEFAULT CHARSET=utf8mb4 COLLATE=utf8mb4_unicode_ci;
/*!40101 SET character_set_client = @saved_cs_client */;

--
-- Dumping data for table `clases`
--

LOCK TABLES `clases` WRITE;
/*!40000 ALTER TABLE `clases` DISABLE KEYS */;
INSERT INTO `clases` VALUES (1,'3eeb64b0-b884-49d2-9dbc-d3e99e38536a',3,'2026-01-05','17:00:00','18:00:00',0,0,NULL,'2026-06-22 08:22:31','2026-06-22 08:22:31'),(2,'3d86b781-3c15-420c-ac8d-f93b7c2c0839',4,'2026-01-05','17:00:00','18:00:00',0,0,NULL,'2026-06-22 08:22:31','2026-06-22 08:22:31'),(3,'6840519f-fef0-4510-a867-522224ec07ff',5,'2026-01-05','18:00:00','19:00:00',0,0,NULL,'2026-06-22 08:22:31','2026-06-22 08:22:31'),(4,'831543a6-7ba9-40a2-9cf6-161106ac539f',1,'2026-01-05','18:00:00','19:00:00',0,0,NULL,'2026-06-22 08:22:31','2026-06-22 08:22:31'),(5,'087d0abc-e630-438a-901f-be077c193030',3,'2026-01-05','19:00:00','20:00:00',0,0,NULL,'2026-06-22 08:22:31','2026-06-22 08:22:31'),(6,'be413acc-82ef-45fe-b6cc-93e549734d0b',1,'2026-01-06','17:00:00','18:00:00',0,0,NULL,'2026-06-22 08:22:31','2026-06-22 08:22:31'),(7,'6afdb6dc-746a-4459-aa19-2d42dd233482',4,'2026-01-06','17:00:00','18:00:00',0,0,NULL,'2026-06-22 08:22:31','2026-06-22 08:22:31'),(8,'0dfa28c2-c644-4ea6-be51-2584ee525787',2,'2026-01-06','18:00:00','19:00:00',0,0,NULL,'2026-06-22 08:22:31','2026-06-22 08:22:31'),(9,'716843f0-6a4b-4b7c-b92e-e21bcfb9a754',5,'2026-01-06','18:00:00','19:00:00',0,0,NULL,'2026-06-22 08:22:31','2026-06-22 08:22:31'),(10,'d42f4143-1572-477c-aae9-1276c6921c94',3,'2026-01-07','17:00:00','18:00:00',0,0,NULL,'2026-06-22 08:22:31','2026-06-22 08:22:31'),(11,'b0049dae-a122-424e-8ec0-5e7dabf92464',2,'2026-01-07','17:00:00','18:00:00',0,0,NULL,'2026-06-22 08:22:31','2026-06-22 08:22:31'),(12,'2df0879e-91ec-4de3-b410-9a1a0082c225',4,'2026-01-07','18:00:00','19:00:00',0,0,NULL,'2026-06-22 08:22:31','2026-06-22 08:22:31'),(13,'ccad603b-0fc5-4442-9683-6d11f4158b4a',5,'2026-01-07','19:00:00','20:00:00',0,0,NULL,'2026-06-22 08:22:31','2026-06-22 08:22:31'),(14,'02e9212a-d5c8-4fab-93fc-ecda19e86339',1,'2026-01-08','17:00:00','18:00:00',0,0,NULL,'2026-06-22 08:22:31','2026-06-22 08:22:31'),(15,'655c8f31-7bd8-4d3b-8e80-75badfb2b442',3,'2026-01-08','17:00:00','18:00:00',0,0,NULL,'2026-06-22 08:22:31','2026-06-22 08:22:31'),(16,'48841fd8-f909-4cda-a957-c7da92705f9f',2,'2026-01-08','18:00:00','19:00:00',0,0,NULL,'2026-06-22 08:22:31','2026-06-22 08:22:31'),(17,'f7d331d6-8a88-4cab-8af3-23382b6eee57',5,'2026-01-09','17:00:00','18:00:00',0,0,NULL,'2026-06-22 08:22:31','2026-06-22 08:22:31'),(18,'122fa5d2-9ef4-471b-a046-7c317abdc8d0',4,'2026-01-09','17:00:00','18:00:00',0,0,NULL,'2026-06-22 08:22:31','2026-06-22 08:22:31'),(19,'31fb501d-006f-458b-83f8-093da62c623d',1,'2026-01-09','18:00:00','19:00:00',0,0,NULL,'2026-06-22 08:22:31','2026-06-22 08:22:31'),(20,'2ff85510-3eb1-41b2-b748-49ec31463703',3,'2026-01-09','19:00:00','20:00:00',0,0,NULL,'2026-06-22 08:22:31','2026-06-22 08:22:31'),(21,'db2e81a6-6586-437e-b7e8-3eebbfaa18f9',3,'2026-01-10','10:00:00','11:00:00',0,0,NULL,'2026-06-22 08:22:31','2026-06-22 08:22:31'),(22,'f4f408ed-26e4-4647-af88-2fc5ca2321dd',5,'2026-01-10','10:00:00','11:00:00',0,0,NULL,'2026-06-22 08:22:31','2026-06-22 08:22:31'),(23,'3eeb64b0-b884-49d2-9dbc-d3e99e38536a',3,'2026-01-12','17:00:00','18:00:00',0,0,NULL,'2026-06-22 08:22:31','2026-06-22 08:22:31'),(24,'3d86b781-3c15-420c-ac8d-f93b7c2c0839',4,'2026-01-12','17:00:00','18:00:00',0,0,NULL,'2026-06-22 08:22:31','2026-06-22 08:22:31'),(25,'6840519f-fef0-4510-a867-522224ec07ff',5,'2026-01-12','18:00:00','19:00:00',0,0,NULL,'2026-06-22 08:22:31','2026-06-22 08:22:31'),(26,'831543a6-7ba9-40a2-9cf6-161106ac539f',1,'2026-01-12','18:00:00','19:00:00',0,0,NULL,'2026-06-22 08:22:31','2026-06-22 08:22:31'),(27,'087d0abc-e630-438a-901f-be077c193030',3,'2026-01-12','19:00:00','20:00:00',0,0,NULL,'2026-06-22 08:22:31','2026-06-22 08:22:31'),(28,'be413acc-82ef-45fe-b6cc-93e549734d0b',1,'2026-01-13','17:00:00','18:00:00',0,0,NULL,'2026-06-22 08:22:31','2026-06-22 08:22:31'),(29,'6afdb6dc-746a-4459-aa19-2d42dd233482',4,'2026-01-13','17:00:00','18:00:00',0,0,NULL,'2026-06-22 08:22:31','2026-06-22 08:22:31'),(30,'0dfa28c2-c644-4ea6-be51-2584ee525787',2,'2026-01-13','18:00:00','19:00:00',0,0,NULL,'2026-06-22 08:22:31','2026-06-22 08:22:31'),(31,'716843f0-6a4b-4b7c-b92e-e21bcfb9a754',5,'2026-01-13','18:00:00','19:00:00',0,0,NULL,'2026-06-22 08:22:31','2026-06-22 08:22:31'),(32,'d42f4143-1572-477c-aae9-1276c6921c94',3,'2026-01-14','17:00:00','18:00:00',0,0,NULL,'2026-06-22 08:22:31','2026-06-22 08:22:31'),(33,'b0049dae-a122-424e-8ec0-5e7dabf92464',2,'2026-01-14','17:00:00','18:00:00',0,0,NULL,'2026-06-22 08:22:31','2026-06-22 08:22:31'),(34,'2df0879e-91ec-4de3-b410-9a1a0082c225',4,'2026-01-14','18:00:00','19:00:00',0,0,NULL,'2026-06-22 08:22:31','2026-06-22 08:22:31'),(35,'ccad603b-0fc5-4442-9683-6d11f4158b4a',5,'2026-01-14','19:00:00','20:00:00',0,0,NULL,'2026-06-22 08:22:31','2026-06-22 08:22:31'),(36,'02e9212a-d5c8-4fab-93fc-ecda19e86339',1,'2026-01-15','17:00:00','18:00:00',0,0,NULL,'2026-06-22 08:22:31','2026-06-22 08:22:31'),(37,'655c8f31-7bd8-4d3b-8e80-75badfb2b442',3,'2026-01-15','17:00:00','18:00:00',0,0,NULL,'2026-06-22 08:22:31','2026-06-22 08:22:31'),(38,'48841fd8-f909-4cda-a957-c7da92705f9f',2,'2026-01-15','18:00:00','19:00:00',0,0,NULL,'2026-06-22 08:22:31','2026-06-22 08:22:31'),(39,'f7d331d6-8a88-4cab-8af3-23382b6eee57',5,'2026-01-16','17:00:00','18:00:00',0,0,NULL,'2026-06-22 08:22:31','2026-06-22 08:22:31'),(40,'122fa5d2-9ef4-471b-a046-7c317abdc8d0',4,'2026-01-16','17:00:00','18:00:00',0,0,NULL,'2026-06-22 08:22:31','2026-06-22 08:22:31'),(41,'31fb501d-006f-458b-83f8-093da62c623d',1,'2026-01-16','18:00:00','19:00:00',0,0,NULL,'2026-06-22 08:22:31','2026-06-22 08:22:31'),(42,'2ff85510-3eb1-41b2-b748-49ec31463703',3,'2026-01-16','19:00:00','20:00:00',0,0,NULL,'2026-06-22 08:22:31','2026-06-22 08:22:31'),(43,'db2e81a6-6586-437e-b7e8-3eebbfaa18f9',3,'2026-01-17','10:00:00','11:00:00',0,0,NULL,'2026-06-22 08:22:31','2026-06-22 08:22:31'),(44,'f4f408ed-26e4-4647-af88-2fc5ca2321dd',5,'2026-01-17','10:00:00','11:00:00',0,0,NULL,'2026-06-22 08:22:31','2026-06-22 08:22:31'),(45,'3eeb64b0-b884-49d2-9dbc-d3e99e38536a',3,'2026-01-19','17:00:00','18:00:00',0,0,NULL,'2026-06-22 08:22:31','2026-06-22 08:22:31'),(46,'3d86b781-3c15-420c-ac8d-f93b7c2c0839',4,'2026-01-19','17:00:00','18:00:00',0,0,NULL,'2026-06-22 08:22:31','2026-06-22 08:22:31'),(47,'6840519f-fef0-4510-a867-522224ec07ff',5,'2026-01-19','18:00:00','19:00:00',0,0,NULL,'2026-06-22 08:22:31','2026-06-22 08:22:31'),(48,'831543a6-7ba9-40a2-9cf6-161106ac539f',1,'2026-01-19','18:00:00','19:00:00',0,0,NULL,'2026-06-22 08:22:31','2026-06-22 08:22:31'),(49,'087d0abc-e630-438a-901f-be077c193030',3,'2026-01-19','19:00:00','20:00:00',0,0,NULL,'2026-06-22 08:22:31','2026-06-22 08:22:31'),(50,'be413acc-82ef-45fe-b6cc-93e549734d0b',1,'2026-01-20','17:00:00','18:00:00',0,0,NULL,'2026-06-22 08:22:31','2026-06-22 08:22:31'),(51,'6afdb6dc-746a-4459-aa19-2d42dd233482',4,'2026-01-20','17:00:00','18:00:00',0,0,NULL,'2026-06-22 08:22:31','2026-06-22 08:22:31'),(52,'0dfa28c2-c644-4ea6-be51-2584ee525787',2,'2026-01-20','18:00:00','19:00:00',0,0,NULL,'2026-06-22 08:22:31','2026-06-22 08:22:31'),(53,'716843f0-6a4b-4b7c-b92e-e21bcfb9a754',5,'2026-01-20','18:00:00','19:00:00',0,0,NULL,'2026-06-22 08:22:31','2026-06-22 08:22:31'),(54,'d42f4143-1572-477c-aae9-1276c6921c94',3,'2026-01-21','17:00:00','18:00:00',0,0,NULL,'2026-06-22 08:22:31','2026-06-22 08:22:31'),(55,'b0049dae-a122-424e-8ec0-5e7dabf92464',2,'2026-01-21','17:00:00','18:00:00',0,0,NULL,'2026-06-22 08:22:31','2026-06-22 08:22:31'),(56,'2df0879e-91ec-4de3-b410-9a1a0082c225',4,'2026-01-21','18:00:00','19:00:00',0,0,NULL,'2026-06-22 08:22:31','2026-06-22 08:22:31'),(57,'ccad603b-0fc5-4442-9683-6d11f4158b4a',5,'2026-01-21','19:00:00','20:00:00',0,0,NULL,'2026-06-22 08:22:31','2026-06-22 08:22:31'),(58,'02e9212a-d5c8-4fab-93fc-ecda19e86339',1,'2026-01-22','17:00:00','18:00:00',0,0,NULL,'2026-06-22 08:22:31','2026-06-22 08:22:31'),(59,'655c8f31-7bd8-4d3b-8e80-75badfb2b442',3,'2026-01-22','17:00:00','18:00:00',0,0,NULL,'2026-06-22 08:22:31','2026-06-22 08:22:31'),(60,'48841fd8-f909-4cda-a957-c7da92705f9f',2,'2026-01-22','18:00:00','19:00:00',0,0,NULL,'2026-06-22 08:22:32','2026-06-22 08:22:32'),(61,'f7d331d6-8a88-4cab-8af3-23382b6eee57',5,'2026-01-23','17:00:00','18:00:00',0,0,NULL,'2026-06-22 08:22:32','2026-06-22 08:22:32'),(62,'122fa5d2-9ef4-471b-a046-7c317abdc8d0',4,'2026-01-23','17:00:00','18:00:00',0,0,NULL,'2026-06-22 08:22:32','2026-06-22 08:22:32'),(63,'31fb501d-006f-458b-83f8-093da62c623d',1,'2026-01-23','18:00:00','19:00:00',0,0,NULL,'2026-06-22 08:22:32','2026-06-22 08:22:32'),(64,'2ff85510-3eb1-41b2-b748-49ec31463703',3,'2026-01-23','19:00:00','20:00:00',0,0,NULL,'2026-06-22 08:22:32','2026-06-22 08:22:32'),(65,'db2e81a6-6586-437e-b7e8-3eebbfaa18f9',3,'2026-01-24','10:00:00','11:00:00',0,0,NULL,'2026-06-22 08:22:32','2026-06-22 08:22:32'),(66,'f4f408ed-26e4-4647-af88-2fc5ca2321dd',5,'2026-01-24','10:00:00','11:00:00',0,0,NULL,'2026-06-22 08:22:32','2026-06-22 08:22:32'),(67,'3eeb64b0-b884-49d2-9dbc-d3e99e38536a',3,'2026-01-26','17:00:00','18:00:00',0,0,NULL,'2026-06-22 08:22:32','2026-06-22 08:22:32'),(68,'3d86b781-3c15-420c-ac8d-f93b7c2c0839',4,'2026-01-26','17:00:00','18:00:00',0,0,NULL,'2026-06-22 08:22:32','2026-06-22 08:22:32'),(69,'6840519f-fef0-4510-a867-522224ec07ff',5,'2026-01-26','18:00:00','19:00:00',0,0,NULL,'2026-06-22 08:22:32','2026-06-22 08:22:32'),(70,'831543a6-7ba9-40a2-9cf6-161106ac539f',1,'2026-01-26','18:00:00','19:00:00',0,0,NULL,'2026-06-22 08:22:32','2026-06-22 08:22:32'),(71,'087d0abc-e630-438a-901f-be077c193030',3,'2026-01-26','19:00:00','20:00:00',0,0,NULL,'2026-06-22 08:22:32','2026-06-22 08:22:32'),(72,'be413acc-82ef-45fe-b6cc-93e549734d0b',1,'2026-01-27','17:00:00','18:00:00',0,0,NULL,'2026-06-22 08:22:32','2026-06-22 08:22:32'),(73,'6afdb6dc-746a-4459-aa19-2d42dd233482',4,'2026-01-27','17:00:00','18:00:00',0,0,NULL,'2026-06-22 08:22:32','2026-06-22 08:22:32'),(74,'0dfa28c2-c644-4ea6-be51-2584ee525787',2,'2026-01-27','18:00:00','19:00:00',0,0,NULL,'2026-06-22 08:22:32','2026-06-22 08:22:32'),(75,'716843f0-6a4b-4b7c-b92e-e21bcfb9a754',5,'2026-01-27','18:00:00','19:00:00',0,0,NULL,'2026-06-22 08:22:32','2026-06-22 08:22:32'),(76,'d42f4143-1572-477c-aae9-1276c6921c94',3,'2026-01-28','17:00:00','18:00:00',0,0,NULL,'2026-06-22 08:22:32','2026-06-22 08:22:32'),(77,'b0049dae-a122-424e-8ec0-5e7dabf92464',2,'2026-01-28','17:00:00','18:00:00',0,0,NULL,'2026-06-22 08:22:32','2026-06-22 08:22:32'),(78,'2df0879e-91ec-4de3-b410-9a1a0082c225',4,'2026-01-28','18:00:00','19:00:00',0,0,NULL,'2026-06-22 08:22:32','2026-06-22 08:22:32'),(79,'ccad603b-0fc5-4442-9683-6d11f4158b4a',5,'2026-01-28','19:00:00','20:00:00',0,0,NULL,'2026-06-22 08:22:32','2026-06-22 08:22:32'),(80,'02e9212a-d5c8-4fab-93fc-ecda19e86339',1,'2026-01-29','17:00:00','18:00:00',0,0,NULL,'2026-06-22 08:22:32','2026-06-22 08:22:32'),(81,'655c8f31-7bd8-4d3b-8e80-75badfb2b442',3,'2026-01-29','17:00:00','18:00:00',0,0,NULL,'2026-06-22 08:22:32','2026-06-22 08:22:32'),(82,'48841fd8-f909-4cda-a957-c7da92705f9f',2,'2026-01-29','18:00:00','19:00:00',0,0,NULL,'2026-06-22 08:22:32','2026-06-22 08:22:32'),(83,'f7d331d6-8a88-4cab-8af3-23382b6eee57',5,'2026-01-30','17:00:00','18:00:00',0,0,NULL,'2026-06-22 08:22:32','2026-06-22 08:22:32'),(84,'122fa5d2-9ef4-471b-a046-7c317abdc8d0',4,'2026-01-30','17:00:00','18:00:00',0,0,NULL,'2026-06-22 08:22:32','2026-06-22 08:22:32'),(85,'31fb501d-006f-458b-83f8-093da62c623d',1,'2026-01-30','18:00:00','19:00:00',0,0,NULL,'2026-06-22 08:22:32','2026-06-22 08:22:32'),(86,'2ff85510-3eb1-41b2-b748-49ec31463703',3,'2026-01-30','19:00:00','20:00:00',0,0,NULL,'2026-06-22 08:22:32','2026-06-22 08:22:32'),(87,'db2e81a6-6586-437e-b7e8-3eebbfaa18f9',3,'2026-01-31','10:00:00','11:00:00',0,0,NULL,'2026-06-22 08:22:32','2026-06-22 08:22:32'),(88,'f4f408ed-26e4-4647-af88-2fc5ca2321dd',5,'2026-01-31','10:00:00','11:00:00',0,0,NULL,'2026-06-22 08:22:32','2026-06-22 08:22:32'),(89,'3eeb64b0-b884-49d2-9dbc-d3e99e38536a',3,'2026-02-02','17:00:00','18:00:00',0,0,NULL,'2026-06-22 08:22:32','2026-06-22 08:22:32'),(90,'3d86b781-3c15-420c-ac8d-f93b7c2c0839',4,'2026-02-02','17:00:00','18:00:00',0,0,NULL,'2026-06-22 08:22:32','2026-06-22 08:22:32'),(91,'6840519f-fef0-4510-a867-522224ec07ff',5,'2026-02-02','18:00:00','19:00:00',0,0,NULL,'2026-06-22 08:22:32','2026-06-22 08:22:32'),(92,'831543a6-7ba9-40a2-9cf6-161106ac539f',1,'2026-02-02','18:00:00','19:00:00',0,0,NULL,'2026-06-22 08:22:32','2026-06-22 08:22:32'),(93,'087d0abc-e630-438a-901f-be077c193030',3,'2026-02-02','19:00:00','20:00:00',0,0,NULL,'2026-06-22 08:22:32','2026-06-22 08:22:32'),(94,'be413acc-82ef-45fe-b6cc-93e549734d0b',1,'2026-02-03','17:00:00','18:00:00',0,0,NULL,'2026-06-22 08:22:32','2026-06-22 08:22:32'),(95,'6afdb6dc-746a-4459-aa19-2d42dd233482',4,'2026-02-03','17:00:00','18:00:00',0,0,NULL,'2026-06-22 08:22:32','2026-06-22 08:22:32'),(96,'0dfa28c2-c644-4ea6-be51-2584ee525787',2,'2026-02-03','18:00:00','19:00:00',0,0,NULL,'2026-06-22 08:22:32','2026-06-22 08:22:32'),(97,'716843f0-6a4b-4b7c-b92e-e21bcfb9a754',5,'2026-02-03','18:00:00','19:00:00',0,0,NULL,'2026-06-22 08:22:32','2026-06-22 08:22:32'),(98,'d42f4143-1572-477c-aae9-1276c6921c94',3,'2026-02-04','17:00:00','18:00:00',0,0,NULL,'2026-06-22 08:22:32','2026-06-22 08:22:32'),(99,'b0049dae-a122-424e-8ec0-5e7dabf92464',2,'2026-02-04','17:00:00','18:00:00',0,0,NULL,'2026-06-22 08:22:32','2026-06-22 08:22:32'),(100,'2df0879e-91ec-4de3-b410-9a1a0082c225',4,'2026-02-04','18:00:00','19:00:00',0,0,NULL,'2026-06-22 08:22:32','2026-06-22 08:22:32'),(101,'ccad603b-0fc5-4442-9683-6d11f4158b4a',5,'2026-02-04','19:00:00','20:00:00',0,0,NULL,'2026-06-22 08:22:32','2026-06-22 08:22:32'),(102,'02e9212a-d5c8-4fab-93fc-ecda19e86339',1,'2026-02-05','17:00:00','18:00:00',0,0,NULL,'2026-06-22 08:22:32','2026-06-22 08:22:32'),(103,'655c8f31-7bd8-4d3b-8e80-75badfb2b442',3,'2026-02-05','17:00:00','18:00:00',0,0,NULL,'2026-06-22 08:22:32','2026-06-22 08:22:32'),(104,'48841fd8-f909-4cda-a957-c7da92705f9f',2,'2026-02-05','18:00:00','19:00:00',0,0,NULL,'2026-06-22 08:22:32','2026-06-22 08:22:32'),(105,'f7d331d6-8a88-4cab-8af3-23382b6eee57',5,'2026-02-06','17:00:00','18:00:00',0,0,NULL,'2026-06-22 08:22:32','2026-06-22 08:22:32'),(106,'122fa5d2-9ef4-471b-a046-7c317abdc8d0',4,'2026-02-06','17:00:00','18:00:00',0,0,NULL,'2026-06-22 08:22:32','2026-06-22 08:22:32'),(107,'31fb501d-006f-458b-83f8-093da62c623d',1,'2026-02-06','18:00:00','19:00:00',0,0,NULL,'2026-06-22 08:22:32','2026-06-22 08:22:32'),(108,'2ff85510-3eb1-41b2-b748-49ec31463703',3,'2026-02-06','19:00:00','20:00:00',0,0,NULL,'2026-06-22 08:22:32','2026-06-22 08:22:32'),(109,'db2e81a6-6586-437e-b7e8-3eebbfaa18f9',3,'2026-02-07','10:00:00','11:00:00',0,0,NULL,'2026-06-22 08:22:32','2026-06-22 08:22:32'),(110,'f4f408ed-26e4-4647-af88-2fc5ca2321dd',5,'2026-02-07','10:00:00','11:00:00',0,0,NULL,'2026-06-22 08:22:32','2026-06-22 08:22:32'),(111,'3eeb64b0-b884-49d2-9dbc-d3e99e38536a',3,'2026-02-09','17:00:00','18:00:00',0,0,NULL,'2026-06-22 08:22:32','2026-06-22 08:22:32'),(112,'3d86b781-3c15-420c-ac8d-f93b7c2c0839',4,'2026-02-09','17:00:00','18:00:00',0,0,NULL,'2026-06-22 08:22:32','2026-06-22 08:22:32'),(113,'6840519f-fef0-4510-a867-522224ec07ff',5,'2026-02-09','18:00:00','19:00:00',0,0,NULL,'2026-06-22 08:22:32','2026-06-22 08:22:32'),(114,'831543a6-7ba9-40a2-9cf6-161106ac539f',1,'2026-02-09','18:00:00','19:00:00',0,0,NULL,'2026-06-22 08:22:32','2026-06-22 08:22:32'),(115,'087d0abc-e630-438a-901f-be077c193030',3,'2026-02-09','19:00:00','20:00:00',0,0,NULL,'2026-06-22 08:22:32','2026-06-22 08:22:32'),(116,'be413acc-82ef-45fe-b6cc-93e549734d0b',1,'2026-02-10','17:00:00','18:00:00',0,0,NULL,'2026-06-22 08:22:32','2026-06-22 08:22:32'),(117,'6afdb6dc-746a-4459-aa19-2d42dd233482',4,'2026-02-10','17:00:00','18:00:00',0,0,NULL,'2026-06-22 08:22:32','2026-06-22 08:22:32'),(118,'0dfa28c2-c644-4ea6-be51-2584ee525787',2,'2026-02-10','18:00:00','19:00:00',0,0,NULL,'2026-06-22 08:22:32','2026-06-22 08:22:32'),(119,'716843f0-6a4b-4b7c-b92e-e21bcfb9a754',5,'2026-02-10','18:00:00','19:00:00',0,0,NULL,'2026-06-22 08:22:32','2026-06-22 08:22:32'),(120,'d42f4143-1572-477c-aae9-1276c6921c94',3,'2026-02-11','17:00:00','18:00:00',0,0,NULL,'2026-06-22 08:22:32','2026-06-22 08:22:32'),(121,'b0049dae-a122-424e-8ec0-5e7dabf92464',2,'2026-02-11','17:00:00','18:00:00',0,0,NULL,'2026-06-22 08:22:32','2026-06-22 08:22:32'),(122,'2df0879e-91ec-4de3-b410-9a1a0082c225',4,'2026-02-11','18:00:00','19:00:00',0,0,NULL,'2026-06-22 08:22:32','2026-06-22 08:22:32'),(123,'ccad603b-0fc5-4442-9683-6d11f4158b4a',5,'2026-02-11','19:00:00','20:00:00',0,0,NULL,'2026-06-22 08:22:32','2026-06-22 08:22:32'),(124,'02e9212a-d5c8-4fab-93fc-ecda19e86339',1,'2026-02-12','17:00:00','18:00:00',0,0,NULL,'2026-06-22 08:22:32','2026-06-22 08:22:32'),(125,'655c8f31-7bd8-4d3b-8e80-75badfb2b442',3,'2026-02-12','17:00:00','18:00:00',0,0,NULL,'2026-06-22 08:22:32','2026-06-22 08:22:32'),(126,'48841fd8-f909-4cda-a957-c7da92705f9f',2,'2026-02-12','18:00:00','19:00:00',0,0,NULL,'2026-06-22 08:22:32','2026-06-22 08:22:32'),(127,'f7d331d6-8a88-4cab-8af3-23382b6eee57',5,'2026-02-13','17:00:00','18:00:00',0,0,NULL,'2026-06-22 08:22:32','2026-06-22 08:22:32'),(128,'122fa5d2-9ef4-471b-a046-7c317abdc8d0',4,'2026-02-13','17:00:00','18:00:00',0,0,NULL,'2026-06-22 08:22:32','2026-06-22 08:22:32'),(129,'31fb501d-006f-458b-83f8-093da62c623d',1,'2026-02-13','18:00:00','19:00:00',0,0,NULL,'2026-06-22 08:22:32','2026-06-22 08:22:32'),(130,'2ff85510-3eb1-41b2-b748-49ec31463703',3,'2026-02-13','19:00:00','20:00:00',0,0,NULL,'2026-06-22 08:22:32','2026-06-22 08:22:32'),(131,'db2e81a6-6586-437e-b7e8-3eebbfaa18f9',3,'2026-02-14','10:00:00','11:00:00',0,0,NULL,'2026-06-22 08:22:32','2026-06-22 08:22:32'),(132,'f4f408ed-26e4-4647-af88-2fc5ca2321dd',5,'2026-02-14','10:00:00','11:00:00',0,0,NULL,'2026-06-22 08:22:32','2026-06-22 08:22:32'),(133,'3eeb64b0-b884-49d2-9dbc-d3e99e38536a',3,'2026-02-16','17:00:00','18:00:00',0,0,NULL,'2026-06-22 08:22:32','2026-06-22 08:22:32'),(134,'3d86b781-3c15-420c-ac8d-f93b7c2c0839',4,'2026-02-16','17:00:00','18:00:00',0,0,NULL,'2026-06-22 08:22:32','2026-06-22 08:22:32'),(135,'6840519f-fef0-4510-a867-522224ec07ff',5,'2026-02-16','18:00:00','19:00:00',0,0,NULL,'2026-06-22 08:22:32','2026-06-22 08:22:32'),(136,'831543a6-7ba9-40a2-9cf6-161106ac539f',1,'2026-02-16','18:00:00','19:00:00',0,0,NULL,'2026-06-22 08:22:32','2026-06-22 08:22:32'),(137,'087d0abc-e630-438a-901f-be077c193030',3,'2026-02-16','19:00:00','20:00:00',0,0,NULL,'2026-06-22 08:22:32','2026-06-22 08:22:32'),(138,'be413acc-82ef-45fe-b6cc-93e549734d0b',1,'2026-02-17','17:00:00','18:00:00',0,0,NULL,'2026-06-22 08:22:32','2026-06-22 08:22:32'),(139,'6afdb6dc-746a-4459-aa19-2d42dd233482',4,'2026-02-17','17:00:00','18:00:00',0,0,NULL,'2026-06-22 08:22:32','2026-06-22 08:22:32'),(140,'0dfa28c2-c644-4ea6-be51-2584ee525787',2,'2026-02-17','18:00:00','19:00:00',0,0,NULL,'2026-06-22 08:22:32','2026-06-22 08:22:32'),(141,'716843f0-6a4b-4b7c-b92e-e21bcfb9a754',5,'2026-02-17','18:00:00','19:00:00',0,0,NULL,'2026-06-22 08:22:32','2026-06-22 08:22:32'),(142,'d42f4143-1572-477c-aae9-1276c6921c94',3,'2026-02-18','17:00:00','18:00:00',0,0,NULL,'2026-06-22 08:22:32','2026-06-22 08:22:32'),(143,'b0049dae-a122-424e-8ec0-5e7dabf92464',2,'2026-02-18','17:00:00','18:00:00',0,0,NULL,'2026-06-22 08:22:32','2026-06-22 08:22:32'),(144,'2df0879e-91ec-4de3-b410-9a1a0082c225',4,'2026-02-18','18:00:00','19:00:00',0,0,NULL,'2026-06-22 08:22:32','2026-06-22 08:22:32'),(145,'ccad603b-0fc5-4442-9683-6d11f4158b4a',5,'2026-02-18','19:00:00','20:00:00',0,0,NULL,'2026-06-22 08:22:32','2026-06-22 08:22:32'),(146,'02e9212a-d5c8-4fab-93fc-ecda19e86339',1,'2026-02-19','17:00:00','18:00:00',0,0,NULL,'2026-06-22 08:22:32','2026-06-22 08:22:32'),(147,'655c8f31-7bd8-4d3b-8e80-75badfb2b442',3,'2026-02-19','17:00:00','18:00:00',0,0,NULL,'2026-06-22 08:22:32','2026-06-22 08:22:32'),(148,'48841fd8-f909-4cda-a957-c7da92705f9f',2,'2026-02-19','18:00:00','19:00:00',0,0,NULL,'2026-06-22 08:22:32','2026-06-22 08:22:32'),(149,'f7d331d6-8a88-4cab-8af3-23382b6eee57',5,'2026-02-20','17:00:00','18:00:00',0,0,NULL,'2026-06-22 08:22:32','2026-06-22 08:22:32'),(150,'122fa5d2-9ef4-471b-a046-7c317abdc8d0',4,'2026-02-20','17:00:00','18:00:00',0,0,NULL,'2026-06-22 08:22:32','2026-06-22 08:22:32'),(151,'31fb501d-006f-458b-83f8-093da62c623d',1,'2026-02-20','18:00:00','19:00:00',0,0,NULL,'2026-06-22 08:22:32','2026-06-22 08:22:32'),(152,'2ff85510-3eb1-41b2-b748-49ec31463703',3,'2026-02-20','19:00:00','20:00:00',0,0,NULL,'2026-06-22 08:22:32','2026-06-22 08:22:32'),(153,'db2e81a6-6586-437e-b7e8-3eebbfaa18f9',3,'2026-02-21','10:00:00','11:00:00',0,0,NULL,'2026-06-22 08:22:32','2026-06-22 08:22:32'),(154,'f4f408ed-26e4-4647-af88-2fc5ca2321dd',5,'2026-02-21','10:00:00','11:00:00',0,0,NULL,'2026-06-22 08:22:32','2026-06-22 08:22:32'),(155,'3eeb64b0-b884-49d2-9dbc-d3e99e38536a',3,'2026-02-23','17:00:00','18:00:00',0,0,NULL,'2026-06-22 08:22:32','2026-06-22 08:22:32'),(156,'3d86b781-3c15-420c-ac8d-f93b7c2c0839',4,'2026-02-23','17:00:00','18:00:00',0,0,NULL,'2026-06-22 08:22:32','2026-06-22 08:22:32'),(157,'6840519f-fef0-4510-a867-522224ec07ff',5,'2026-02-23','18:00:00','19:00:00',0,0,NULL,'2026-06-22 08:22:32','2026-06-22 08:22:32'),(158,'831543a6-7ba9-40a2-9cf6-161106ac539f',1,'2026-02-23','18:00:00','19:00:00',0,0,NULL,'2026-06-22 08:22:32','2026-06-22 08:22:32'),(159,'087d0abc-e630-438a-901f-be077c193030',3,'2026-02-23','19:00:00','20:00:00',0,0,NULL,'2026-06-22 08:22:32','2026-06-22 08:22:32'),(160,'be413acc-82ef-45fe-b6cc-93e549734d0b',1,'2026-02-24','17:00:00','18:00:00',0,0,NULL,'2026-06-22 08:22:32','2026-06-22 08:22:32'),(161,'6afdb6dc-746a-4459-aa19-2d42dd233482',4,'2026-02-24','17:00:00','18:00:00',0,0,NULL,'2026-06-22 08:22:32','2026-06-22 08:22:32'),(162,'0dfa28c2-c644-4ea6-be51-2584ee525787',2,'2026-02-24','18:00:00','19:00:00',0,0,NULL,'2026-06-22 08:22:32','2026-06-22 08:22:32'),(163,'716843f0-6a4b-4b7c-b92e-e21bcfb9a754',5,'2026-02-24','18:00:00','19:00:00',0,0,NULL,'2026-06-22 08:22:32','2026-06-22 08:22:32'),(164,'d42f4143-1572-477c-aae9-1276c6921c94',3,'2026-02-25','17:00:00','18:00:00',0,0,NULL,'2026-06-22 08:22:32','2026-06-22 08:22:32'),(165,'b0049dae-a122-424e-8ec0-5e7dabf92464',2,'2026-02-25','17:00:00','18:00:00',0,0,NULL,'2026-06-22 08:22:32','2026-06-22 08:22:32'),(166,'2df0879e-91ec-4de3-b410-9a1a0082c225',4,'2026-02-25','18:00:00','19:00:00',0,0,NULL,'2026-06-22 08:22:32','2026-06-22 08:22:32'),(167,'ccad603b-0fc5-4442-9683-6d11f4158b4a',5,'2026-02-25','19:00:00','20:00:00',0,0,NULL,'2026-06-22 08:22:32','2026-06-22 08:22:32'),(168,'02e9212a-d5c8-4fab-93fc-ecda19e86339',1,'2026-02-26','17:00:00','18:00:00',0,0,NULL,'2026-06-22 08:22:32','2026-06-22 08:22:32'),(169,'655c8f31-7bd8-4d3b-8e80-75badfb2b442',3,'2026-02-26','17:00:00','18:00:00',0,0,NULL,'2026-06-22 08:22:32','2026-06-22 08:22:32'),(170,'48841fd8-f909-4cda-a957-c7da92705f9f',2,'2026-02-26','18:00:00','19:00:00',0,0,NULL,'2026-06-22 08:22:32','2026-06-22 08:22:32'),(171,'f7d331d6-8a88-4cab-8af3-23382b6eee57',5,'2026-02-27','17:00:00','18:00:00',0,0,NULL,'2026-06-22 08:22:32','2026-06-22 08:22:32'),(172,'122fa5d2-9ef4-471b-a046-7c317abdc8d0',4,'2026-02-27','17:00:00','18:00:00',0,0,NULL,'2026-06-22 08:22:32','2026-06-22 08:22:32'),(173,'31fb501d-006f-458b-83f8-093da62c623d',1,'2026-02-27','18:00:00','19:00:00',0,0,NULL,'2026-06-22 08:22:32','2026-06-22 08:22:32'),(174,'2ff85510-3eb1-41b2-b748-49ec31463703',3,'2026-02-27','19:00:00','20:00:00',0,0,NULL,'2026-06-22 08:22:32','2026-06-22 08:22:32'),(175,'db2e81a6-6586-437e-b7e8-3eebbfaa18f9',3,'2026-02-28','10:00:00','11:00:00',0,0,NULL,'2026-06-22 08:22:32','2026-06-22 08:22:32'),(176,'f4f408ed-26e4-4647-af88-2fc5ca2321dd',5,'2026-02-28','10:00:00','11:00:00',0,0,NULL,'2026-06-22 08:22:32','2026-06-22 08:22:32'),(177,'3eeb64b0-b884-49d2-9dbc-d3e99e38536a',3,'2026-03-02','17:00:00','18:00:00',0,0,NULL,'2026-06-22 08:22:32','2026-06-22 08:22:32'),(178,'3d86b781-3c15-420c-ac8d-f93b7c2c0839',4,'2026-03-02','17:00:00','18:00:00',0,0,NULL,'2026-06-22 08:22:32','2026-06-22 08:22:32'),(179,'6840519f-fef0-4510-a867-522224ec07ff',5,'2026-03-02','18:00:00','19:00:00',0,0,NULL,'2026-06-22 08:22:32','2026-06-22 08:22:32'),(180,'831543a6-7ba9-40a2-9cf6-161106ac539f',1,'2026-03-02','18:00:00','19:00:00',0,0,NULL,'2026-06-22 08:22:32','2026-06-22 08:22:32'),(181,'087d0abc-e630-438a-901f-be077c193030',3,'2026-03-02','19:00:00','20:00:00',0,0,NULL,'2026-06-22 08:22:32','2026-06-22 08:22:32'),(182,'be413acc-82ef-45fe-b6cc-93e549734d0b',1,'2026-03-03','17:00:00','18:00:00',0,0,NULL,'2026-06-22 08:22:32','2026-06-22 08:22:32'),(183,'6afdb6dc-746a-4459-aa19-2d42dd233482',4,'2026-03-03','17:00:00','18:00:00',0,0,NULL,'2026-06-22 08:22:32','2026-06-22 08:22:32'),(184,'0dfa28c2-c644-4ea6-be51-2584ee525787',2,'2026-03-03','18:00:00','19:00:00',0,0,NULL,'2026-06-22 08:22:32','2026-06-22 08:22:32'),(185,'716843f0-6a4b-4b7c-b92e-e21bcfb9a754',5,'2026-03-03','18:00:00','19:00:00',0,0,NULL,'2026-06-22 08:22:32','2026-06-22 08:22:32'),(186,'d42f4143-1572-477c-aae9-1276c6921c94',3,'2026-03-04','17:00:00','18:00:00',0,0,NULL,'2026-06-22 08:22:32','2026-06-22 08:22:32'),(187,'b0049dae-a122-424e-8ec0-5e7dabf92464',2,'2026-03-04','17:00:00','18:00:00',0,0,NULL,'2026-06-22 08:22:32','2026-06-22 08:22:32'),(188,'2df0879e-91ec-4de3-b410-9a1a0082c225',4,'2026-03-04','18:00:00','19:00:00',0,0,NULL,'2026-06-22 08:22:32','2026-06-22 08:22:32'),(189,'ccad603b-0fc5-4442-9683-6d11f4158b4a',5,'2026-03-04','19:00:00','20:00:00',0,0,NULL,'2026-06-22 08:22:32','2026-06-22 08:22:32'),(190,'02e9212a-d5c8-4fab-93fc-ecda19e86339',1,'2026-03-05','17:00:00','18:00:00',0,0,NULL,'2026-06-22 08:22:32','2026-06-22 08:22:32'),(191,'655c8f31-7bd8-4d3b-8e80-75badfb2b442',3,'2026-03-05','17:00:00','18:00:00',0,0,NULL,'2026-06-22 08:22:32','2026-06-22 08:22:32'),(192,'48841fd8-f909-4cda-a957-c7da92705f9f',2,'2026-03-05','18:00:00','19:00:00',0,0,NULL,'2026-06-22 08:22:32','2026-06-22 08:22:32'),(193,'f7d331d6-8a88-4cab-8af3-23382b6eee57',5,'2026-03-06','17:00:00','18:00:00',0,0,NULL,'2026-06-22 08:22:32','2026-06-22 08:22:32'),(194,'122fa5d2-9ef4-471b-a046-7c317abdc8d0',4,'2026-03-06','17:00:00','18:00:00',0,0,NULL,'2026-06-22 08:22:32','2026-06-22 08:22:32'),(195,'31fb501d-006f-458b-83f8-093da62c623d',1,'2026-03-06','18:00:00','19:00:00',0,0,NULL,'2026-06-22 08:22:32','2026-06-22 08:22:32'),(196,'2ff85510-3eb1-41b2-b748-49ec31463703',3,'2026-03-06','19:00:00','20:00:00',0,0,NULL,'2026-06-22 08:22:32','2026-06-22 08:22:32'),(197,'db2e81a6-6586-437e-b7e8-3eebbfaa18f9',3,'2026-03-07','10:00:00','11:00:00',0,0,NULL,'2026-06-22 08:22:32','2026-06-22 08:22:32'),(198,'f4f408ed-26e4-4647-af88-2fc5ca2321dd',5,'2026-03-07','10:00:00','11:00:00',0,0,NULL,'2026-06-22 08:22:32','2026-06-22 08:22:32'),(199,'3eeb64b0-b884-49d2-9dbc-d3e99e38536a',3,'2026-03-09','17:00:00','18:00:00',0,0,NULL,'2026-06-22 08:22:32','2026-06-22 08:22:32'),(200,'3d86b781-3c15-420c-ac8d-f93b7c2c0839',4,'2026-03-09','17:00:00','18:00:00',0,0,NULL,'2026-06-22 08:22:32','2026-06-22 08:22:32'),(201,'6840519f-fef0-4510-a867-522224ec07ff',5,'2026-03-09','18:00:00','19:00:00',0,0,NULL,'2026-06-22 08:22:32','2026-06-22 08:22:32'),(202,'831543a6-7ba9-40a2-9cf6-161106ac539f',1,'2026-03-09','18:00:00','19:00:00',0,0,NULL,'2026-06-22 08:22:32','2026-06-22 08:22:32'),(203,'087d0abc-e630-438a-901f-be077c193030',3,'2026-03-09','19:00:00','20:00:00',0,0,NULL,'2026-06-22 08:22:32','2026-06-22 08:22:32'),(204,'be413acc-82ef-45fe-b6cc-93e549734d0b',1,'2026-03-10','17:00:00','18:00:00',0,0,NULL,'2026-06-22 08:22:32','2026-06-22 08:22:32'),(205,'6afdb6dc-746a-4459-aa19-2d42dd233482',4,'2026-03-10','17:00:00','18:00:00',0,0,NULL,'2026-06-22 08:22:32','2026-06-22 08:22:32'),(206,'0dfa28c2-c644-4ea6-be51-2584ee525787',2,'2026-03-10','18:00:00','19:00:00',0,0,NULL,'2026-06-22 08:22:32','2026-06-22 08:22:32'),(207,'716843f0-6a4b-4b7c-b92e-e21bcfb9a754',5,'2026-03-10','18:00:00','19:00:00',0,0,NULL,'2026-06-22 08:22:33','2026-06-22 08:22:33'),(208,'d42f4143-1572-477c-aae9-1276c6921c94',3,'2026-03-11','17:00:00','18:00:00',0,0,NULL,'2026-06-22 08:22:33','2026-06-22 08:22:33'),(209,'b0049dae-a122-424e-8ec0-5e7dabf92464',2,'2026-03-11','17:00:00','18:00:00',0,0,NULL,'2026-06-22 08:22:33','2026-06-22 08:22:33'),(210,'2df0879e-91ec-4de3-b410-9a1a0082c225',4,'2026-03-11','18:00:00','19:00:00',0,0,NULL,'2026-06-22 08:22:33','2026-06-22 08:22:33'),(211,'ccad603b-0fc5-4442-9683-6d11f4158b4a',5,'2026-03-11','19:00:00','20:00:00',0,0,NULL,'2026-06-22 08:22:33','2026-06-22 08:22:33'),(212,'02e9212a-d5c8-4fab-93fc-ecda19e86339',1,'2026-03-12','17:00:00','18:00:00',0,0,NULL,'2026-06-22 08:22:33','2026-06-22 08:22:33'),(213,'655c8f31-7bd8-4d3b-8e80-75badfb2b442',3,'2026-03-12','17:00:00','18:00:00',0,0,NULL,'2026-06-22 08:22:33','2026-06-22 08:22:33'),(214,'48841fd8-f909-4cda-a957-c7da92705f9f',2,'2026-03-12','18:00:00','19:00:00',0,0,NULL,'2026-06-22 08:22:33','2026-06-22 08:22:33'),(215,'f7d331d6-8a88-4cab-8af3-23382b6eee57',5,'2026-03-13','17:00:00','18:00:00',0,0,NULL,'2026-06-22 08:22:33','2026-06-22 08:22:33'),(216,'122fa5d2-9ef4-471b-a046-7c317abdc8d0',4,'2026-03-13','17:00:00','18:00:00',0,0,NULL,'2026-06-22 08:22:33','2026-06-22 08:22:33'),(217,'31fb501d-006f-458b-83f8-093da62c623d',1,'2026-03-13','18:00:00','19:00:00',0,0,NULL,'2026-06-22 08:22:33','2026-06-22 08:22:33'),(218,'2ff85510-3eb1-41b2-b748-49ec31463703',3,'2026-03-13','19:00:00','20:00:00',0,0,NULL,'2026-06-22 08:22:33','2026-06-22 08:22:33'),(219,'db2e81a6-6586-437e-b7e8-3eebbfaa18f9',3,'2026-03-14','10:00:00','11:00:00',0,0,NULL,'2026-06-22 08:22:33','2026-06-22 08:22:33'),(220,'f4f408ed-26e4-4647-af88-2fc5ca2321dd',5,'2026-03-14','10:00:00','11:00:00',0,0,NULL,'2026-06-22 08:22:33','2026-06-22 08:22:33'),(221,'3eeb64b0-b884-49d2-9dbc-d3e99e38536a',3,'2026-03-16','17:00:00','18:00:00',0,0,NULL,'2026-06-22 08:22:33','2026-06-22 08:22:33'),(222,'3d86b781-3c15-420c-ac8d-f93b7c2c0839',4,'2026-03-16','17:00:00','18:00:00',0,0,NULL,'2026-06-22 08:22:33','2026-06-22 08:22:33'),(223,'6840519f-fef0-4510-a867-522224ec07ff',5,'2026-03-16','18:00:00','19:00:00',0,0,NULL,'2026-06-22 08:22:33','2026-06-22 08:22:33'),(224,'831543a6-7ba9-40a2-9cf6-161106ac539f',1,'2026-03-16','18:00:00','19:00:00',0,0,NULL,'2026-06-22 08:22:33','2026-06-22 08:22:33'),(225,'087d0abc-e630-438a-901f-be077c193030',3,'2026-03-16','19:00:00','20:00:00',0,0,NULL,'2026-06-22 08:22:33','2026-06-22 08:22:33'),(226,'be413acc-82ef-45fe-b6cc-93e549734d0b',1,'2026-03-17','17:00:00','18:00:00',0,0,NULL,'2026-06-22 08:22:33','2026-06-22 08:22:33'),(227,'6afdb6dc-746a-4459-aa19-2d42dd233482',4,'2026-03-17','17:00:00','18:00:00',0,0,NULL,'2026-06-22 08:22:33','2026-06-22 08:22:33'),(228,'0dfa28c2-c644-4ea6-be51-2584ee525787',2,'2026-03-17','18:00:00','19:00:00',0,0,NULL,'2026-06-22 08:22:33','2026-06-22 08:22:33'),(229,'716843f0-6a4b-4b7c-b92e-e21bcfb9a754',5,'2026-03-17','18:00:00','19:00:00',0,0,NULL,'2026-06-22 08:22:33','2026-06-22 08:22:33'),(230,'d42f4143-1572-477c-aae9-1276c6921c94',3,'2026-03-18','17:00:00','18:00:00',0,0,NULL,'2026-06-22 08:22:33','2026-06-22 08:22:33'),(231,'b0049dae-a122-424e-8ec0-5e7dabf92464',2,'2026-03-18','17:00:00','18:00:00',0,0,NULL,'2026-06-22 08:22:33','2026-06-22 08:22:33'),(232,'2df0879e-91ec-4de3-b410-9a1a0082c225',4,'2026-03-18','18:00:00','19:00:00',0,0,NULL,'2026-06-22 08:22:33','2026-06-22 08:22:33'),(233,'ccad603b-0fc5-4442-9683-6d11f4158b4a',5,'2026-03-18','19:00:00','20:00:00',0,0,NULL,'2026-06-22 08:22:33','2026-06-22 08:22:33'),(234,'02e9212a-d5c8-4fab-93fc-ecda19e86339',1,'2026-03-19','17:00:00','18:00:00',0,0,NULL,'2026-06-22 08:22:33','2026-06-22 08:22:33'),(235,'655c8f31-7bd8-4d3b-8e80-75badfb2b442',3,'2026-03-19','17:00:00','18:00:00',0,0,NULL,'2026-06-22 08:22:33','2026-06-22 08:22:33'),(236,'48841fd8-f909-4cda-a957-c7da92705f9f',2,'2026-03-19','18:00:00','19:00:00',0,0,NULL,'2026-06-22 08:22:33','2026-06-22 08:22:33'),(237,'f7d331d6-8a88-4cab-8af3-23382b6eee57',5,'2026-03-20','17:00:00','18:00:00',0,0,NULL,'2026-06-22 08:22:33','2026-06-22 08:22:33'),(238,'122fa5d2-9ef4-471b-a046-7c317abdc8d0',4,'2026-03-20','17:00:00','18:00:00',0,0,NULL,'2026-06-22 08:22:33','2026-06-22 08:22:33'),(239,'31fb501d-006f-458b-83f8-093da62c623d',1,'2026-03-20','18:00:00','19:00:00',0,0,NULL,'2026-06-22 08:22:33','2026-06-22 08:22:33'),(240,'2ff85510-3eb1-41b2-b748-49ec31463703',3,'2026-03-20','19:00:00','20:00:00',0,0,NULL,'2026-06-22 08:22:33','2026-06-22 08:22:33'),(241,'db2e81a6-6586-437e-b7e8-3eebbfaa18f9',3,'2026-03-21','10:00:00','11:00:00',0,0,NULL,'2026-06-22 08:22:33','2026-06-22 08:22:33'),(242,'f4f408ed-26e4-4647-af88-2fc5ca2321dd',5,'2026-03-21','10:00:00','11:00:00',0,0,NULL,'2026-06-22 08:22:33','2026-06-22 08:22:33'),(243,'3eeb64b0-b884-49d2-9dbc-d3e99e38536a',3,'2026-03-23','17:00:00','18:00:00',0,0,NULL,'2026-06-22 08:22:33','2026-06-22 08:22:33'),(244,'3d86b781-3c15-420c-ac8d-f93b7c2c0839',4,'2026-03-23','17:00:00','18:00:00',0,0,NULL,'2026-06-22 08:22:33','2026-06-22 08:22:33'),(245,'6840519f-fef0-4510-a867-522224ec07ff',5,'2026-03-23','18:00:00','19:00:00',0,0,NULL,'2026-06-22 08:22:33','2026-06-22 08:22:33'),(246,'831543a6-7ba9-40a2-9cf6-161106ac539f',1,'2026-03-23','18:00:00','19:00:00',0,0,NULL,'2026-06-22 08:22:33','2026-06-22 08:22:33'),(247,'087d0abc-e630-438a-901f-be077c193030',3,'2026-03-23','19:00:00','20:00:00',0,0,NULL,'2026-06-22 08:22:33','2026-06-22 08:22:33'),(248,'be413acc-82ef-45fe-b6cc-93e549734d0b',1,'2026-03-24','17:00:00','18:00:00',0,0,NULL,'2026-06-22 08:22:33','2026-06-22 08:22:33'),(249,'6afdb6dc-746a-4459-aa19-2d42dd233482',4,'2026-03-24','17:00:00','18:00:00',0,0,NULL,'2026-06-22 08:22:33','2026-06-22 08:22:33'),(250,'0dfa28c2-c644-4ea6-be51-2584ee525787',2,'2026-03-24','18:00:00','19:00:00',0,0,NULL,'2026-06-22 08:22:33','2026-06-22 08:22:33'),(251,'716843f0-6a4b-4b7c-b92e-e21bcfb9a754',5,'2026-03-24','18:00:00','19:00:00',0,0,NULL,'2026-06-22 08:22:33','2026-06-22 08:22:33'),(252,'d42f4143-1572-477c-aae9-1276c6921c94',3,'2026-03-25','17:00:00','18:00:00',0,0,NULL,'2026-06-22 08:22:33','2026-06-22 08:22:33'),(253,'b0049dae-a122-424e-8ec0-5e7dabf92464',2,'2026-03-25','17:00:00','18:00:00',0,0,NULL,'2026-06-22 08:22:33','2026-06-22 08:22:33'),(254,'2df0879e-91ec-4de3-b410-9a1a0082c225',4,'2026-03-25','18:00:00','19:00:00',0,0,NULL,'2026-06-22 08:22:33','2026-06-22 08:22:33'),(255,'ccad603b-0fc5-4442-9683-6d11f4158b4a',5,'2026-03-25','19:00:00','20:00:00',0,0,NULL,'2026-06-22 08:22:33','2026-06-22 08:22:33'),(256,'02e9212a-d5c8-4fab-93fc-ecda19e86339',1,'2026-03-26','17:00:00','18:00:00',0,0,NULL,'2026-06-22 08:22:33','2026-06-22 08:22:33'),(257,'655c8f31-7bd8-4d3b-8e80-75badfb2b442',3,'2026-03-26','17:00:00','18:00:00',0,0,NULL,'2026-06-22 08:22:33','2026-06-22 08:22:33'),(258,'48841fd8-f909-4cda-a957-c7da92705f9f',2,'2026-03-26','18:00:00','19:00:00',0,0,NULL,'2026-06-22 08:22:33','2026-06-22 08:22:33'),(259,'f7d331d6-8a88-4cab-8af3-23382b6eee57',5,'2026-03-27','17:00:00','18:00:00',0,0,NULL,'2026-06-22 08:22:33','2026-06-22 08:22:33'),(260,'122fa5d2-9ef4-471b-a046-7c317abdc8d0',4,'2026-03-27','17:00:00','18:00:00',0,0,NULL,'2026-06-22 08:22:33','2026-06-22 08:22:33'),(261,'31fb501d-006f-458b-83f8-093da62c623d',1,'2026-03-27','18:00:00','19:00:00',0,0,NULL,'2026-06-22 08:22:33','2026-06-22 08:22:33'),(262,'2ff85510-3eb1-41b2-b748-49ec31463703',3,'2026-03-27','19:00:00','20:00:00',0,0,NULL,'2026-06-22 08:22:33','2026-06-22 08:22:33'),(263,'db2e81a6-6586-437e-b7e8-3eebbfaa18f9',3,'2026-03-28','10:00:00','11:00:00',0,0,NULL,'2026-06-22 08:22:33','2026-06-22 08:22:33'),(264,'f4f408ed-26e4-4647-af88-2fc5ca2321dd',5,'2026-03-28','10:00:00','11:00:00',0,0,NULL,'2026-06-22 08:22:33','2026-06-22 08:22:33'),(265,'3eeb64b0-b884-49d2-9dbc-d3e99e38536a',3,'2026-03-30','17:00:00','18:00:00',0,0,NULL,'2026-06-22 08:22:33','2026-06-22 08:22:33'),(266,'3d86b781-3c15-420c-ac8d-f93b7c2c0839',4,'2026-03-30','17:00:00','18:00:00',0,0,NULL,'2026-06-22 08:22:33','2026-06-22 08:22:33'),(267,'6840519f-fef0-4510-a867-522224ec07ff',5,'2026-03-30','18:00:00','19:00:00',0,0,NULL,'2026-06-22 08:22:33','2026-06-22 08:22:33'),(268,'831543a6-7ba9-40a2-9cf6-161106ac539f',1,'2026-03-30','18:00:00','19:00:00',0,0,NULL,'2026-06-22 08:22:33','2026-06-22 08:22:33'),(269,'087d0abc-e630-438a-901f-be077c193030',3,'2026-03-30','19:00:00','20:00:00',0,0,NULL,'2026-06-22 08:22:33','2026-06-22 08:22:33'),(270,'be413acc-82ef-45fe-b6cc-93e549734d0b',1,'2026-03-31','17:00:00','18:00:00',0,0,NULL,'2026-06-22 08:22:33','2026-06-22 08:22:33'),(271,'6afdb6dc-746a-4459-aa19-2d42dd233482',4,'2026-03-31','17:00:00','18:00:00',0,0,NULL,'2026-06-22 08:22:33','2026-06-22 08:22:33'),(272,'0dfa28c2-c644-4ea6-be51-2584ee525787',2,'2026-03-31','18:00:00','19:00:00',0,0,NULL,'2026-06-22 08:22:33','2026-06-22 08:22:33'),(273,'716843f0-6a4b-4b7c-b92e-e21bcfb9a754',5,'2026-03-31','18:00:00','19:00:00',0,0,NULL,'2026-06-22 08:22:33','2026-06-22 08:22:33'),(274,'d42f4143-1572-477c-aae9-1276c6921c94',3,'2026-04-01','17:00:00','18:00:00',0,0,NULL,'2026-06-22 08:22:33','2026-06-22 08:22:33'),(275,'b0049dae-a122-424e-8ec0-5e7dabf92464',2,'2026-04-01','17:00:00','18:00:00',0,0,NULL,'2026-06-22 08:22:33','2026-06-22 08:22:33'),(276,'2df0879e-91ec-4de3-b410-9a1a0082c225',4,'2026-04-01','18:00:00','19:00:00',0,0,NULL,'2026-06-22 08:22:33','2026-06-22 08:22:33'),(277,'ccad603b-0fc5-4442-9683-6d11f4158b4a',5,'2026-04-01','19:00:00','20:00:00',0,0,NULL,'2026-06-22 08:22:33','2026-06-22 08:22:33'),(278,'02e9212a-d5c8-4fab-93fc-ecda19e86339',1,'2026-04-02','17:00:00','18:00:00',0,0,NULL,'2026-06-22 08:22:33','2026-06-22 08:22:33'),(279,'655c8f31-7bd8-4d3b-8e80-75badfb2b442',3,'2026-04-02','17:00:00','18:00:00',0,0,NULL,'2026-06-22 08:22:33','2026-06-22 08:22:33'),(280,'48841fd8-f909-4cda-a957-c7da92705f9f',2,'2026-04-02','18:00:00','19:00:00',0,0,NULL,'2026-06-22 08:22:33','2026-06-22 08:22:33'),(281,'f7d331d6-8a88-4cab-8af3-23382b6eee57',5,'2026-04-03','17:00:00','18:00:00',0,0,NULL,'2026-06-22 08:22:33','2026-06-22 08:22:33'),(282,'122fa5d2-9ef4-471b-a046-7c317abdc8d0',4,'2026-04-03','17:00:00','18:00:00',0,0,NULL,'2026-06-22 08:22:33','2026-06-22 08:22:33'),(283,'31fb501d-006f-458b-83f8-093da62c623d',1,'2026-04-03','18:00:00','19:00:00',0,0,NULL,'2026-06-22 08:22:33','2026-06-22 08:22:33'),(284,'2ff85510-3eb1-41b2-b748-49ec31463703',3,'2026-04-03','19:00:00','20:00:00',0,0,NULL,'2026-06-22 08:22:33','2026-06-22 08:22:33'),(285,'db2e81a6-6586-437e-b7e8-3eebbfaa18f9',3,'2026-04-04','10:00:00','11:00:00',0,0,NULL,'2026-06-22 08:22:33','2026-06-22 08:22:33'),(286,'f4f408ed-26e4-4647-af88-2fc5ca2321dd',5,'2026-04-04','10:00:00','11:00:00',0,0,NULL,'2026-06-22 08:22:33','2026-06-22 08:22:33'),(287,'3eeb64b0-b884-49d2-9dbc-d3e99e38536a',3,'2026-04-06','17:00:00','18:00:00',0,0,NULL,'2026-06-22 08:22:33','2026-06-22 08:22:33'),(288,'3d86b781-3c15-420c-ac8d-f93b7c2c0839',4,'2026-04-06','17:00:00','18:00:00',0,0,NULL,'2026-06-22 08:22:33','2026-06-22 08:22:33'),(289,'6840519f-fef0-4510-a867-522224ec07ff',5,'2026-04-06','18:00:00','19:00:00',0,0,NULL,'2026-06-22 08:22:33','2026-06-22 08:22:33'),(290,'831543a6-7ba9-40a2-9cf6-161106ac539f',1,'2026-04-06','18:00:00','19:00:00',0,0,NULL,'2026-06-22 08:22:33','2026-06-22 08:22:33'),(291,'087d0abc-e630-438a-901f-be077c193030',3,'2026-04-06','19:00:00','20:00:00',0,0,NULL,'2026-06-22 08:22:33','2026-06-22 08:22:33'),(292,'be413acc-82ef-45fe-b6cc-93e549734d0b',1,'2026-04-07','17:00:00','18:00:00',0,0,NULL,'2026-06-22 08:22:33','2026-06-22 08:22:33'),(293,'6afdb6dc-746a-4459-aa19-2d42dd233482',4,'2026-04-07','17:00:00','18:00:00',0,0,NULL,'2026-06-22 08:22:33','2026-06-22 08:22:33'),(294,'0dfa28c2-c644-4ea6-be51-2584ee525787',2,'2026-04-07','18:00:00','19:00:00',0,0,NULL,'2026-06-22 08:22:33','2026-06-22 08:22:33'),(295,'716843f0-6a4b-4b7c-b92e-e21bcfb9a754',5,'2026-04-07','18:00:00','19:00:00',0,0,NULL,'2026-06-22 08:22:33','2026-06-22 08:22:33'),(296,'d42f4143-1572-477c-aae9-1276c6921c94',3,'2026-04-08','17:00:00','18:00:00',0,0,NULL,'2026-06-22 08:22:33','2026-06-22 08:22:33'),(297,'b0049dae-a122-424e-8ec0-5e7dabf92464',2,'2026-04-08','17:00:00','18:00:00',0,0,NULL,'2026-06-22 08:22:33','2026-06-22 08:22:33'),(298,'2df0879e-91ec-4de3-b410-9a1a0082c225',4,'2026-04-08','18:00:00','19:00:00',0,0,NULL,'2026-06-22 08:22:33','2026-06-22 08:22:33'),(299,'ccad603b-0fc5-4442-9683-6d11f4158b4a',5,'2026-04-08','19:00:00','20:00:00',0,0,NULL,'2026-06-22 08:22:33','2026-06-22 08:22:33'),(300,'02e9212a-d5c8-4fab-93fc-ecda19e86339',1,'2026-04-09','17:00:00','18:00:00',0,0,NULL,'2026-06-22 08:22:33','2026-06-22 08:22:33'),(301,'655c8f31-7bd8-4d3b-8e80-75badfb2b442',3,'2026-04-09','17:00:00','18:00:00',0,0,NULL,'2026-06-22 08:22:33','2026-06-22 08:22:33'),(302,'48841fd8-f909-4cda-a957-c7da92705f9f',2,'2026-04-09','18:00:00','19:00:00',0,0,NULL,'2026-06-22 08:22:33','2026-06-22 08:22:33'),(303,'f7d331d6-8a88-4cab-8af3-23382b6eee57',5,'2026-04-10','17:00:00','18:00:00',0,0,NULL,'2026-06-22 08:22:33','2026-06-22 08:22:33'),(304,'122fa5d2-9ef4-471b-a046-7c317abdc8d0',4,'2026-04-10','17:00:00','18:00:00',0,0,NULL,'2026-06-22 08:22:33','2026-06-22 08:22:33'),(305,'31fb501d-006f-458b-83f8-093da62c623d',1,'2026-04-10','18:00:00','19:00:00',0,0,NULL,'2026-06-22 08:22:33','2026-06-22 08:22:33'),(306,'2ff85510-3eb1-41b2-b748-49ec31463703',3,'2026-04-10','19:00:00','20:00:00',0,0,NULL,'2026-06-22 08:22:33','2026-06-22 08:22:33'),(307,'db2e81a6-6586-437e-b7e8-3eebbfaa18f9',3,'2026-04-11','10:00:00','11:00:00',0,0,NULL,'2026-06-22 08:22:33','2026-06-22 08:22:33'),(308,'f4f408ed-26e4-4647-af88-2fc5ca2321dd',5,'2026-04-11','10:00:00','11:00:00',0,0,NULL,'2026-06-22 08:22:33','2026-06-22 08:22:33'),(309,'3eeb64b0-b884-49d2-9dbc-d3e99e38536a',3,'2026-04-13','17:00:00','18:00:00',0,0,NULL,'2026-06-22 08:22:33','2026-06-22 08:22:33'),(310,'3d86b781-3c15-420c-ac8d-f93b7c2c0839',4,'2026-04-13','17:00:00','18:00:00',0,0,NULL,'2026-06-22 08:22:33','2026-06-22 08:22:33'),(311,'6840519f-fef0-4510-a867-522224ec07ff',5,'2026-04-13','18:00:00','19:00:00',0,0,NULL,'2026-06-22 08:22:33','2026-06-22 08:22:33'),(312,'831543a6-7ba9-40a2-9cf6-161106ac539f',1,'2026-04-13','18:00:00','19:00:00',0,0,NULL,'2026-06-22 08:22:33','2026-06-22 08:22:33'),(313,'087d0abc-e630-438a-901f-be077c193030',3,'2026-04-13','19:00:00','20:00:00',0,0,NULL,'2026-06-22 08:22:33','2026-06-22 08:22:33'),(314,'be413acc-82ef-45fe-b6cc-93e549734d0b',1,'2026-04-14','17:00:00','18:00:00',0,0,NULL,'2026-06-22 08:22:33','2026-06-22 08:22:33'),(315,'6afdb6dc-746a-4459-aa19-2d42dd233482',4,'2026-04-14','17:00:00','18:00:00',0,0,NULL,'2026-06-22 08:22:33','2026-06-22 08:22:33'),(316,'0dfa28c2-c644-4ea6-be51-2584ee525787',2,'2026-04-14','18:00:00','19:00:00',0,0,NULL,'2026-06-22 08:22:33','2026-06-22 08:22:33'),(317,'716843f0-6a4b-4b7c-b92e-e21bcfb9a754',5,'2026-04-14','18:00:00','19:00:00',0,0,NULL,'2026-06-22 08:22:33','2026-06-22 08:22:33'),(318,'d42f4143-1572-477c-aae9-1276c6921c94',3,'2026-04-15','17:00:00','18:00:00',0,0,NULL,'2026-06-22 08:22:33','2026-06-22 08:22:33'),(319,'b0049dae-a122-424e-8ec0-5e7dabf92464',2,'2026-04-15','17:00:00','18:00:00',0,0,NULL,'2026-06-22 08:22:33','2026-06-22 08:22:33'),(320,'2df0879e-91ec-4de3-b410-9a1a0082c225',4,'2026-04-15','18:00:00','19:00:00',0,0,NULL,'2026-06-22 08:22:33','2026-06-22 08:22:33'),(321,'ccad603b-0fc5-4442-9683-6d11f4158b4a',5,'2026-04-15','19:00:00','20:00:00',0,0,NULL,'2026-06-22 08:22:33','2026-06-22 08:22:33'),(322,'02e9212a-d5c8-4fab-93fc-ecda19e86339',1,'2026-04-16','17:00:00','18:00:00',0,0,NULL,'2026-06-22 08:22:33','2026-06-22 08:22:33'),(323,'655c8f31-7bd8-4d3b-8e80-75badfb2b442',3,'2026-04-16','17:00:00','18:00:00',0,0,NULL,'2026-06-22 08:22:33','2026-06-22 08:22:33'),(324,'48841fd8-f909-4cda-a957-c7da92705f9f',2,'2026-04-16','18:00:00','19:00:00',0,0,NULL,'2026-06-22 08:22:33','2026-06-22 08:22:33'),(325,'f7d331d6-8a88-4cab-8af3-23382b6eee57',5,'2026-04-17','17:00:00','18:00:00',0,0,NULL,'2026-06-22 08:22:33','2026-06-22 08:22:33'),(326,'122fa5d2-9ef4-471b-a046-7c317abdc8d0',4,'2026-04-17','17:00:00','18:00:00',0,0,NULL,'2026-06-22 08:22:33','2026-06-22 08:22:33'),(327,'31fb501d-006f-458b-83f8-093da62c623d',1,'2026-04-17','18:00:00','19:00:00',0,0,NULL,'2026-06-22 08:22:33','2026-06-22 08:22:33'),(328,'2ff85510-3eb1-41b2-b748-49ec31463703',3,'2026-04-17','19:00:00','20:00:00',0,0,NULL,'2026-06-22 08:22:33','2026-06-22 08:22:33'),(329,'db2e81a6-6586-437e-b7e8-3eebbfaa18f9',3,'2026-04-18','10:00:00','11:00:00',0,0,NULL,'2026-06-22 08:22:33','2026-06-22 08:22:33'),(330,'f4f408ed-26e4-4647-af88-2fc5ca2321dd',5,'2026-04-18','10:00:00','11:00:00',0,0,NULL,'2026-06-22 08:22:33','2026-06-22 08:22:33'),(331,'3eeb64b0-b884-49d2-9dbc-d3e99e38536a',3,'2026-04-20','17:00:00','18:00:00',0,0,NULL,'2026-06-22 08:22:33','2026-06-22 08:22:33'),(332,'3d86b781-3c15-420c-ac8d-f93b7c2c0839',4,'2026-04-20','17:00:00','18:00:00',0,0,NULL,'2026-06-22 08:22:33','2026-06-22 08:22:33'),(333,'6840519f-fef0-4510-a867-522224ec07ff',5,'2026-04-20','18:00:00','19:00:00',0,0,NULL,'2026-06-22 08:22:33','2026-06-22 08:22:33'),(334,'831543a6-7ba9-40a2-9cf6-161106ac539f',1,'2026-04-20','18:00:00','19:00:00',0,0,NULL,'2026-06-22 08:22:33','2026-06-22 08:22:33'),(335,'087d0abc-e630-438a-901f-be077c193030',3,'2026-04-20','19:00:00','20:00:00',0,0,NULL,'2026-06-22 08:22:33','2026-06-22 08:22:33'),(336,'be413acc-82ef-45fe-b6cc-93e549734d0b',1,'2026-04-21','17:00:00','18:00:00',0,0,NULL,'2026-06-22 08:22:33','2026-06-22 08:22:33'),(337,'6afdb6dc-746a-4459-aa19-2d42dd233482',4,'2026-04-21','17:00:00','18:00:00',0,0,NULL,'2026-06-22 08:22:33','2026-06-22 08:22:33'),(338,'0dfa28c2-c644-4ea6-be51-2584ee525787',2,'2026-04-21','18:00:00','19:00:00',0,0,NULL,'2026-06-22 08:22:33','2026-06-22 08:22:33'),(339,'716843f0-6a4b-4b7c-b92e-e21bcfb9a754',5,'2026-04-21','18:00:00','19:00:00',0,0,NULL,'2026-06-22 08:22:33','2026-06-22 08:22:33'),(340,'d42f4143-1572-477c-aae9-1276c6921c94',3,'2026-04-22','17:00:00','18:00:00',0,0,NULL,'2026-06-22 08:22:33','2026-06-22 08:22:33'),(341,'b0049dae-a122-424e-8ec0-5e7dabf92464',2,'2026-04-22','17:00:00','18:00:00',0,0,NULL,'2026-06-22 08:22:33','2026-06-22 08:22:33'),(342,'2df0879e-91ec-4de3-b410-9a1a0082c225',4,'2026-04-22','18:00:00','19:00:00',0,0,NULL,'2026-06-22 08:22:33','2026-06-22 08:22:33'),(343,'ccad603b-0fc5-4442-9683-6d11f4158b4a',5,'2026-04-22','19:00:00','20:00:00',0,0,NULL,'2026-06-22 08:22:33','2026-06-22 08:22:33'),(344,'02e9212a-d5c8-4fab-93fc-ecda19e86339',1,'2026-04-23','17:00:00','18:00:00',0,0,NULL,'2026-06-22 08:22:33','2026-06-22 08:22:33'),(345,'655c8f31-7bd8-4d3b-8e80-75badfb2b442',3,'2026-04-23','17:00:00','18:00:00',0,0,NULL,'2026-06-22 08:22:33','2026-06-22 08:22:33'),(346,'48841fd8-f909-4cda-a957-c7da92705f9f',2,'2026-04-23','18:00:00','19:00:00',0,0,NULL,'2026-06-22 08:22:33','2026-06-22 08:22:33'),(347,'f7d331d6-8a88-4cab-8af3-23382b6eee57',5,'2026-04-24','17:00:00','18:00:00',0,0,NULL,'2026-06-22 08:22:33','2026-06-22 08:22:33'),(348,'122fa5d2-9ef4-471b-a046-7c317abdc8d0',4,'2026-04-24','17:00:00','18:00:00',0,0,NULL,'2026-06-22 08:22:33','2026-06-22 08:22:33'),(349,'31fb501d-006f-458b-83f8-093da62c623d',1,'2026-04-24','18:00:00','19:00:00',0,0,NULL,'2026-06-22 08:22:33','2026-06-22 08:22:33'),(350,'2ff85510-3eb1-41b2-b748-49ec31463703',3,'2026-04-24','19:00:00','20:00:00',0,0,NULL,'2026-06-22 08:22:33','2026-06-22 08:22:33'),(351,'db2e81a6-6586-437e-b7e8-3eebbfaa18f9',3,'2026-04-25','10:00:00','11:00:00',0,0,NULL,'2026-06-22 08:22:33','2026-06-22 08:22:33'),(352,'f4f408ed-26e4-4647-af88-2fc5ca2321dd',5,'2026-04-25','10:00:00','11:00:00',0,0,NULL,'2026-06-22 08:22:33','2026-06-22 08:22:33'),(353,'3eeb64b0-b884-49d2-9dbc-d3e99e38536a',3,'2026-04-27','17:00:00','18:00:00',0,0,NULL,'2026-06-22 08:22:33','2026-06-22 08:22:33'),(354,'3d86b781-3c15-420c-ac8d-f93b7c2c0839',4,'2026-04-27','17:00:00','18:00:00',0,0,NULL,'2026-06-22 08:22:33','2026-06-22 08:22:33'),(355,'6840519f-fef0-4510-a867-522224ec07ff',5,'2026-04-27','18:00:00','19:00:00',0,0,NULL,'2026-06-22 08:22:33','2026-06-22 08:22:33'),(356,'831543a6-7ba9-40a2-9cf6-161106ac539f',1,'2026-04-27','18:00:00','19:00:00',0,0,NULL,'2026-06-22 08:22:34','2026-06-22 08:22:34'),(357,'087d0abc-e630-438a-901f-be077c193030',3,'2026-04-27','19:00:00','20:00:00',0,0,NULL,'2026-06-22 08:22:34','2026-06-22 08:22:34'),(358,'be413acc-82ef-45fe-b6cc-93e549734d0b',1,'2026-04-28','17:00:00','18:00:00',0,0,NULL,'2026-06-22 08:22:34','2026-06-22 08:22:34'),(359,'6afdb6dc-746a-4459-aa19-2d42dd233482',4,'2026-04-28','17:00:00','18:00:00',0,0,NULL,'2026-06-22 08:22:34','2026-06-22 08:22:34'),(360,'0dfa28c2-c644-4ea6-be51-2584ee525787',2,'2026-04-28','18:00:00','19:00:00',0,0,NULL,'2026-06-22 08:22:34','2026-06-22 08:22:34'),(361,'716843f0-6a4b-4b7c-b92e-e21bcfb9a754',5,'2026-04-28','18:00:00','19:00:00',0,0,NULL,'2026-06-22 08:22:34','2026-06-22 08:22:34'),(362,'d42f4143-1572-477c-aae9-1276c6921c94',3,'2026-04-29','17:00:00','18:00:00',0,0,NULL,'2026-06-22 08:22:34','2026-06-22 08:22:34'),(363,'b0049dae-a122-424e-8ec0-5e7dabf92464',2,'2026-04-29','17:00:00','18:00:00',0,0,NULL,'2026-06-22 08:22:34','2026-06-22 08:22:34'),(364,'2df0879e-91ec-4de3-b410-9a1a0082c225',4,'2026-04-29','18:00:00','19:00:00',0,0,NULL,'2026-06-22 08:22:34','2026-06-22 08:22:34'),(365,'ccad603b-0fc5-4442-9683-6d11f4158b4a',5,'2026-04-29','19:00:00','20:00:00',0,0,NULL,'2026-06-22 08:22:34','2026-06-22 08:22:34'),(366,'02e9212a-d5c8-4fab-93fc-ecda19e86339',1,'2026-04-30','17:00:00','18:00:00',0,0,NULL,'2026-06-22 08:22:34','2026-06-22 08:22:34'),(367,'655c8f31-7bd8-4d3b-8e80-75badfb2b442',3,'2026-04-30','17:00:00','18:00:00',0,0,NULL,'2026-06-22 08:22:34','2026-06-22 08:22:34'),(368,'48841fd8-f909-4cda-a957-c7da92705f9f',2,'2026-04-30','18:00:00','19:00:00',0,0,NULL,'2026-06-22 08:22:34','2026-06-22 08:22:34'),(369,'f7d331d6-8a88-4cab-8af3-23382b6eee57',5,'2026-05-01','17:00:00','18:00:00',0,0,NULL,'2026-06-22 08:22:34','2026-06-22 08:22:34'),(370,'122fa5d2-9ef4-471b-a046-7c317abdc8d0',4,'2026-05-01','17:00:00','18:00:00',0,0,NULL,'2026-06-22 08:22:34','2026-06-22 08:22:34'),(371,'31fb501d-006f-458b-83f8-093da62c623d',1,'2026-05-01','18:00:00','19:00:00',0,0,NULL,'2026-06-22 08:22:34','2026-06-22 08:22:34'),(372,'2ff85510-3eb1-41b2-b748-49ec31463703',3,'2026-05-01','19:00:00','20:00:00',0,0,NULL,'2026-06-22 08:22:34','2026-06-22 08:22:34'),(373,'db2e81a6-6586-437e-b7e8-3eebbfaa18f9',3,'2026-05-02','10:00:00','11:00:00',0,0,NULL,'2026-06-22 08:22:34','2026-06-22 08:22:34'),(374,'f4f408ed-26e4-4647-af88-2fc5ca2321dd',5,'2026-05-02','10:00:00','11:00:00',0,0,NULL,'2026-06-22 08:22:34','2026-06-22 08:22:34'),(375,'3eeb64b0-b884-49d2-9dbc-d3e99e38536a',3,'2026-05-04','17:00:00','18:00:00',0,0,NULL,'2026-06-22 08:22:34','2026-06-22 08:22:34'),(376,'3d86b781-3c15-420c-ac8d-f93b7c2c0839',4,'2026-05-04','17:00:00','18:00:00',0,0,NULL,'2026-06-22 08:22:34','2026-06-22 08:22:34'),(377,'6840519f-fef0-4510-a867-522224ec07ff',5,'2026-05-04','18:00:00','19:00:00',0,0,NULL,'2026-06-22 08:22:34','2026-06-22 08:22:34'),(378,'831543a6-7ba9-40a2-9cf6-161106ac539f',1,'2026-05-04','18:00:00','19:00:00',0,0,NULL,'2026-06-22 08:22:34','2026-06-22 08:22:34'),(379,'087d0abc-e630-438a-901f-be077c193030',3,'2026-05-04','19:00:00','20:00:00',0,0,NULL,'2026-06-22 08:22:34','2026-06-22 08:22:34'),(380,'be413acc-82ef-45fe-b6cc-93e549734d0b',1,'2026-05-05','17:00:00','18:00:00',0,0,NULL,'2026-06-22 08:22:34','2026-06-22 08:22:34'),(381,'6afdb6dc-746a-4459-aa19-2d42dd233482',4,'2026-05-05','17:00:00','18:00:00',0,0,NULL,'2026-06-22 08:22:34','2026-06-22 08:22:34'),(382,'0dfa28c2-c644-4ea6-be51-2584ee525787',2,'2026-05-05','18:00:00','19:00:00',0,0,NULL,'2026-06-22 08:22:34','2026-06-22 08:22:34'),(383,'716843f0-6a4b-4b7c-b92e-e21bcfb9a754',5,'2026-05-05','18:00:00','19:00:00',0,0,NULL,'2026-06-22 08:22:34','2026-06-22 08:22:34'),(384,'d42f4143-1572-477c-aae9-1276c6921c94',3,'2026-05-06','17:00:00','18:00:00',0,0,NULL,'2026-06-22 08:22:34','2026-06-22 08:22:34'),(385,'b0049dae-a122-424e-8ec0-5e7dabf92464',2,'2026-05-06','17:00:00','18:00:00',0,0,NULL,'2026-06-22 08:22:34','2026-06-22 08:22:34'),(386,'2df0879e-91ec-4de3-b410-9a1a0082c225',4,'2026-05-06','18:00:00','19:00:00',0,0,NULL,'2026-06-22 08:22:34','2026-06-22 08:22:34'),(387,'ccad603b-0fc5-4442-9683-6d11f4158b4a',5,'2026-05-06','19:00:00','20:00:00',0,0,NULL,'2026-06-22 08:22:34','2026-06-22 08:22:34'),(388,'02e9212a-d5c8-4fab-93fc-ecda19e86339',1,'2026-05-07','17:00:00','18:00:00',0,0,NULL,'2026-06-22 08:22:34','2026-06-22 08:22:34'),(389,'655c8f31-7bd8-4d3b-8e80-75badfb2b442',3,'2026-05-07','17:00:00','18:00:00',0,0,NULL,'2026-06-22 08:22:34','2026-06-22 08:22:34'),(390,'48841fd8-f909-4cda-a957-c7da92705f9f',2,'2026-05-07','18:00:00','19:00:00',0,0,NULL,'2026-06-22 08:22:34','2026-06-22 08:22:34'),(391,'f7d331d6-8a88-4cab-8af3-23382b6eee57',5,'2026-05-08','17:00:00','18:00:00',0,0,NULL,'2026-06-22 08:22:34','2026-06-22 08:22:34'),(392,'122fa5d2-9ef4-471b-a046-7c317abdc8d0',4,'2026-05-08','17:00:00','18:00:00',0,0,NULL,'2026-06-22 08:22:34','2026-06-22 08:22:34'),(393,'31fb501d-006f-458b-83f8-093da62c623d',1,'2026-05-08','18:00:00','19:00:00',0,0,NULL,'2026-06-22 08:22:34','2026-06-22 08:22:34'),(394,'2ff85510-3eb1-41b2-b748-49ec31463703',3,'2026-05-08','19:00:00','20:00:00',0,0,NULL,'2026-06-22 08:22:34','2026-06-22 08:22:34'),(395,'db2e81a6-6586-437e-b7e8-3eebbfaa18f9',3,'2026-05-09','10:00:00','11:00:00',0,0,NULL,'2026-06-22 08:22:34','2026-06-22 08:22:34'),(396,'f4f408ed-26e4-4647-af88-2fc5ca2321dd',5,'2026-05-09','10:00:00','11:00:00',0,0,NULL,'2026-06-22 08:22:34','2026-06-22 08:22:34'),(397,'3eeb64b0-b884-49d2-9dbc-d3e99e38536a',3,'2026-05-11','17:00:00','18:00:00',0,0,NULL,'2026-06-22 08:22:34','2026-06-22 08:22:34'),(398,'3d86b781-3c15-420c-ac8d-f93b7c2c0839',4,'2026-05-11','17:00:00','18:00:00',0,0,NULL,'2026-06-22 08:22:34','2026-06-22 08:22:34'),(399,'6840519f-fef0-4510-a867-522224ec07ff',5,'2026-05-11','18:00:00','19:00:00',0,0,NULL,'2026-06-22 08:22:34','2026-06-22 08:22:34'),(400,'831543a6-7ba9-40a2-9cf6-161106ac539f',1,'2026-05-11','18:00:00','19:00:00',0,0,NULL,'2026-06-22 08:22:34','2026-06-22 08:22:34'),(401,'087d0abc-e630-438a-901f-be077c193030',3,'2026-05-11','19:00:00','20:00:00',0,0,NULL,'2026-06-22 08:22:34','2026-06-22 08:22:34'),(402,'be413acc-82ef-45fe-b6cc-93e549734d0b',1,'2026-05-12','17:00:00','18:00:00',0,0,NULL,'2026-06-22 08:22:34','2026-06-22 08:22:34'),(403,'6afdb6dc-746a-4459-aa19-2d42dd233482',4,'2026-05-12','17:00:00','18:00:00',0,0,NULL,'2026-06-22 08:22:34','2026-06-22 08:22:34'),(404,'0dfa28c2-c644-4ea6-be51-2584ee525787',2,'2026-05-12','18:00:00','19:00:00',0,0,NULL,'2026-06-22 08:22:34','2026-06-22 08:22:34'),(405,'716843f0-6a4b-4b7c-b92e-e21bcfb9a754',5,'2026-05-12','18:00:00','19:00:00',0,0,NULL,'2026-06-22 08:22:34','2026-06-22 08:22:34'),(406,'d42f4143-1572-477c-aae9-1276c6921c94',3,'2026-05-13','17:00:00','18:00:00',0,0,NULL,'2026-06-22 08:22:34','2026-06-22 08:22:34'),(407,'b0049dae-a122-424e-8ec0-5e7dabf92464',2,'2026-05-13','17:00:00','18:00:00',0,0,NULL,'2026-06-22 08:22:34','2026-06-22 08:22:34'),(408,'2df0879e-91ec-4de3-b410-9a1a0082c225',4,'2026-05-13','18:00:00','19:00:00',0,0,NULL,'2026-06-22 08:22:34','2026-06-22 08:22:34'),(409,'ccad603b-0fc5-4442-9683-6d11f4158b4a',5,'2026-05-13','19:00:00','20:00:00',0,0,NULL,'2026-06-22 08:22:34','2026-06-22 08:22:34'),(410,'02e9212a-d5c8-4fab-93fc-ecda19e86339',1,'2026-05-14','17:00:00','18:00:00',0,0,NULL,'2026-06-22 08:22:34','2026-06-22 08:22:34'),(411,'655c8f31-7bd8-4d3b-8e80-75badfb2b442',3,'2026-05-14','17:00:00','18:00:00',0,0,NULL,'2026-06-22 08:22:34','2026-06-22 08:22:34'),(412,'48841fd8-f909-4cda-a957-c7da92705f9f',2,'2026-05-14','18:00:00','19:00:00',0,0,NULL,'2026-06-22 08:22:34','2026-06-22 08:22:34'),(413,'f7d331d6-8a88-4cab-8af3-23382b6eee57',5,'2026-05-15','17:00:00','18:00:00',0,0,NULL,'2026-06-22 08:22:34','2026-06-22 08:22:34'),(414,'122fa5d2-9ef4-471b-a046-7c317abdc8d0',4,'2026-05-15','17:00:00','18:00:00',0,0,NULL,'2026-06-22 08:22:34','2026-06-22 08:22:34'),(415,'31fb501d-006f-458b-83f8-093da62c623d',1,'2026-05-15','18:00:00','19:00:00',0,0,NULL,'2026-06-22 08:22:34','2026-06-22 08:22:34'),(416,'2ff85510-3eb1-41b2-b748-49ec31463703',3,'2026-05-15','19:00:00','20:00:00',0,0,NULL,'2026-06-22 08:22:34','2026-06-22 08:22:34'),(417,'db2e81a6-6586-437e-b7e8-3eebbfaa18f9',3,'2026-05-16','10:00:00','11:00:00',0,0,NULL,'2026-06-22 08:22:34','2026-06-22 08:22:34'),(418,'f4f408ed-26e4-4647-af88-2fc5ca2321dd',5,'2026-05-16','10:00:00','11:00:00',0,0,NULL,'2026-06-22 08:22:34','2026-06-22 08:22:34'),(419,'3eeb64b0-b884-49d2-9dbc-d3e99e38536a',3,'2026-05-18','17:00:00','18:00:00',0,0,NULL,'2026-06-22 08:22:34','2026-06-22 08:22:34'),(420,'3d86b781-3c15-420c-ac8d-f93b7c2c0839',4,'2026-05-18','17:00:00','18:00:00',0,0,NULL,'2026-06-22 08:22:34','2026-06-22 08:22:34'),(421,'6840519f-fef0-4510-a867-522224ec07ff',5,'2026-05-18','18:00:00','19:00:00',0,0,NULL,'2026-06-22 08:22:34','2026-06-22 08:22:34'),(422,'831543a6-7ba9-40a2-9cf6-161106ac539f',1,'2026-05-18','18:00:00','19:00:00',0,0,NULL,'2026-06-22 08:22:34','2026-06-22 08:22:34'),(423,'087d0abc-e630-438a-901f-be077c193030',3,'2026-05-18','19:00:00','20:00:00',0,0,NULL,'2026-06-22 08:22:34','2026-06-22 08:22:34'),(424,'be413acc-82ef-45fe-b6cc-93e549734d0b',1,'2026-05-19','17:00:00','18:00:00',0,0,NULL,'2026-06-22 08:22:34','2026-06-22 08:22:34'),(425,'6afdb6dc-746a-4459-aa19-2d42dd233482',4,'2026-05-19','17:00:00','18:00:00',0,0,NULL,'2026-06-22 08:22:34','2026-06-22 08:22:34'),(426,'0dfa28c2-c644-4ea6-be51-2584ee525787',2,'2026-05-19','18:00:00','19:00:00',0,0,NULL,'2026-06-22 08:22:34','2026-06-22 08:22:34'),(427,'716843f0-6a4b-4b7c-b92e-e21bcfb9a754',5,'2026-05-19','18:00:00','19:00:00',0,0,NULL,'2026-06-22 08:22:34','2026-06-22 08:22:34'),(428,'d42f4143-1572-477c-aae9-1276c6921c94',3,'2026-05-20','17:00:00','18:00:00',0,0,NULL,'2026-06-22 08:22:34','2026-06-22 08:22:34'),(429,'b0049dae-a122-424e-8ec0-5e7dabf92464',2,'2026-05-20','17:00:00','18:00:00',0,0,NULL,'2026-06-22 08:22:34','2026-06-22 08:22:34'),(430,'2df0879e-91ec-4de3-b410-9a1a0082c225',4,'2026-05-20','18:00:00','19:00:00',0,0,NULL,'2026-06-22 08:22:34','2026-06-22 08:22:34'),(431,'ccad603b-0fc5-4442-9683-6d11f4158b4a',5,'2026-05-20','19:00:00','20:00:00',0,0,NULL,'2026-06-22 08:22:34','2026-06-22 08:22:34'),(432,'02e9212a-d5c8-4fab-93fc-ecda19e86339',1,'2026-05-21','17:00:00','18:00:00',0,0,NULL,'2026-06-22 08:22:34','2026-06-22 08:22:34'),(433,'655c8f31-7bd8-4d3b-8e80-75badfb2b442',3,'2026-05-21','17:00:00','18:00:00',0,0,NULL,'2026-06-22 08:22:34','2026-06-22 08:22:34'),(434,'48841fd8-f909-4cda-a957-c7da92705f9f',2,'2026-05-21','18:00:00','19:00:00',0,0,NULL,'2026-06-22 08:22:34','2026-06-22 08:22:34'),(435,'f7d331d6-8a88-4cab-8af3-23382b6eee57',5,'2026-05-22','17:00:00','18:00:00',0,0,NULL,'2026-06-22 08:22:34','2026-06-22 08:22:34'),(436,'122fa5d2-9ef4-471b-a046-7c317abdc8d0',4,'2026-05-22','17:00:00','18:00:00',0,0,NULL,'2026-06-22 08:22:34','2026-06-22 08:22:34'),(437,'31fb501d-006f-458b-83f8-093da62c623d',1,'2026-05-22','18:00:00','19:00:00',0,0,NULL,'2026-06-22 08:22:34','2026-06-22 08:22:34'),(438,'2ff85510-3eb1-41b2-b748-49ec31463703',3,'2026-05-22','19:00:00','20:00:00',0,0,NULL,'2026-06-22 08:22:34','2026-06-22 08:22:34'),(439,'db2e81a6-6586-437e-b7e8-3eebbfaa18f9',3,'2026-05-23','10:00:00','11:00:00',0,0,NULL,'2026-06-22 08:22:34','2026-06-22 08:22:34'),(440,'f4f408ed-26e4-4647-af88-2fc5ca2321dd',5,'2026-05-23','10:00:00','11:00:00',0,0,NULL,'2026-06-22 08:22:34','2026-06-22 08:22:34'),(441,'3eeb64b0-b884-49d2-9dbc-d3e99e38536a',3,'2026-05-25','17:00:00','18:00:00',0,0,NULL,'2026-06-22 08:22:34','2026-06-22 08:22:34'),(442,'3d86b781-3c15-420c-ac8d-f93b7c2c0839',4,'2026-05-25','17:00:00','18:00:00',0,0,NULL,'2026-06-22 08:22:34','2026-06-22 08:22:34'),(443,'6840519f-fef0-4510-a867-522224ec07ff',5,'2026-05-25','18:00:00','19:00:00',0,0,NULL,'2026-06-22 08:22:34','2026-06-22 08:22:34'),(444,'831543a6-7ba9-40a2-9cf6-161106ac539f',1,'2026-05-25','18:00:00','19:00:00',0,0,NULL,'2026-06-22 08:22:34','2026-06-22 08:22:34'),(445,'087d0abc-e630-438a-901f-be077c193030',3,'2026-05-25','19:00:00','20:00:00',0,0,NULL,'2026-06-22 08:22:34','2026-06-22 08:22:34'),(446,'be413acc-82ef-45fe-b6cc-93e549734d0b',1,'2026-05-26','17:00:00','18:00:00',0,0,NULL,'2026-06-22 08:22:34','2026-06-22 08:22:34'),(447,'6afdb6dc-746a-4459-aa19-2d42dd233482',4,'2026-05-26','17:00:00','18:00:00',0,0,NULL,'2026-06-22 08:22:34','2026-06-22 08:22:34'),(448,'0dfa28c2-c644-4ea6-be51-2584ee525787',2,'2026-05-26','18:00:00','19:00:00',0,0,NULL,'2026-06-22 08:22:34','2026-06-22 08:22:34'),(449,'716843f0-6a4b-4b7c-b92e-e21bcfb9a754',5,'2026-05-26','18:00:00','19:00:00',0,0,NULL,'2026-06-22 08:22:34','2026-06-22 08:22:34'),(450,'d42f4143-1572-477c-aae9-1276c6921c94',3,'2026-05-27','17:00:00','18:00:00',0,0,NULL,'2026-06-22 08:22:34','2026-06-22 08:22:34'),(451,'b0049dae-a122-424e-8ec0-5e7dabf92464',2,'2026-05-27','17:00:00','18:00:00',0,0,NULL,'2026-06-22 08:22:34','2026-06-22 08:22:34'),(452,'2df0879e-91ec-4de3-b410-9a1a0082c225',4,'2026-05-27','18:00:00','19:00:00',0,0,NULL,'2026-06-22 08:22:34','2026-06-22 08:22:34'),(453,'ccad603b-0fc5-4442-9683-6d11f4158b4a',5,'2026-05-27','19:00:00','20:00:00',0,0,NULL,'2026-06-22 08:22:34','2026-06-22 08:22:34'),(454,'02e9212a-d5c8-4fab-93fc-ecda19e86339',1,'2026-05-28','17:00:00','18:00:00',0,0,NULL,'2026-06-22 08:22:34','2026-06-22 08:22:34'),(455,'655c8f31-7bd8-4d3b-8e80-75badfb2b442',3,'2026-05-28','17:00:00','18:00:00',0,0,NULL,'2026-06-22 08:22:34','2026-06-22 08:22:34'),(456,'48841fd8-f909-4cda-a957-c7da92705f9f',2,'2026-05-28','18:00:00','19:00:00',0,0,NULL,'2026-06-22 08:22:34','2026-06-22 08:22:34'),(457,'f7d331d6-8a88-4cab-8af3-23382b6eee57',5,'2026-05-29','17:00:00','18:00:00',0,0,NULL,'2026-06-22 08:22:34','2026-06-22 08:22:34'),(458,'122fa5d2-9ef4-471b-a046-7c317abdc8d0',4,'2026-05-29','17:00:00','18:00:00',0,0,NULL,'2026-06-22 08:22:34','2026-06-22 08:22:34'),(459,'31fb501d-006f-458b-83f8-093da62c623d',1,'2026-05-29','18:00:00','19:00:00',0,0,NULL,'2026-06-22 08:22:34','2026-06-22 08:22:34'),(460,'2ff85510-3eb1-41b2-b748-49ec31463703',3,'2026-05-29','19:00:00','20:00:00',0,0,NULL,'2026-06-22 08:22:34','2026-06-22 08:22:34'),(461,'db2e81a6-6586-437e-b7e8-3eebbfaa18f9',3,'2026-05-30','10:00:00','11:00:00',0,0,NULL,'2026-06-22 08:22:34','2026-06-22 08:22:34'),(462,'f4f408ed-26e4-4647-af88-2fc5ca2321dd',5,'2026-05-30','10:00:00','11:00:00',0,0,NULL,'2026-06-22 08:22:34','2026-06-22 08:22:34'),(463,'3eeb64b0-b884-49d2-9dbc-d3e99e38536a',3,'2026-06-01','17:00:00','18:00:00',0,0,NULL,'2026-06-22 08:22:34','2026-06-22 08:22:34'),(464,'3d86b781-3c15-420c-ac8d-f93b7c2c0839',4,'2026-06-01','17:00:00','18:00:00',0,0,NULL,'2026-06-22 08:22:34','2026-06-22 08:22:34'),(465,'6840519f-fef0-4510-a867-522224ec07ff',5,'2026-06-01','18:00:00','19:00:00',0,0,NULL,'2026-06-22 08:22:34','2026-06-22 08:22:34'),(466,'831543a6-7ba9-40a2-9cf6-161106ac539f',1,'2026-06-01','18:00:00','19:00:00',0,0,NULL,'2026-06-22 08:22:34','2026-06-22 08:22:34'),(467,'087d0abc-e630-438a-901f-be077c193030',3,'2026-06-01','19:00:00','20:00:00',0,0,NULL,'2026-06-22 08:22:34','2026-06-22 08:22:34'),(468,'be413acc-82ef-45fe-b6cc-93e549734d0b',1,'2026-06-02','17:00:00','18:00:00',0,0,NULL,'2026-06-22 08:22:34','2026-06-22 08:22:34'),(469,'6afdb6dc-746a-4459-aa19-2d42dd233482',4,'2026-06-02','17:00:00','18:00:00',0,0,NULL,'2026-06-22 08:22:34','2026-06-22 08:22:34'),(470,'0dfa28c2-c644-4ea6-be51-2584ee525787',2,'2026-06-02','18:00:00','19:00:00',0,0,NULL,'2026-06-22 08:22:34','2026-06-22 08:22:34'),(471,'716843f0-6a4b-4b7c-b92e-e21bcfb9a754',5,'2026-06-02','18:00:00','19:00:00',0,0,NULL,'2026-06-22 08:22:34','2026-06-22 08:22:34'),(472,'d42f4143-1572-477c-aae9-1276c6921c94',3,'2026-06-03','17:00:00','18:00:00',0,0,NULL,'2026-06-22 08:22:34','2026-06-22 08:22:34'),(473,'b0049dae-a122-424e-8ec0-5e7dabf92464',2,'2026-06-03','17:00:00','18:00:00',0,0,NULL,'2026-06-22 08:22:34','2026-06-22 08:22:34'),(474,'2df0879e-91ec-4de3-b410-9a1a0082c225',4,'2026-06-03','18:00:00','19:00:00',0,0,NULL,'2026-06-22 08:22:34','2026-06-22 08:22:34'),(475,'ccad603b-0fc5-4442-9683-6d11f4158b4a',5,'2026-06-03','19:00:00','20:00:00',0,0,NULL,'2026-06-22 08:22:34','2026-06-22 08:22:34'),(476,'02e9212a-d5c8-4fab-93fc-ecda19e86339',1,'2026-06-04','17:00:00','18:00:00',0,0,NULL,'2026-06-22 08:22:34','2026-06-22 08:22:34'),(477,'655c8f31-7bd8-4d3b-8e80-75badfb2b442',3,'2026-06-04','17:00:00','18:00:00',0,0,NULL,'2026-06-22 08:22:34','2026-06-22 08:22:34'),(478,'48841fd8-f909-4cda-a957-c7da92705f9f',2,'2026-06-04','18:00:00','19:00:00',0,0,NULL,'2026-06-22 08:22:34','2026-06-22 08:22:34'),(479,'f7d331d6-8a88-4cab-8af3-23382b6eee57',5,'2026-06-05','17:00:00','18:00:00',0,0,NULL,'2026-06-22 08:22:34','2026-06-22 08:22:34'),(480,'122fa5d2-9ef4-471b-a046-7c317abdc8d0',4,'2026-06-05','17:00:00','18:00:00',0,0,NULL,'2026-06-22 08:22:34','2026-06-22 08:22:34'),(481,'31fb501d-006f-458b-83f8-093da62c623d',1,'2026-06-05','18:00:00','19:00:00',0,0,NULL,'2026-06-22 08:22:34','2026-06-22 08:22:34'),(482,'2ff85510-3eb1-41b2-b748-49ec31463703',3,'2026-06-05','19:00:00','20:00:00',0,0,NULL,'2026-06-22 08:22:34','2026-06-22 08:22:34'),(483,'db2e81a6-6586-437e-b7e8-3eebbfaa18f9',3,'2026-06-06','10:00:00','11:00:00',0,0,NULL,'2026-06-22 08:22:34','2026-06-22 08:22:34'),(484,'f4f408ed-26e4-4647-af88-2fc5ca2321dd',5,'2026-06-06','10:00:00','11:00:00',0,0,NULL,'2026-06-22 08:22:34','2026-06-22 08:22:34'),(485,'3eeb64b0-b884-49d2-9dbc-d3e99e38536a',3,'2026-06-08','17:00:00','18:00:00',0,0,NULL,'2026-06-22 08:22:34','2026-06-22 08:22:34'),(486,'3d86b781-3c15-420c-ac8d-f93b7c2c0839',4,'2026-06-08','17:00:00','18:00:00',0,0,NULL,'2026-06-22 08:22:34','2026-06-22 08:22:34'),(487,'6840519f-fef0-4510-a867-522224ec07ff',5,'2026-06-08','18:00:00','19:00:00',0,0,NULL,'2026-06-22 08:22:34','2026-06-22 08:22:34'),(488,'831543a6-7ba9-40a2-9cf6-161106ac539f',1,'2026-06-08','18:00:00','19:00:00',0,0,NULL,'2026-06-22 08:22:34','2026-06-22 08:22:34'),(489,'087d0abc-e630-438a-901f-be077c193030',3,'2026-06-08','19:00:00','20:00:00',0,0,NULL,'2026-06-22 08:22:34','2026-06-22 08:22:34'),(490,'be413acc-82ef-45fe-b6cc-93e549734d0b',1,'2026-06-09','17:00:00','18:00:00',0,0,NULL,'2026-06-22 08:22:34','2026-06-22 08:22:34'),(491,'6afdb6dc-746a-4459-aa19-2d42dd233482',4,'2026-06-09','17:00:00','18:00:00',0,0,NULL,'2026-06-22 08:22:34','2026-06-22 08:22:34'),(492,'0dfa28c2-c644-4ea6-be51-2584ee525787',2,'2026-06-09','18:00:00','19:00:00',0,0,NULL,'2026-06-22 08:22:34','2026-06-22 08:22:34'),(493,'716843f0-6a4b-4b7c-b92e-e21bcfb9a754',5,'2026-06-09','18:00:00','19:00:00',0,0,NULL,'2026-06-22 08:22:34','2026-06-22 08:22:34'),(494,'d42f4143-1572-477c-aae9-1276c6921c94',3,'2026-06-10','17:00:00','18:00:00',0,0,NULL,'2026-06-22 08:22:34','2026-06-22 08:22:34'),(495,'b0049dae-a122-424e-8ec0-5e7dabf92464',2,'2026-06-10','17:00:00','18:00:00',0,0,NULL,'2026-06-22 08:22:34','2026-06-22 08:22:34'),(496,'2df0879e-91ec-4de3-b410-9a1a0082c225',4,'2026-06-10','18:00:00','19:00:00',0,0,NULL,'2026-06-22 08:22:34','2026-06-22 08:22:34'),(497,'ccad603b-0fc5-4442-9683-6d11f4158b4a',5,'2026-06-10','19:00:00','20:00:00',0,0,NULL,'2026-06-22 08:22:34','2026-06-22 08:22:34'),(498,'02e9212a-d5c8-4fab-93fc-ecda19e86339',1,'2026-06-11','17:00:00','18:00:00',0,0,NULL,'2026-06-22 08:22:34','2026-06-22 08:22:34'),(499,'655c8f31-7bd8-4d3b-8e80-75badfb2b442',3,'2026-06-11','17:00:00','18:00:00',0,0,NULL,'2026-06-22 08:22:34','2026-06-22 08:22:34'),(500,'48841fd8-f909-4cda-a957-c7da92705f9f',2,'2026-06-11','18:00:00','19:00:00',0,0,NULL,'2026-06-22 08:22:34','2026-06-22 08:22:34'),(501,'f7d331d6-8a88-4cab-8af3-23382b6eee57',5,'2026-06-12','17:00:00','18:00:00',0,0,NULL,'2026-06-22 08:22:34','2026-06-22 08:22:34'),(502,'122fa5d2-9ef4-471b-a046-7c317abdc8d0',4,'2026-06-12','17:00:00','18:00:00',0,0,NULL,'2026-06-22 08:22:34','2026-06-22 08:22:34'),(503,'31fb501d-006f-458b-83f8-093da62c623d',1,'2026-06-12','18:00:00','19:00:00',0,0,NULL,'2026-06-22 08:22:34','2026-06-22 08:22:34'),(504,'2ff85510-3eb1-41b2-b748-49ec31463703',3,'2026-06-12','19:00:00','20:00:00',0,0,NULL,'2026-06-22 08:22:34','2026-06-22 08:22:34'),(505,'db2e81a6-6586-437e-b7e8-3eebbfaa18f9',3,'2026-06-13','10:00:00','11:00:00',0,0,NULL,'2026-06-22 08:22:34','2026-06-22 08:22:34'),(506,'f4f408ed-26e4-4647-af88-2fc5ca2321dd',5,'2026-06-13','10:00:00','11:00:00',0,0,NULL,'2026-06-22 08:22:34','2026-06-22 08:22:34'),(507,'3eeb64b0-b884-49d2-9dbc-d3e99e38536a',3,'2026-06-15','17:00:00','18:00:00',0,0,NULL,'2026-06-22 08:22:34','2026-06-22 08:22:34'),(508,'3d86b781-3c15-420c-ac8d-f93b7c2c0839',4,'2026-06-15','17:00:00','18:00:00',0,0,NULL,'2026-06-22 08:22:34','2026-06-22 08:22:34'),(509,'6840519f-fef0-4510-a867-522224ec07ff',5,'2026-06-15','18:00:00','19:00:00',0,0,NULL,'2026-06-22 08:22:35','2026-06-22 08:22:35'),(510,'831543a6-7ba9-40a2-9cf6-161106ac539f',1,'2026-06-15','18:00:00','19:00:00',0,0,NULL,'2026-06-22 08:22:35','2026-06-22 08:22:35'),(511,'087d0abc-e630-438a-901f-be077c193030',3,'2026-06-15','19:00:00','20:00:00',0,0,NULL,'2026-06-22 08:22:35','2026-06-22 08:22:35'),(512,'be413acc-82ef-45fe-b6cc-93e549734d0b',1,'2026-06-16','17:00:00','18:00:00',0,0,NULL,'2026-06-22 08:22:35','2026-06-22 08:22:35'),(513,'6afdb6dc-746a-4459-aa19-2d42dd233482',4,'2026-06-16','17:00:00','18:00:00',0,0,NULL,'2026-06-22 08:22:35','2026-06-22 08:22:35'),(514,'0dfa28c2-c644-4ea6-be51-2584ee525787',2,'2026-06-16','18:00:00','19:00:00',0,0,NULL,'2026-06-22 08:22:35','2026-06-22 08:22:35'),(515,'716843f0-6a4b-4b7c-b92e-e21bcfb9a754',5,'2026-06-16','18:00:00','19:00:00',0,0,NULL,'2026-06-22 08:22:35','2026-06-22 08:22:35'),(516,'d42f4143-1572-477c-aae9-1276c6921c94',3,'2026-06-17','17:00:00','18:00:00',0,0,NULL,'2026-06-22 08:22:35','2026-06-22 08:22:35'),(517,'b0049dae-a122-424e-8ec0-5e7dabf92464',2,'2026-06-17','17:00:00','18:00:00',0,0,NULL,'2026-06-22 08:22:35','2026-06-22 08:22:35'),(518,'2df0879e-91ec-4de3-b410-9a1a0082c225',4,'2026-06-17','18:00:00','19:00:00',0,0,NULL,'2026-06-22 08:22:35','2026-06-22 08:22:35'),(519,'ccad603b-0fc5-4442-9683-6d11f4158b4a',5,'2026-06-17','19:00:00','20:00:00',0,0,NULL,'2026-06-22 08:22:35','2026-06-22 08:22:35'),(520,'02e9212a-d5c8-4fab-93fc-ecda19e86339',1,'2026-06-18','17:00:00','18:00:00',0,0,NULL,'2026-06-22 08:22:35','2026-06-22 08:22:35'),(521,'655c8f31-7bd8-4d3b-8e80-75badfb2b442',3,'2026-06-18','17:00:00','18:00:00',0,0,NULL,'2026-06-22 08:22:35','2026-06-22 08:22:35'),(522,'48841fd8-f909-4cda-a957-c7da92705f9f',2,'2026-06-18','18:00:00','19:00:00',0,0,NULL,'2026-06-22 08:22:35','2026-06-22 08:22:35'),(523,'f7d331d6-8a88-4cab-8af3-23382b6eee57',5,'2026-06-19','17:00:00','18:00:00',0,0,NULL,'2026-06-22 08:22:35','2026-06-22 08:22:35'),(524,'122fa5d2-9ef4-471b-a046-7c317abdc8d0',4,'2026-06-19','17:00:00','18:00:00',0,0,NULL,'2026-06-22 08:22:35','2026-06-22 08:22:35'),(525,'31fb501d-006f-458b-83f8-093da62c623d',1,'2026-06-19','18:00:00','19:00:00',0,0,NULL,'2026-06-22 08:22:35','2026-06-22 08:22:35'),(526,'2ff85510-3eb1-41b2-b748-49ec31463703',3,'2026-06-19','19:00:00','20:00:00',0,0,NULL,'2026-06-22 08:22:35','2026-06-22 08:22:35'),(527,'db2e81a6-6586-437e-b7e8-3eebbfaa18f9',3,'2026-06-20','10:00:00','11:00:00',0,0,NULL,'2026-06-22 08:22:35','2026-06-22 08:22:35'),(528,'f4f408ed-26e4-4647-af88-2fc5ca2321dd',5,'2026-06-20','10:00:00','11:00:00',0,0,NULL,'2026-06-22 08:22:35','2026-06-22 08:22:35'),(529,'3eeb64b0-b884-49d2-9dbc-d3e99e38536a',3,'2026-06-22','17:00:00','18:00:00',0,0,NULL,'2026-06-22 08:22:35','2026-06-22 08:22:35'),(530,'3d86b781-3c15-420c-ac8d-f93b7c2c0839',4,'2026-06-22','17:00:00','18:00:00',0,0,NULL,'2026-06-22 08:22:35','2026-06-22 08:22:35'),(531,'6840519f-fef0-4510-a867-522224ec07ff',5,'2026-06-22','18:00:00','19:00:00',0,0,NULL,'2026-06-22 08:22:35','2026-06-22 08:22:35'),(532,'831543a6-7ba9-40a2-9cf6-161106ac539f',1,'2026-06-22','18:00:00','19:00:00',0,0,NULL,'2026-06-22 08:22:35','2026-06-22 08:22:35'),(533,'087d0abc-e630-438a-901f-be077c193030',3,'2026-06-22','19:00:00','20:00:00',0,0,NULL,'2026-06-22 08:22:35','2026-06-22 08:22:35'),(534,'be413acc-82ef-45fe-b6cc-93e549734d0b',1,'2026-06-23','17:00:00','18:00:00',0,0,NULL,'2026-06-22 08:22:35','2026-06-22 08:22:35'),(535,'6afdb6dc-746a-4459-aa19-2d42dd233482',4,'2026-06-23','17:00:00','18:00:00',0,0,NULL,'2026-06-22 08:22:35','2026-06-22 08:22:35'),(536,'0dfa28c2-c644-4ea6-be51-2584ee525787',2,'2026-06-23','18:00:00','19:00:00',0,0,NULL,'2026-06-22 08:22:35','2026-06-22 08:22:35'),(537,'716843f0-6a4b-4b7c-b92e-e21bcfb9a754',5,'2026-06-23','18:00:00','19:00:00',0,0,NULL,'2026-06-22 08:22:35','2026-06-22 08:22:35'),(538,'d42f4143-1572-477c-aae9-1276c6921c94',3,'2026-06-24','17:00:00','18:00:00',0,0,NULL,'2026-06-22 08:22:35','2026-06-22 08:22:35'),(539,'b0049dae-a122-424e-8ec0-5e7dabf92464',2,'2026-06-24','17:00:00','18:00:00',0,0,NULL,'2026-06-22 08:22:35','2026-06-22 08:22:35'),(540,'2df0879e-91ec-4de3-b410-9a1a0082c225',4,'2026-06-24','18:00:00','19:00:00',0,0,NULL,'2026-06-22 08:22:35','2026-06-22 08:22:35'),(541,'ccad603b-0fc5-4442-9683-6d11f4158b4a',5,'2026-06-24','19:00:00','20:00:00',0,0,NULL,'2026-06-22 08:22:35','2026-06-22 08:22:35'),(542,'02e9212a-d5c8-4fab-93fc-ecda19e86339',1,'2026-06-25','17:00:00','18:00:00',0,0,NULL,'2026-06-22 08:22:35','2026-06-22 08:22:35'),(543,'655c8f31-7bd8-4d3b-8e80-75badfb2b442',3,'2026-06-25','17:00:00','18:00:00',0,0,NULL,'2026-06-22 08:22:35','2026-06-22 08:22:35'),(544,'48841fd8-f909-4cda-a957-c7da92705f9f',2,'2026-06-25','18:00:00','19:00:00',0,0,NULL,'2026-06-22 08:22:35','2026-06-22 08:22:35'),(545,'f7d331d6-8a88-4cab-8af3-23382b6eee57',5,'2026-06-26','17:00:00','18:00:00',0,0,NULL,'2026-06-22 08:22:35','2026-06-22 08:22:35'),(546,'122fa5d2-9ef4-471b-a046-7c317abdc8d0',4,'2026-06-26','17:00:00','18:00:00',0,0,NULL,'2026-06-22 08:22:35','2026-06-22 08:22:35'),(547,'31fb501d-006f-458b-83f8-093da62c623d',1,'2026-06-26','18:00:00','19:00:00',0,0,NULL,'2026-06-22 08:22:35','2026-06-22 08:22:35'),(548,'2ff85510-3eb1-41b2-b748-49ec31463703',3,'2026-06-26','19:00:00','20:00:00',0,0,NULL,'2026-06-22 08:22:35','2026-06-22 08:22:35'),(549,'db2e81a6-6586-437e-b7e8-3eebbfaa18f9',3,'2026-06-27','10:00:00','11:00:00',0,0,NULL,'2026-06-22 08:22:35','2026-06-22 08:22:35'),(550,'f4f408ed-26e4-4647-af88-2fc5ca2321dd',5,'2026-06-27','10:00:00','11:00:00',0,0,NULL,'2026-06-22 08:22:35','2026-06-22 08:22:35'),(551,'3eeb64b0-b884-49d2-9dbc-d3e99e38536a',3,'2026-06-29','17:00:00','18:00:00',0,0,NULL,'2026-06-22 08:22:35','2026-06-22 08:22:35'),(552,'3d86b781-3c15-420c-ac8d-f93b7c2c0839',4,'2026-06-29','17:00:00','18:00:00',0,0,NULL,'2026-06-22 08:22:35','2026-06-22 08:22:35'),(553,'6840519f-fef0-4510-a867-522224ec07ff',5,'2026-06-29','18:00:00','19:00:00',0,0,NULL,'2026-06-22 08:22:35','2026-06-22 08:22:35'),(554,'831543a6-7ba9-40a2-9cf6-161106ac539f',1,'2026-06-29','18:00:00','19:00:00',0,0,NULL,'2026-06-22 08:22:35','2026-06-22 08:22:35'),(555,'087d0abc-e630-438a-901f-be077c193030',3,'2026-06-29','19:00:00','20:00:00',0,0,NULL,'2026-06-22 08:22:35','2026-06-22 08:22:35'),(556,'be413acc-82ef-45fe-b6cc-93e549734d0b',1,'2026-06-30','17:00:00','18:00:00',0,0,NULL,'2026-06-22 08:22:35','2026-06-22 08:22:35'),(557,'6afdb6dc-746a-4459-aa19-2d42dd233482',4,'2026-06-30','17:00:00','18:00:00',0,0,NULL,'2026-06-22 08:22:35','2026-06-22 08:22:35'),(558,'0dfa28c2-c644-4ea6-be51-2584ee525787',2,'2026-06-30','18:00:00','19:00:00',0,0,NULL,'2026-06-22 08:22:35','2026-06-22 08:22:35'),(559,'716843f0-6a4b-4b7c-b92e-e21bcfb9a754',5,'2026-06-30','18:00:00','19:00:00',0,0,NULL,'2026-06-22 08:22:35','2026-06-22 08:22:35'),(560,'d42f4143-1572-477c-aae9-1276c6921c94',3,'2026-07-01','17:00:00','18:00:00',0,0,NULL,'2026-06-22 08:22:35','2026-06-22 08:22:35'),(561,'b0049dae-a122-424e-8ec0-5e7dabf92464',2,'2026-07-01','17:00:00','18:00:00',0,0,NULL,'2026-06-22 08:22:35','2026-06-22 08:22:35'),(562,'2df0879e-91ec-4de3-b410-9a1a0082c225',4,'2026-07-01','18:00:00','19:00:00',0,0,NULL,'2026-06-22 08:22:35','2026-06-22 08:22:35'),(563,'ccad603b-0fc5-4442-9683-6d11f4158b4a',5,'2026-07-01','19:00:00','20:00:00',0,0,NULL,'2026-06-22 08:22:35','2026-06-22 08:22:35'),(564,'02e9212a-d5c8-4fab-93fc-ecda19e86339',1,'2026-07-02','17:00:00','18:00:00',0,0,NULL,'2026-06-22 08:22:35','2026-06-22 08:22:35'),(565,'655c8f31-7bd8-4d3b-8e80-75badfb2b442',3,'2026-07-02','17:00:00','18:00:00',0,0,NULL,'2026-06-22 08:22:35','2026-06-22 08:22:35'),(566,'48841fd8-f909-4cda-a957-c7da92705f9f',2,'2026-07-02','18:00:00','19:00:00',0,0,NULL,'2026-06-22 08:22:35','2026-06-22 08:22:35'),(567,'f7d331d6-8a88-4cab-8af3-23382b6eee57',5,'2026-07-03','17:00:00','18:00:00',0,0,NULL,'2026-06-22 08:22:35','2026-06-22 08:22:35'),(568,'122fa5d2-9ef4-471b-a046-7c317abdc8d0',4,'2026-07-03','17:00:00','18:00:00',0,0,NULL,'2026-06-22 08:22:35','2026-06-22 08:22:35'),(569,'31fb501d-006f-458b-83f8-093da62c623d',1,'2026-07-03','18:00:00','19:00:00',0,0,NULL,'2026-06-22 08:22:35','2026-06-22 08:22:35'),(570,'2ff85510-3eb1-41b2-b748-49ec31463703',3,'2026-07-03','19:00:00','20:00:00',0,0,NULL,'2026-06-22 08:22:35','2026-06-22 08:22:35'),(571,'db2e81a6-6586-437e-b7e8-3eebbfaa18f9',3,'2026-07-04','10:00:00','11:00:00',0,0,NULL,'2026-06-22 08:22:35','2026-06-22 08:22:35'),(572,'f4f408ed-26e4-4647-af88-2fc5ca2321dd',5,'2026-07-04','10:00:00','11:00:00',0,0,NULL,'2026-06-22 08:22:35','2026-06-22 08:22:35'),(573,'3eeb64b0-b884-49d2-9dbc-d3e99e38536a',3,'2026-07-06','17:00:00','18:00:00',0,0,NULL,'2026-06-22 08:22:35','2026-06-22 08:22:35'),(574,'3d86b781-3c15-420c-ac8d-f93b7c2c0839',4,'2026-07-06','17:00:00','18:00:00',0,0,NULL,'2026-06-22 08:22:35','2026-06-22 08:22:35'),(575,'6840519f-fef0-4510-a867-522224ec07ff',5,'2026-07-06','18:00:00','19:00:00',0,0,NULL,'2026-06-22 08:22:35','2026-06-22 08:22:35'),(576,'831543a6-7ba9-40a2-9cf6-161106ac539f',1,'2026-07-06','18:00:00','19:00:00',0,0,NULL,'2026-06-22 08:22:35','2026-06-22 08:22:35'),(577,'087d0abc-e630-438a-901f-be077c193030',3,'2026-07-06','19:00:00','20:00:00',0,0,NULL,'2026-06-22 08:22:35','2026-06-22 08:22:35'),(578,'be413acc-82ef-45fe-b6cc-93e549734d0b',1,'2026-07-07','17:00:00','18:00:00',0,0,NULL,'2026-06-22 08:22:35','2026-06-22 08:22:35'),(579,'6afdb6dc-746a-4459-aa19-2d42dd233482',4,'2026-07-07','17:00:00','18:00:00',0,0,NULL,'2026-06-22 08:22:35','2026-06-22 08:22:35'),(580,'0dfa28c2-c644-4ea6-be51-2584ee525787',2,'2026-07-07','18:00:00','19:00:00',0,0,NULL,'2026-06-22 08:22:35','2026-06-22 08:22:35'),(581,'716843f0-6a4b-4b7c-b92e-e21bcfb9a754',5,'2026-07-07','18:00:00','19:00:00',0,0,NULL,'2026-06-22 08:22:35','2026-06-22 08:22:35'),(582,'d42f4143-1572-477c-aae9-1276c6921c94',3,'2026-07-08','17:00:00','18:00:00',0,0,NULL,'2026-06-22 08:22:35','2026-06-22 08:22:35'),(583,'b0049dae-a122-424e-8ec0-5e7dabf92464',2,'2026-07-08','17:00:00','18:00:00',0,0,NULL,'2026-06-22 08:22:35','2026-06-22 08:22:35'),(584,'2df0879e-91ec-4de3-b410-9a1a0082c225',4,'2026-07-08','18:00:00','19:00:00',0,0,NULL,'2026-06-22 08:22:35','2026-06-22 08:22:35'),(585,'ccad603b-0fc5-4442-9683-6d11f4158b4a',5,'2026-07-08','19:00:00','20:00:00',0,0,NULL,'2026-06-22 08:22:35','2026-06-22 08:22:35'),(586,'02e9212a-d5c8-4fab-93fc-ecda19e86339',1,'2026-07-09','17:00:00','18:00:00',0,0,NULL,'2026-06-22 08:22:35','2026-06-22 08:22:35'),(587,'655c8f31-7bd8-4d3b-8e80-75badfb2b442',3,'2026-07-09','17:00:00','18:00:00',0,0,NULL,'2026-06-22 08:22:35','2026-06-22 08:22:35'),(588,'48841fd8-f909-4cda-a957-c7da92705f9f',2,'2026-07-09','18:00:00','19:00:00',0,0,NULL,'2026-06-22 08:22:35','2026-06-22 08:22:35'),(589,'f7d331d6-8a88-4cab-8af3-23382b6eee57',5,'2026-07-10','17:00:00','18:00:00',0,0,NULL,'2026-06-22 08:22:35','2026-06-22 08:22:35'),(590,'122fa5d2-9ef4-471b-a046-7c317abdc8d0',4,'2026-07-10','17:00:00','18:00:00',0,0,NULL,'2026-06-22 08:22:35','2026-06-22 08:22:35'),(591,'31fb501d-006f-458b-83f8-093da62c623d',1,'2026-07-10','18:00:00','19:00:00',0,0,NULL,'2026-06-22 08:22:35','2026-06-22 08:22:35'),(592,'2ff85510-3eb1-41b2-b748-49ec31463703',3,'2026-07-10','19:00:00','20:00:00',0,0,NULL,'2026-06-22 08:22:35','2026-06-22 08:22:35'),(593,'db2e81a6-6586-437e-b7e8-3eebbfaa18f9',3,'2026-07-11','10:00:00','11:00:00',0,0,NULL,'2026-06-22 08:22:35','2026-06-22 08:22:35'),(594,'f4f408ed-26e4-4647-af88-2fc5ca2321dd',5,'2026-07-11','10:00:00','11:00:00',0,0,NULL,'2026-06-22 08:22:35','2026-06-22 08:22:35'),(595,'3eeb64b0-b884-49d2-9dbc-d3e99e38536a',3,'2026-07-13','17:00:00','18:00:00',0,0,NULL,'2026-06-22 08:22:35','2026-06-22 08:22:35'),(596,'3d86b781-3c15-420c-ac8d-f93b7c2c0839',4,'2026-07-13','17:00:00','18:00:00',0,0,NULL,'2026-06-22 08:22:35','2026-06-22 08:22:35'),(597,'6840519f-fef0-4510-a867-522224ec07ff',5,'2026-07-13','18:00:00','19:00:00',0,0,NULL,'2026-06-22 08:22:35','2026-06-22 08:22:35'),(598,'831543a6-7ba9-40a2-9cf6-161106ac539f',1,'2026-07-13','18:00:00','19:00:00',0,0,NULL,'2026-06-22 08:22:35','2026-06-22 08:22:35'),(599,'087d0abc-e630-438a-901f-be077c193030',3,'2026-07-13','19:00:00','20:00:00',0,0,NULL,'2026-06-22 08:22:35','2026-06-22 08:22:35'),(600,'be413acc-82ef-45fe-b6cc-93e549734d0b',1,'2026-07-14','17:00:00','18:00:00',0,0,NULL,'2026-06-22 08:22:35','2026-06-22 08:22:35'),(601,'6afdb6dc-746a-4459-aa19-2d42dd233482',4,'2026-07-14','17:00:00','18:00:00',0,0,NULL,'2026-06-22 08:22:35','2026-06-22 08:22:35'),(602,'0dfa28c2-c644-4ea6-be51-2584ee525787',2,'2026-07-14','18:00:00','19:00:00',0,0,NULL,'2026-06-22 08:22:35','2026-06-22 08:22:35'),(603,'716843f0-6a4b-4b7c-b92e-e21bcfb9a754',5,'2026-07-14','18:00:00','19:00:00',0,0,NULL,'2026-06-22 08:22:35','2026-06-22 08:22:35'),(604,'d42f4143-1572-477c-aae9-1276c6921c94',3,'2026-07-15','17:00:00','18:00:00',0,0,NULL,'2026-06-22 08:22:35','2026-06-22 08:22:35'),(605,'b0049dae-a122-424e-8ec0-5e7dabf92464',2,'2026-07-15','17:00:00','18:00:00',0,0,NULL,'2026-06-22 08:22:35','2026-06-22 08:22:35'),(606,'2df0879e-91ec-4de3-b410-9a1a0082c225',4,'2026-07-15','18:00:00','19:00:00',0,0,NULL,'2026-06-22 08:22:35','2026-06-22 08:22:35'),(607,'ccad603b-0fc5-4442-9683-6d11f4158b4a',5,'2026-07-15','19:00:00','20:00:00',0,0,NULL,'2026-06-22 08:22:35','2026-06-22 08:22:35'),(608,'02e9212a-d5c8-4fab-93fc-ecda19e86339',1,'2026-07-16','17:00:00','18:00:00',0,0,NULL,'2026-06-22 08:22:35','2026-06-22 08:22:35'),(609,'655c8f31-7bd8-4d3b-8e80-75badfb2b442',3,'2026-07-16','17:00:00','18:00:00',0,0,NULL,'2026-06-22 08:22:35','2026-06-22 08:22:35'),(610,'48841fd8-f909-4cda-a957-c7da92705f9f',2,'2026-07-16','18:00:00','19:00:00',0,0,NULL,'2026-06-22 08:22:35','2026-06-22 08:22:35'),(611,'f7d331d6-8a88-4cab-8af3-23382b6eee57',5,'2026-07-17','17:00:00','18:00:00',0,0,NULL,'2026-06-22 08:22:35','2026-06-22 08:22:35'),(612,'122fa5d2-9ef4-471b-a046-7c317abdc8d0',4,'2026-07-17','17:00:00','18:00:00',0,0,NULL,'2026-06-22 08:22:35','2026-06-22 08:22:35'),(613,'31fb501d-006f-458b-83f8-093da62c623d',1,'2026-07-17','18:00:00','19:00:00',0,0,NULL,'2026-06-22 08:22:35','2026-06-22 08:22:35'),(614,'2ff85510-3eb1-41b2-b748-49ec31463703',3,'2026-07-17','19:00:00','20:00:00',0,0,NULL,'2026-06-22 08:22:35','2026-06-22 08:22:35'),(615,'db2e81a6-6586-437e-b7e8-3eebbfaa18f9',3,'2026-07-18','10:00:00','11:00:00',0,0,NULL,'2026-06-22 08:22:35','2026-06-22 08:22:35'),(616,'f4f408ed-26e4-4647-af88-2fc5ca2321dd',5,'2026-07-18','10:00:00','11:00:00',0,0,NULL,'2026-06-22 08:22:35','2026-06-22 08:22:35'),(617,'3eeb64b0-b884-49d2-9dbc-d3e99e38536a',3,'2026-07-20','17:00:00','18:00:00',0,0,NULL,'2026-06-22 08:22:35','2026-06-22 08:22:35'),(618,'3d86b781-3c15-420c-ac8d-f93b7c2c0839',4,'2026-07-20','17:00:00','18:00:00',0,0,NULL,'2026-06-22 08:22:35','2026-06-22 08:22:35'),(619,'6840519f-fef0-4510-a867-522224ec07ff',5,'2026-07-20','18:00:00','19:00:00',0,0,NULL,'2026-06-22 08:22:35','2026-06-22 08:22:35'),(620,'831543a6-7ba9-40a2-9cf6-161106ac539f',1,'2026-07-20','18:00:00','19:00:00',0,0,NULL,'2026-06-22 08:22:35','2026-06-22 08:22:35'),(621,'087d0abc-e630-438a-901f-be077c193030',3,'2026-07-20','19:00:00','20:00:00',0,0,NULL,'2026-06-22 08:22:35','2026-06-22 08:22:35'),(622,'be413acc-82ef-45fe-b6cc-93e549734d0b',1,'2026-07-21','17:00:00','18:00:00',0,0,NULL,'2026-06-22 08:22:35','2026-06-22 08:22:35'),(623,'6afdb6dc-746a-4459-aa19-2d42dd233482',4,'2026-07-21','17:00:00','18:00:00',0,0,NULL,'2026-06-22 08:22:35','2026-06-22 08:22:35'),(624,'0dfa28c2-c644-4ea6-be51-2584ee525787',2,'2026-07-21','18:00:00','19:00:00',0,0,NULL,'2026-06-22 08:22:35','2026-06-22 08:22:35'),(625,'716843f0-6a4b-4b7c-b92e-e21bcfb9a754',5,'2026-07-21','18:00:00','19:00:00',0,0,NULL,'2026-06-22 08:22:35','2026-06-22 08:22:35'),(626,'d42f4143-1572-477c-aae9-1276c6921c94',3,'2026-07-22','17:00:00','18:00:00',0,0,NULL,'2026-06-22 08:22:35','2026-06-22 08:22:35'),(627,'b0049dae-a122-424e-8ec0-5e7dabf92464',2,'2026-07-22','17:00:00','18:00:00',0,0,NULL,'2026-06-22 08:22:35','2026-06-22 08:22:35'),(628,'2df0879e-91ec-4de3-b410-9a1a0082c225',4,'2026-07-22','18:00:00','19:00:00',0,0,NULL,'2026-06-22 08:22:35','2026-06-22 08:22:35'),(629,'ccad603b-0fc5-4442-9683-6d11f4158b4a',5,'2026-07-22','19:00:00','20:00:00',0,0,NULL,'2026-06-22 08:22:35','2026-06-22 08:22:35'),(630,'02e9212a-d5c8-4fab-93fc-ecda19e86339',1,'2026-07-23','17:00:00','18:00:00',0,0,NULL,'2026-06-22 08:22:35','2026-06-22 08:22:35'),(631,'655c8f31-7bd8-4d3b-8e80-75badfb2b442',3,'2026-07-23','17:00:00','18:00:00',0,0,NULL,'2026-06-22 08:22:35','2026-06-22 08:22:35'),(632,'48841fd8-f909-4cda-a957-c7da92705f9f',2,'2026-07-23','18:00:00','19:00:00',0,0,NULL,'2026-06-22 08:22:35','2026-06-22 08:22:35'),(633,'f7d331d6-8a88-4cab-8af3-23382b6eee57',5,'2026-07-24','17:00:00','18:00:00',0,0,NULL,'2026-06-22 08:22:35','2026-06-22 08:22:35'),(634,'122fa5d2-9ef4-471b-a046-7c317abdc8d0',4,'2026-07-24','17:00:00','18:00:00',0,0,NULL,'2026-06-22 08:22:35','2026-06-22 08:22:35'),(635,'31fb501d-006f-458b-83f8-093da62c623d',1,'2026-07-24','18:00:00','19:00:00',0,0,NULL,'2026-06-22 08:22:35','2026-06-22 08:22:35'),(636,'2ff85510-3eb1-41b2-b748-49ec31463703',3,'2026-07-24','19:00:00','20:00:00',0,0,NULL,'2026-06-22 08:22:35','2026-06-22 08:22:35'),(637,'db2e81a6-6586-437e-b7e8-3eebbfaa18f9',3,'2026-07-25','10:00:00','11:00:00',0,0,NULL,'2026-06-22 08:22:35','2026-06-22 08:22:35'),(638,'f4f408ed-26e4-4647-af88-2fc5ca2321dd',5,'2026-07-25','10:00:00','11:00:00',0,0,NULL,'2026-06-22 08:22:35','2026-06-22 08:22:35'),(639,'3eeb64b0-b884-49d2-9dbc-d3e99e38536a',3,'2026-07-27','17:00:00','18:00:00',0,0,NULL,'2026-06-22 08:22:35','2026-06-22 08:22:35'),(640,'3d86b781-3c15-420c-ac8d-f93b7c2c0839',4,'2026-07-27','17:00:00','18:00:00',0,0,NULL,'2026-06-22 08:22:35','2026-06-22 08:22:35'),(641,'6840519f-fef0-4510-a867-522224ec07ff',5,'2026-07-27','18:00:00','19:00:00',0,0,NULL,'2026-06-22 08:22:35','2026-06-22 08:22:35'),(642,'831543a6-7ba9-40a2-9cf6-161106ac539f',1,'2026-07-27','18:00:00','19:00:00',0,0,NULL,'2026-06-22 08:22:35','2026-06-22 08:22:35'),(643,'087d0abc-e630-438a-901f-be077c193030',3,'2026-07-27','19:00:00','20:00:00',0,0,NULL,'2026-06-22 08:22:35','2026-06-22 08:22:35'),(644,'be413acc-82ef-45fe-b6cc-93e549734d0b',1,'2026-07-28','17:00:00','18:00:00',0,0,NULL,'2026-06-22 08:22:35','2026-06-22 08:22:35'),(645,'6afdb6dc-746a-4459-aa19-2d42dd233482',4,'2026-07-28','17:00:00','18:00:00',0,0,NULL,'2026-06-22 08:22:35','2026-06-22 08:22:35'),(646,'0dfa28c2-c644-4ea6-be51-2584ee525787',2,'2026-07-28','18:00:00','19:00:00',0,0,NULL,'2026-06-22 08:22:35','2026-06-22 08:22:35'),(647,'716843f0-6a4b-4b7c-b92e-e21bcfb9a754',5,'2026-07-28','18:00:00','19:00:00',0,0,NULL,'2026-06-22 08:22:35','2026-06-22 08:22:35'),(648,'d42f4143-1572-477c-aae9-1276c6921c94',3,'2026-07-29','17:00:00','18:00:00',0,0,NULL,'2026-06-22 08:22:35','2026-06-22 08:22:35'),(649,'b0049dae-a122-424e-8ec0-5e7dabf92464',2,'2026-07-29','17:00:00','18:00:00',0,0,NULL,'2026-06-22 08:22:35','2026-06-22 08:22:35'),(650,'2df0879e-91ec-4de3-b410-9a1a0082c225',4,'2026-07-29','18:00:00','19:00:00',0,0,NULL,'2026-06-22 08:22:35','2026-06-22 08:22:35'),(651,'ccad603b-0fc5-4442-9683-6d11f4158b4a',5,'2026-07-29','19:00:00','20:00:00',0,0,NULL,'2026-06-22 08:22:35','2026-06-22 08:22:35'),(652,'02e9212a-d5c8-4fab-93fc-ecda19e86339',1,'2026-07-30','17:00:00','18:00:00',0,0,NULL,'2026-06-22 08:22:35','2026-06-22 08:22:35'),(653,'655c8f31-7bd8-4d3b-8e80-75badfb2b442',3,'2026-07-30','17:00:00','18:00:00',0,0,NULL,'2026-06-22 08:22:35','2026-06-22 08:22:35'),(654,'48841fd8-f909-4cda-a957-c7da92705f9f',2,'2026-07-30','18:00:00','19:00:00',0,0,NULL,'2026-06-22 08:22:35','2026-06-22 08:22:35'),(655,'f7d331d6-8a88-4cab-8af3-23382b6eee57',5,'2026-07-31','17:00:00','18:00:00',0,0,NULL,'2026-06-22 08:22:35','2026-06-22 08:22:35'),(656,'122fa5d2-9ef4-471b-a046-7c317abdc8d0',4,'2026-07-31','17:00:00','18:00:00',0,0,NULL,'2026-06-22 08:22:35','2026-06-22 08:22:35'),(657,'31fb501d-006f-458b-83f8-093da62c623d',1,'2026-07-31','18:00:00','19:00:00',0,0,NULL,'2026-06-22 08:22:35','2026-06-22 08:22:35'),(658,'2ff85510-3eb1-41b2-b748-49ec31463703',3,'2026-07-31','19:00:00','20:00:00',0,0,NULL,'2026-06-22 08:22:35','2026-06-22 08:22:35');
/*!40000 ALTER TABLE `clases` ENABLE KEYS */;
UNLOCK TABLES;

--
-- Table structure for table `configuraciones`
--

DROP TABLE IF EXISTS `configuraciones`;
/*!40101 SET @saved_cs_client     = @@character_set_client */;
/*!40101 SET character_set_client = utf8 */;
CREATE TABLE `configuraciones` (
  `id` bigint(20) unsigned NOT NULL AUTO_INCREMENT,
  `clave` varchar(100) NOT NULL,
  `valor` varchar(255) NOT NULL,
  `descripcion` varchar(255) DEFAULT NULL,
  `tipo` varchar(20) NOT NULL DEFAULT 'string',
  `created_at` timestamp NULL DEFAULT NULL,
  `updated_at` timestamp NULL DEFAULT NULL,
  PRIMARY KEY (`id`),
  UNIQUE KEY `configuraciones_clave_unique` (`clave`)
) ENGINE=InnoDB AUTO_INCREMENT=3 DEFAULT CHARSET=utf8mb4 COLLATE=utf8mb4_unicode_ci;
/*!40101 SET character_set_client = @saved_cs_client */;

--
-- Dumping data for table `configuraciones`
--

LOCK TABLES `configuraciones` WRITE;
/*!40000 ALTER TABLE `configuraciones` DISABLE KEYS */;
INSERT INTO `configuraciones` VALUES (1,'dias_gracia_cobranza','10','Días del mes hasta los cuales un alumno se considera Al día sin haber pagado','integer','2026-05-29 03:35:43','2026-05-29 03:35:43'),(2,'dia_generacion_deuda','1','Día del mes en que se genera automáticamente la deuda mensual','integer','2026-05-29 03:35:43','2026-05-29 03:35:43');
/*!40000 ALTER TABLE `configuraciones` ENABLE KEYS */;
UNLOCK TABLES;

--
-- Table structure for table `deportes`
--

DROP TABLE IF EXISTS `deportes`;
/*!40101 SET @saved_cs_client     = @@character_set_client */;
/*!40101 SET character_set_client = utf8 */;
CREATE TABLE `deportes` (
  `id` bigint(20) unsigned NOT NULL AUTO_INCREMENT,
  `nombre` varchar(255) NOT NULL,
  `tipo_liquidacion` enum('HORA','COMISION') NOT NULL DEFAULT 'HORA',
  `activo` tinyint(1) NOT NULL DEFAULT 1,
  `created_at` timestamp NULL DEFAULT NULL,
  `updated_at` timestamp NULL DEFAULT NULL,
  PRIMARY KEY (`id`)
) ENGINE=InnoDB AUTO_INCREMENT=3 DEFAULT CHARSET=utf8mb4 COLLATE=utf8mb4_unicode_ci;
/*!40101 SET character_set_client = @saved_cs_client */;

--
-- Dumping data for table `deportes`
--

LOCK TABLES `deportes` WRITE;
/*!40000 ALTER TABLE `deportes` DISABLE KEYS */;
INSERT INTO `deportes` VALUES (1,'Patín','HORA',1,'2026-06-22 08:22:29','2026-06-22 08:22:29'),(2,'Fútbol','COMISION',1,'2026-06-22 08:22:29','2026-06-22 08:22:29');
/*!40000 ALTER TABLE `deportes` ENABLE KEYS */;
UNLOCK TABLES;

--
-- Table structure for table `deuda_cuotas`
--

DROP TABLE IF EXISTS `deuda_cuotas`;
/*!40101 SET @saved_cs_client     = @@character_set_client */;
/*!40101 SET character_set_client = utf8 */;
CREATE TABLE `deuda_cuotas` (
  `id` bigint(20) unsigned NOT NULL AUTO_INCREMENT,
  `alumno_id` bigint(20) unsigned NOT NULL,
  `periodo` varchar(7) NOT NULL,
  `monto_original` decimal(10,2) NOT NULL,
  `monto_pagado` decimal(10,2) NOT NULL DEFAULT 0.00,
  `estado` enum('PENDIENTE','PAGADA','CONDONADA','AJUSTADA') NOT NULL DEFAULT 'PENDIENTE',
  `observaciones` text DEFAULT NULL,
  `created_at` timestamp NULL DEFAULT NULL,
  `updated_at` timestamp NULL DEFAULT NULL,
  PRIMARY KEY (`id`),
  UNIQUE KEY `deuda_cuotas_alumno_periodo_unique` (`alumno_id`,`periodo`),
  KEY `deuda_cuotas_alumno_id_periodo_index` (`alumno_id`,`periodo`),
  CONSTRAINT `deuda_cuotas_alumno_id_foreign` FOREIGN KEY (`alumno_id`) REFERENCES `alumnos` (`id`) ON DELETE CASCADE
) ENGINE=InnoDB AUTO_INCREMENT=171 DEFAULT CHARSET=utf8mb4 COLLATE=utf8mb4_unicode_ci;
/*!40101 SET character_set_client = @saved_cs_client */;

--
-- Dumping data for table `deuda_cuotas`
--

LOCK TABLES `deuda_cuotas` WRITE;
/*!40000 ALTER TABLE `deuda_cuotas` DISABLE KEYS */;
INSERT INTO `deuda_cuotas` VALUES (1,1,'2026-01',25000.00,25000.00,'PAGADA',NULL,'2026-06-22 08:22:28','2026-06-22 08:22:28'),(2,1,'2026-02',25000.00,25000.00,'PAGADA',NULL,'2026-06-22 08:22:28','2026-06-22 08:22:28'),(3,1,'2026-03',25000.00,25000.00,'PAGADA',NULL,'2026-06-22 08:22:28','2026-06-22 08:22:28'),(4,1,'2026-04',25000.00,25000.00,'PAGADA',NULL,'2026-06-22 08:22:28','2026-06-22 08:22:28'),(5,1,'2026-05',25000.00,25000.00,'PAGADA',NULL,'2026-06-22 08:22:28','2026-06-22 08:22:28'),(6,2,'2026-01',30000.00,30000.00,'PAGADA',NULL,'2026-06-22 08:22:28','2026-06-22 08:22:28'),(7,2,'2026-02',30000.00,30000.00,'PAGADA',NULL,'2026-06-22 08:22:28','2026-06-22 08:22:28'),(8,2,'2026-03',30000.00,30000.00,'PAGADA',NULL,'2026-06-22 08:22:28','2026-06-22 08:22:28'),(9,2,'2026-04',30000.00,30000.00,'PAGADA',NULL,'2026-06-22 08:22:28','2026-06-22 08:22:28'),(10,2,'2026-05',30000.00,30000.00,'PAGADA',NULL,'2026-06-22 08:22:28','2026-06-22 08:22:28'),(11,3,'2026-01',25000.00,25000.00,'PAGADA',NULL,'2026-06-22 08:22:28','2026-06-22 08:22:28'),(12,3,'2026-02',25000.00,25000.00,'PAGADA',NULL,'2026-06-22 08:22:28','2026-06-22 08:22:28'),(13,3,'2026-03',25000.00,25000.00,'PAGADA',NULL,'2026-06-22 08:22:28','2026-06-22 08:22:28'),(14,3,'2026-04',25000.00,25000.00,'PAGADA',NULL,'2026-06-22 08:22:28','2026-06-22 08:22:28'),(15,3,'2026-05',25000.00,25000.00,'PAGADA',NULL,'2026-06-22 08:22:28','2026-06-22 08:22:28'),(16,4,'2026-01',30000.00,30000.00,'PAGADA',NULL,'2026-06-22 08:22:28','2026-06-22 08:22:28'),(17,4,'2026-02',30000.00,30000.00,'PAGADA',NULL,'2026-06-22 08:22:28','2026-06-22 08:22:28'),(18,4,'2026-03',30000.00,30000.00,'PAGADA',NULL,'2026-06-22 08:22:28','2026-06-22 08:22:28'),(19,4,'2026-04',30000.00,30000.00,'PAGADA',NULL,'2026-06-22 08:22:28','2026-06-22 08:22:28'),(20,4,'2026-05',30000.00,30000.00,'PAGADA',NULL,'2026-06-22 08:22:28','2026-06-22 08:22:28'),(21,5,'2026-01',25000.00,25000.00,'PAGADA',NULL,'2026-06-22 08:22:28','2026-06-22 08:22:28'),(22,5,'2026-02',25000.00,25000.00,'PAGADA',NULL,'2026-06-22 08:22:28','2026-06-22 08:22:28'),(23,5,'2026-03',25000.00,25000.00,'PAGADA',NULL,'2026-06-22 08:22:28','2026-06-22 08:22:28'),(24,5,'2026-04',25000.00,25000.00,'PAGADA',NULL,'2026-06-22 08:22:28','2026-06-22 08:22:28'),(25,5,'2026-05',25000.00,25000.00,'PAGADA',NULL,'2026-06-22 08:22:28','2026-06-22 08:22:28'),(26,6,'2026-01',30000.00,30000.00,'PAGADA',NULL,'2026-06-22 08:22:28','2026-06-22 08:22:28'),(27,6,'2026-02',30000.00,30000.00,'PAGADA',NULL,'2026-06-22 08:22:28','2026-06-22 08:22:28'),(28,6,'2026-03',30000.00,30000.00,'PAGADA',NULL,'2026-06-22 08:22:28','2026-06-22 08:22:28'),(29,6,'2026-04',30000.00,30000.00,'PAGADA',NULL,'2026-06-22 08:22:28','2026-06-22 08:22:28'),(30,6,'2026-05',30000.00,30000.00,'PAGADA',NULL,'2026-06-22 08:22:28','2026-06-22 08:22:28'),(31,7,'2026-01',25000.00,25000.00,'PAGADA',NULL,'2026-06-22 08:22:28','2026-06-22 08:22:28'),(32,7,'2026-02',25000.00,25000.00,'PAGADA',NULL,'2026-06-22 08:22:28','2026-06-22 08:22:28'),(33,7,'2026-03',25000.00,25000.00,'PAGADA',NULL,'2026-06-22 08:22:28','2026-06-22 08:22:28'),(34,7,'2026-04',25000.00,25000.00,'PAGADA',NULL,'2026-06-22 08:22:28','2026-06-22 08:22:28'),(35,7,'2026-05',25000.00,25000.00,'PAGADA',NULL,'2026-06-22 08:22:28','2026-06-22 08:22:28'),(36,8,'2026-01',30000.00,30000.00,'PAGADA',NULL,'2026-06-22 08:22:28','2026-06-22 08:22:28'),(37,8,'2026-02',30000.00,30000.00,'PAGADA',NULL,'2026-06-22 08:22:28','2026-06-22 08:22:28'),(38,8,'2026-03',30000.00,30000.00,'PAGADA',NULL,'2026-06-22 08:22:28','2026-06-22 08:22:28'),(39,8,'2026-04',30000.00,30000.00,'PAGADA',NULL,'2026-06-22 08:22:28','2026-06-22 08:22:28'),(40,8,'2026-05',30000.00,30000.00,'PAGADA',NULL,'2026-06-22 08:22:28','2026-06-22 08:22:28'),(41,9,'2026-01',25000.00,25000.00,'PAGADA',NULL,'2026-06-22 08:22:28','2026-06-22 08:22:28'),(42,9,'2026-02',25000.00,25000.00,'PAGADA',NULL,'2026-06-22 08:22:28','2026-06-22 08:22:28'),(43,9,'2026-03',25000.00,25000.00,'PAGADA',NULL,'2026-06-22 08:22:28','2026-06-22 08:22:28'),(44,9,'2026-04',25000.00,25000.00,'PAGADA',NULL,'2026-06-22 08:22:28','2026-06-22 08:22:28'),(45,9,'2026-05',25000.00,25000.00,'PAGADA',NULL,'2026-06-22 08:22:28','2026-06-22 08:22:28'),(46,10,'2026-01',30000.00,30000.00,'PAGADA',NULL,'2026-06-22 08:22:28','2026-06-22 08:22:28'),(47,10,'2026-02',30000.00,30000.00,'PAGADA',NULL,'2026-06-22 08:22:28','2026-06-22 08:22:28'),(48,10,'2026-03',30000.00,30000.00,'PAGADA',NULL,'2026-06-22 08:22:28','2026-06-22 08:22:28'),(49,10,'2026-04',30000.00,30000.00,'PAGADA',NULL,'2026-06-22 08:22:28','2026-06-22 08:22:28'),(50,10,'2026-05',30000.00,30000.00,'PAGADA',NULL,'2026-06-22 08:22:28','2026-06-22 08:22:28'),(51,11,'2026-01',25000.00,25000.00,'PAGADA',NULL,'2026-06-22 08:22:28','2026-06-22 08:22:28'),(52,11,'2026-02',25000.00,25000.00,'PAGADA',NULL,'2026-06-22 08:22:28','2026-06-22 08:22:28'),(53,11,'2026-03',25000.00,25000.00,'PAGADA',NULL,'2026-06-22 08:22:28','2026-06-22 08:22:28'),(54,11,'2026-04',25000.00,25000.00,'PAGADA',NULL,'2026-06-22 08:22:28','2026-06-22 08:22:28'),(55,11,'2026-05',25000.00,25000.00,'PAGADA',NULL,'2026-06-22 08:22:28','2026-06-22 08:22:28'),(56,13,'2026-01',28000.00,28000.00,'PAGADA',NULL,'2026-06-22 08:22:28','2026-06-22 08:22:28'),(57,13,'2026-02',28000.00,28000.00,'PAGADA',NULL,'2026-06-22 08:22:28','2026-06-22 08:22:28'),(58,13,'2026-03',28000.00,28000.00,'PAGADA',NULL,'2026-06-22 08:22:28','2026-06-22 08:22:28'),(59,13,'2026-04',28000.00,28000.00,'PAGADA',NULL,'2026-06-22 08:22:28','2026-06-22 08:22:28'),(60,13,'2026-05',28000.00,28000.00,'PAGADA',NULL,'2026-06-22 08:22:28','2026-06-22 08:22:28'),(61,14,'2026-01',33000.00,33000.00,'PAGADA',NULL,'2026-06-22 08:22:28','2026-06-22 08:22:28'),(62,14,'2026-02',33000.00,33000.00,'PAGADA',NULL,'2026-06-22 08:22:28','2026-06-22 08:22:28'),(63,14,'2026-03',33000.00,33000.00,'PAGADA',NULL,'2026-06-22 08:22:28','2026-06-22 08:22:28'),(64,14,'2026-04',33000.00,33000.00,'PAGADA',NULL,'2026-06-22 08:22:28','2026-06-22 08:22:28'),(65,14,'2026-05',33000.00,33000.00,'PAGADA',NULL,'2026-06-22 08:22:28','2026-06-22 08:22:28'),(66,15,'2026-01',28000.00,28000.00,'PAGADA',NULL,'2026-06-22 08:22:28','2026-06-22 08:22:28'),(67,15,'2026-02',28000.00,28000.00,'PAGADA',NULL,'2026-06-22 08:22:28','2026-06-22 08:22:28'),(68,15,'2026-03',28000.00,28000.00,'PAGADA',NULL,'2026-06-22 08:22:28','2026-06-22 08:22:28'),(69,15,'2026-04',28000.00,28000.00,'PAGADA',NULL,'2026-06-22 08:22:28','2026-06-22 08:22:28'),(70,15,'2026-05',28000.00,28000.00,'PAGADA',NULL,'2026-06-22 08:22:28','2026-06-22 08:22:28'),(71,16,'2026-01',33000.00,33000.00,'PAGADA',NULL,'2026-06-22 08:22:28','2026-06-22 08:22:28'),(72,16,'2026-02',33000.00,33000.00,'PAGADA',NULL,'2026-06-22 08:22:28','2026-06-22 08:22:28'),(73,16,'2026-03',33000.00,33000.00,'PAGADA',NULL,'2026-06-22 08:22:28','2026-06-22 08:22:28'),(74,16,'2026-04',33000.00,33000.00,'PAGADA',NULL,'2026-06-22 08:22:28','2026-06-22 08:22:28'),(75,16,'2026-05',33000.00,33000.00,'PAGADA',NULL,'2026-06-22 08:22:28','2026-06-22 08:22:28'),(76,17,'2026-01',28000.00,28000.00,'PAGADA',NULL,'2026-06-22 08:22:28','2026-06-22 08:22:28'),(77,17,'2026-02',28000.00,28000.00,'PAGADA',NULL,'2026-06-22 08:22:28','2026-06-22 08:22:28'),(78,17,'2026-03',28000.00,28000.00,'PAGADA',NULL,'2026-06-22 08:22:28','2026-06-22 08:22:28'),(79,17,'2026-04',28000.00,28000.00,'PAGADA',NULL,'2026-06-22 08:22:28','2026-06-22 08:22:28'),(80,17,'2026-05',28000.00,28000.00,'PAGADA',NULL,'2026-06-22 08:22:28','2026-06-22 08:22:28'),(81,18,'2026-01',33000.00,33000.00,'PAGADA',NULL,'2026-06-22 08:22:28','2026-06-22 08:22:28'),(82,18,'2026-02',33000.00,33000.00,'PAGADA',NULL,'2026-06-22 08:22:28','2026-06-22 08:22:28'),(83,18,'2026-03',33000.00,33000.00,'PAGADA',NULL,'2026-06-22 08:22:28','2026-06-22 08:22:28'),(84,18,'2026-04',33000.00,33000.00,'PAGADA',NULL,'2026-06-22 08:22:28','2026-06-22 08:22:28'),(85,18,'2026-05',33000.00,33000.00,'PAGADA',NULL,'2026-06-22 08:22:28','2026-06-22 08:22:28'),(86,19,'2026-01',28000.00,28000.00,'PAGADA',NULL,'2026-06-22 08:22:28','2026-06-22 08:22:28'),(87,19,'2026-02',28000.00,28000.00,'PAGADA',NULL,'2026-06-22 08:22:28','2026-06-22 08:22:28'),(88,19,'2026-03',28000.00,28000.00,'PAGADA',NULL,'2026-06-22 08:22:28','2026-06-22 08:22:28'),(89,19,'2026-04',28000.00,28000.00,'PAGADA',NULL,'2026-06-22 08:22:28','2026-06-22 08:22:28'),(90,19,'2026-05',28000.00,28000.00,'PAGADA',NULL,'2026-06-22 08:22:28','2026-06-22 08:22:28'),(91,20,'2026-01',33000.00,33000.00,'PAGADA',NULL,'2026-06-22 08:22:28','2026-06-22 08:22:28'),(92,20,'2026-02',33000.00,33000.00,'PAGADA',NULL,'2026-06-22 08:22:28','2026-06-22 08:22:28'),(93,20,'2026-03',33000.00,33000.00,'PAGADA',NULL,'2026-06-22 08:22:28','2026-06-22 08:22:28'),(94,20,'2026-04',33000.00,33000.00,'PAGADA',NULL,'2026-06-22 08:22:28','2026-06-22 08:22:28'),(95,20,'2026-05',33000.00,33000.00,'PAGADA',NULL,'2026-06-22 08:22:28','2026-06-22 08:22:28'),(96,21,'2026-01',28000.00,28000.00,'PAGADA',NULL,'2026-06-22 08:22:28','2026-06-22 08:22:28'),(97,21,'2026-02',28000.00,28000.00,'PAGADA',NULL,'2026-06-22 08:22:28','2026-06-22 08:22:28'),(98,21,'2026-03',28000.00,28000.00,'PAGADA',NULL,'2026-06-22 08:22:28','2026-06-22 08:22:28'),(99,21,'2026-04',28000.00,28000.00,'PAGADA',NULL,'2026-06-22 08:22:28','2026-06-22 08:22:28'),(100,21,'2026-05',28000.00,28000.00,'PAGADA',NULL,'2026-06-22 08:22:28','2026-06-22 08:22:28'),(101,23,'2026-01',28000.00,28000.00,'PAGADA',NULL,'2026-06-22 08:22:28','2026-06-22 08:22:28'),(102,23,'2026-02',28000.00,28000.00,'PAGADA',NULL,'2026-06-22 08:22:28','2026-06-22 08:22:28'),(103,23,'2026-03',28000.00,28000.00,'PAGADA',NULL,'2026-06-22 08:22:28','2026-06-22 08:22:28'),(104,23,'2026-04',28000.00,28000.00,'PAGADA',NULL,'2026-06-22 08:22:28','2026-06-22 08:22:28'),(105,23,'2026-05',28000.00,0.00,'PENDIENTE',NULL,'2026-06-22 08:22:28','2026-06-22 08:22:28'),(106,24,'2026-01',33000.00,33000.00,'PAGADA',NULL,'2026-06-22 08:22:28','2026-06-22 08:22:28'),(107,24,'2026-02',33000.00,33000.00,'PAGADA',NULL,'2026-06-22 08:22:28','2026-06-22 08:22:28'),(108,24,'2026-03',33000.00,33000.00,'PAGADA',NULL,'2026-06-22 08:22:28','2026-06-22 08:22:28'),(109,24,'2026-04',33000.00,33000.00,'PAGADA',NULL,'2026-06-22 08:22:28','2026-06-22 08:22:28'),(110,24,'2026-05',33000.00,0.00,'PENDIENTE',NULL,'2026-06-22 08:22:28','2026-06-22 08:22:28'),(111,25,'2026-01',28000.00,28000.00,'PAGADA',NULL,'2026-06-22 08:22:28','2026-06-22 08:22:28'),(112,25,'2026-02',28000.00,28000.00,'PAGADA',NULL,'2026-06-22 08:22:28','2026-06-22 08:22:28'),(113,25,'2026-03',28000.00,28000.00,'PAGADA',NULL,'2026-06-22 08:22:28','2026-06-22 08:22:28'),(114,25,'2026-04',28000.00,28000.00,'PAGADA',NULL,'2026-06-22 08:22:28','2026-06-22 08:22:28'),(115,25,'2026-05',28000.00,0.00,'PENDIENTE',NULL,'2026-06-22 08:22:28','2026-06-22 08:22:28'),(116,26,'2026-01',33000.00,33000.00,'PAGADA',NULL,'2026-06-22 08:22:28','2026-06-22 08:22:28'),(117,26,'2026-02',33000.00,33000.00,'PAGADA',NULL,'2026-06-22 08:22:28','2026-06-22 08:22:28'),(118,26,'2026-03',33000.00,33000.00,'PAGADA',NULL,'2026-06-22 08:22:28','2026-06-22 08:22:28'),(119,26,'2026-04',33000.00,33000.00,'PAGADA',NULL,'2026-06-22 08:22:28','2026-06-22 08:22:28'),(120,26,'2026-05',33000.00,0.00,'PENDIENTE',NULL,'2026-06-22 08:22:28','2026-06-22 08:22:28'),(121,27,'2026-01',28000.00,28000.00,'PAGADA',NULL,'2026-06-22 08:22:28','2026-06-22 08:22:28'),(122,27,'2026-02',28000.00,28000.00,'PAGADA',NULL,'2026-06-22 08:22:28','2026-06-22 08:22:28'),(123,27,'2026-03',28000.00,28000.00,'PAGADA',NULL,'2026-06-22 08:22:28','2026-06-22 08:22:28'),(124,27,'2026-04',28000.00,28000.00,'PAGADA',NULL,'2026-06-22 08:22:28','2026-06-22 08:22:28'),(125,27,'2026-05',28000.00,0.00,'PENDIENTE',NULL,'2026-06-22 08:22:28','2026-06-22 08:22:28'),(126,28,'2026-01',33000.00,33000.00,'PAGADA',NULL,'2026-06-22 08:22:28','2026-06-22 08:22:28'),(127,28,'2026-02',33000.00,33000.00,'PAGADA',NULL,'2026-06-22 08:22:28','2026-06-22 08:22:28'),(128,28,'2026-03',33000.00,33000.00,'PAGADA',NULL,'2026-06-22 08:22:28','2026-06-22 08:22:28'),(129,28,'2026-04',33000.00,33000.00,'PAGADA',NULL,'2026-06-22 08:22:28','2026-06-22 08:22:28'),(130,28,'2026-05',33000.00,0.00,'PENDIENTE',NULL,'2026-06-22 08:22:28','2026-06-22 08:22:28'),(131,29,'2026-01',28000.00,28000.00,'PAGADA',NULL,'2026-06-22 08:22:28','2026-06-22 08:22:28'),(132,29,'2026-02',28000.00,28000.00,'PAGADA',NULL,'2026-06-22 08:22:28','2026-06-22 08:22:28'),(133,29,'2026-03',28000.00,28000.00,'PAGADA',NULL,'2026-06-22 08:22:28','2026-06-22 08:22:28'),(134,29,'2026-04',28000.00,28000.00,'PAGADA',NULL,'2026-06-22 08:22:28','2026-06-22 08:22:28'),(135,29,'2026-05',28000.00,0.00,'PENDIENTE',NULL,'2026-06-22 08:22:28','2026-06-22 08:22:28'),(136,30,'2026-01',33000.00,33000.00,'PAGADA',NULL,'2026-06-22 08:22:28','2026-06-22 08:22:28'),(137,30,'2026-02',33000.00,33000.00,'PAGADA',NULL,'2026-06-22 08:22:28','2026-06-22 08:22:28'),(138,30,'2026-03',33000.00,33000.00,'PAGADA',NULL,'2026-06-22 08:22:28','2026-06-22 08:22:28'),(139,30,'2026-04',33000.00,0.00,'PENDIENTE',NULL,'2026-06-22 08:22:28','2026-06-22 08:22:28'),(140,30,'2026-05',33000.00,0.00,'PENDIENTE',NULL,'2026-06-22 08:22:28','2026-06-22 08:22:28'),(141,31,'2026-01',28000.00,28000.00,'PAGADA',NULL,'2026-06-22 08:22:28','2026-06-22 08:22:28'),(142,31,'2026-02',28000.00,28000.00,'PAGADA',NULL,'2026-06-22 08:22:28','2026-06-22 08:22:28'),(143,31,'2026-03',28000.00,28000.00,'PAGADA',NULL,'2026-06-22 08:22:28','2026-06-22 08:22:28'),(144,31,'2026-04',28000.00,0.00,'PENDIENTE',NULL,'2026-06-22 08:22:28','2026-06-22 08:22:28'),(145,31,'2026-05',28000.00,0.00,'PENDIENTE',NULL,'2026-06-22 08:22:28','2026-06-22 08:22:28'),(146,32,'2026-01',33000.00,33000.00,'PAGADA',NULL,'2026-06-22 08:22:28','2026-06-22 08:22:28'),(147,32,'2026-02',33000.00,33000.00,'PAGADA',NULL,'2026-06-22 08:22:28','2026-06-22 08:22:28'),(148,32,'2026-03',33000.00,33000.00,'PAGADA',NULL,'2026-06-22 08:22:28','2026-06-22 08:22:28'),(149,32,'2026-04',33000.00,0.00,'PENDIENTE',NULL,'2026-06-22 08:22:28','2026-06-22 08:22:28'),(150,32,'2026-05',33000.00,0.00,'PENDIENTE',NULL,'2026-06-22 08:22:28','2026-06-22 08:22:28'),(151,33,'2026-01',28000.00,28000.00,'PAGADA',NULL,'2026-06-22 08:22:28','2026-06-22 08:22:28'),(152,33,'2026-02',28000.00,28000.00,'PAGADA',NULL,'2026-06-22 08:22:28','2026-06-22 08:22:28'),(153,33,'2026-03',28000.00,28000.00,'PAGADA',NULL,'2026-06-22 08:22:28','2026-06-22 08:22:28'),(154,33,'2026-04',28000.00,0.00,'PENDIENTE',NULL,'2026-06-22 08:22:28','2026-06-22 08:22:28'),(155,33,'2026-05',28000.00,0.00,'PENDIENTE',NULL,'2026-06-22 08:22:28','2026-06-22 08:22:28'),(156,34,'2026-01',33000.00,33000.00,'PAGADA',NULL,'2026-06-22 08:22:28','2026-06-22 08:22:28'),(157,34,'2026-02',33000.00,33000.00,'PAGADA',NULL,'2026-06-22 08:22:28','2026-06-22 08:22:28'),(158,34,'2026-03',33000.00,33000.00,'PAGADA',NULL,'2026-06-22 08:22:28','2026-06-22 08:22:28'),(159,34,'2026-04',33000.00,0.00,'PENDIENTE',NULL,'2026-06-22 08:22:28','2026-06-22 08:22:28'),(160,34,'2026-05',33000.00,0.00,'PENDIENTE',NULL,'2026-06-22 08:22:28','2026-06-22 08:22:28'),(161,35,'2026-01',28000.00,28000.00,'PAGADA',NULL,'2026-06-22 08:22:28','2026-06-22 08:22:28'),(162,35,'2026-02',28000.00,0.00,'PENDIENTE',NULL,'2026-06-22 08:22:28','2026-06-22 08:22:28'),(163,35,'2026-03',28000.00,0.00,'PENDIENTE',NULL,'2026-06-22 08:22:28','2026-06-22 08:22:28'),(164,35,'2026-04',28000.00,0.00,'PENDIENTE',NULL,'2026-06-22 08:22:28','2026-06-22 08:22:28'),(165,35,'2026-05',28000.00,0.00,'PENDIENTE',NULL,'2026-06-22 08:22:28','2026-06-22 08:22:28'),(166,36,'2026-01',33000.00,33000.00,'PAGADA',NULL,'2026-06-22 08:22:28','2026-06-22 08:22:28'),(167,36,'2026-02',33000.00,0.00,'PENDIENTE',NULL,'2026-06-22 08:22:28','2026-06-22 08:22:28'),(168,36,'2026-03',33000.00,0.00,'PENDIENTE',NULL,'2026-06-22 08:22:28','2026-06-22 08:22:28'),(169,36,'2026-04',33000.00,0.00,'PENDIENTE',NULL,'2026-06-22 08:22:28','2026-06-22 08:22:28'),(170,36,'2026-05',33000.00,0.00,'PENDIENTE',NULL,'2026-06-22 08:22:28','2026-06-22 08:22:28');
/*!40000 ALTER TABLE `deuda_cuotas` ENABLE KEYS */;
UNLOCK TABLES;

--
-- Table structure for table `failed_jobs`
--

DROP TABLE IF EXISTS `failed_jobs`;
/*!40101 SET @saved_cs_client     = @@character_set_client */;
/*!40101 SET character_set_client = utf8 */;
CREATE TABLE `failed_jobs` (
  `id` bigint(20) unsigned NOT NULL AUTO_INCREMENT,
  `uuid` varchar(255) NOT NULL,
  `connection` text NOT NULL,
  `queue` text NOT NULL,
  `payload` longtext NOT NULL,
  `exception` longtext NOT NULL,
  `failed_at` timestamp NOT NULL DEFAULT current_timestamp(),
  PRIMARY KEY (`id`),
  UNIQUE KEY `failed_jobs_uuid_unique` (`uuid`)
) ENGINE=InnoDB DEFAULT CHARSET=utf8mb4 COLLATE=utf8mb4_unicode_ci;
/*!40101 SET character_set_client = @saved_cs_client */;

--
-- Dumping data for table `failed_jobs`
--

LOCK TABLES `failed_jobs` WRITE;
/*!40000 ALTER TABLE `failed_jobs` DISABLE KEYS */;
/*!40000 ALTER TABLE `failed_jobs` ENABLE KEYS */;
UNLOCK TABLES;

--
-- Table structure for table `formas_pago`
--

DROP TABLE IF EXISTS `formas_pago`;
/*!40101 SET @saved_cs_client     = @@character_set_client */;
/*!40101 SET character_set_client = utf8 */;
CREATE TABLE `formas_pago` (
  `id` bigint(20) unsigned NOT NULL AUTO_INCREMENT,
  `nombre` varchar(255) NOT NULL,
  `activo` tinyint(1) NOT NULL DEFAULT 1,
  `created_at` timestamp NULL DEFAULT NULL,
  `updated_at` timestamp NULL DEFAULT NULL,
  PRIMARY KEY (`id`)
) ENGINE=InnoDB AUTO_INCREMENT=5 DEFAULT CHARSET=utf8mb4 COLLATE=utf8mb4_unicode_ci;
/*!40101 SET character_set_client = @saved_cs_client */;

--
-- Dumping data for table `formas_pago`
--

LOCK TABLES `formas_pago` WRITE;
/*!40000 ALTER TABLE `formas_pago` DISABLE KEYS */;
INSERT INTO `formas_pago` VALUES (1,'Efectivo',1,'2026-02-11 17:47:42','2026-02-11 17:47:42'),(2,'Débito',1,'2026-02-11 17:47:42','2026-02-11 17:47:42'),(3,'Crédito',1,'2026-02-11 17:47:42','2026-02-11 17:47:42'),(4,'Transferencia',1,'2026-02-11 17:47:42','2026-02-11 17:47:42');
/*!40000 ALTER TABLE `formas_pago` ENABLE KEYS */;
UNLOCK TABLES;

--
-- Table structure for table `grupo_planes`
--

DROP TABLE IF EXISTS `grupo_planes`;
/*!40101 SET @saved_cs_client     = @@character_set_client */;
/*!40101 SET character_set_client = utf8 */;
CREATE TABLE `grupo_planes` (
  `id` bigint(20) unsigned NOT NULL AUTO_INCREMENT,
  `grupo_id` bigint(20) unsigned NOT NULL,
  `clases_por_semana` int(10) unsigned NOT NULL,
  `precio_mensual` decimal(10,2) unsigned NOT NULL,
  `activo` tinyint(1) NOT NULL DEFAULT 1,
  `created_at` timestamp NULL DEFAULT NULL,
  `updated_at` timestamp NULL DEFAULT NULL,
  PRIMARY KEY (`id`),
  UNIQUE KEY `unique_grupo_clases_activo` (`grupo_id`,`clases_por_semana`,`activo`),
  CONSTRAINT `grupo_planes_grupo_id_foreign` FOREIGN KEY (`grupo_id`) REFERENCES `grupos` (`id`) ON DELETE CASCADE
) ENGINE=InnoDB AUTO_INCREMENT=11 DEFAULT CHARSET=utf8mb4 COLLATE=utf8mb4_unicode_ci;
/*!40101 SET character_set_client = @saved_cs_client */;

--
-- Dumping data for table `grupo_planes`
--

LOCK TABLES `grupo_planes` WRITE;
/*!40000 ALTER TABLE `grupo_planes` DISABLE KEYS */;
INSERT INTO `grupo_planes` VALUES (1,1,1,25000.00,1,'2026-06-22 08:22:30','2026-06-22 08:22:30'),(2,1,2,30000.00,1,'2026-06-22 08:22:30','2026-06-22 08:22:30'),(3,2,1,25000.00,1,'2026-06-22 08:22:30','2026-06-22 08:22:30'),(4,2,2,30000.00,1,'2026-06-22 08:22:30','2026-06-22 08:22:30'),(5,3,1,28000.00,1,'2026-06-22 08:22:30','2026-06-22 08:22:30'),(6,3,2,33000.00,1,'2026-06-22 08:22:30','2026-06-22 08:22:30'),(7,4,1,28000.00,1,'2026-06-22 08:22:30','2026-06-22 08:22:30'),(8,4,2,33000.00,1,'2026-06-22 08:22:30','2026-06-22 08:22:30'),(9,5,1,28000.00,1,'2026-06-22 08:22:30','2026-06-22 08:22:30'),(10,5,2,33000.00,1,'2026-06-22 08:22:30','2026-06-22 08:22:30');
/*!40000 ALTER TABLE `grupo_planes` ENABLE KEYS */;
UNLOCK TABLES;

--
-- Table structure for table `grupos`
--

DROP TABLE IF EXISTS `grupos`;
/*!40101 SET @saved_cs_client     = @@character_set_client */;
/*!40101 SET character_set_client = utf8 */;
CREATE TABLE `grupos` (
  `id` bigint(20) unsigned NOT NULL AUTO_INCREMENT,
  `deporte_id` bigint(20) unsigned NOT NULL,
  `nivel_id` bigint(20) unsigned NOT NULL,
  `activo` tinyint(1) NOT NULL DEFAULT 1,
  `created_at` timestamp NULL DEFAULT NULL,
  `updated_at` timestamp NULL DEFAULT NULL,
  PRIMARY KEY (`id`),
  UNIQUE KEY `grupos_deporte_nivel_unique` (`deporte_id`,`nivel_id`),
  KEY `grupos_deporte_id_foreign` (`deporte_id`),
  KEY `grupos_nivel_id_foreign` (`nivel_id`),
  CONSTRAINT `grupos_deporte_id_foreign` FOREIGN KEY (`deporte_id`) REFERENCES `deportes` (`id`) ON DELETE CASCADE,
  CONSTRAINT `grupos_nivel_id_foreign` FOREIGN KEY (`nivel_id`) REFERENCES `niveles` (`id`)
) ENGINE=InnoDB AUTO_INCREMENT=6 DEFAULT CHARSET=utf8mb4 COLLATE=utf8mb4_unicode_ci;
/*!40101 SET character_set_client = @saved_cs_client */;

--
-- Dumping data for table `grupos`
--

LOCK TABLES `grupos` WRITE;
/*!40000 ALTER TABLE `grupos` DISABLE KEYS */;
INSERT INTO `grupos` VALUES (1,2,1,1,'2026-06-22 08:22:29','2026-06-22 08:22:29'),(2,2,3,1,'2026-06-22 08:22:29','2026-06-22 08:22:29'),(3,1,1,1,'2026-06-22 08:22:29','2026-06-22 08:22:29'),(4,1,2,1,'2026-06-22 08:22:29','2026-06-22 08:22:29'),(5,1,3,1,'2026-06-22 08:22:29','2026-06-22 08:22:29');
/*!40000 ALTER TABLE `grupos` ENABLE KEYS */;
UNLOCK TABLES;

--
-- Table structure for table `job_batches`
--

DROP TABLE IF EXISTS `job_batches`;
/*!40101 SET @saved_cs_client     = @@character_set_client */;
/*!40101 SET character_set_client = utf8 */;
CREATE TABLE `job_batches` (
  `id` varchar(255) NOT NULL,
  `name` varchar(255) NOT NULL,
  `total_jobs` int(11) NOT NULL,
  `pending_jobs` int(11) NOT NULL,
  `failed_jobs` int(11) NOT NULL,
  `failed_job_ids` longtext NOT NULL,
  `options` mediumtext DEFAULT NULL,
  `cancelled_at` int(11) DEFAULT NULL,
  `created_at` int(11) NOT NULL,
  `finished_at` int(11) DEFAULT NULL,
  PRIMARY KEY (`id`)
) ENGINE=InnoDB DEFAULT CHARSET=utf8mb4 COLLATE=utf8mb4_unicode_ci;
/*!40101 SET character_set_client = @saved_cs_client */;

--
-- Dumping data for table `job_batches`
--

LOCK TABLES `job_batches` WRITE;
/*!40000 ALTER TABLE `job_batches` DISABLE KEYS */;
/*!40000 ALTER TABLE `job_batches` ENABLE KEYS */;
UNLOCK TABLES;

--
-- Table structure for table `jobs`
--

DROP TABLE IF EXISTS `jobs`;
/*!40101 SET @saved_cs_client     = @@character_set_client */;
/*!40101 SET character_set_client = utf8 */;
CREATE TABLE `jobs` (
  `id` bigint(20) unsigned NOT NULL AUTO_INCREMENT,
  `queue` varchar(255) NOT NULL,
  `payload` longtext NOT NULL,
  `attempts` tinyint(3) unsigned NOT NULL,
  `reserved_at` int(10) unsigned DEFAULT NULL,
  `available_at` int(10) unsigned NOT NULL,
  `created_at` int(10) unsigned NOT NULL,
  PRIMARY KEY (`id`),
  KEY `jobs_queue_index` (`queue`)
) ENGINE=InnoDB DEFAULT CHARSET=utf8mb4 COLLATE=utf8mb4_unicode_ci;
/*!40101 SET character_set_client = @saved_cs_client */;

--
-- Dumping data for table `jobs`
--

LOCK TABLES `jobs` WRITE;
/*!40000 ALTER TABLE `jobs` DISABLE KEYS */;
/*!40000 ALTER TABLE `jobs` ENABLE KEYS */;
UNLOCK TABLES;

--
-- Table structure for table `liquidacion_detalles`
--

DROP TABLE IF EXISTS `liquidacion_detalles`;
/*!40101 SET @saved_cs_client     = @@character_set_client */;
/*!40101 SET character_set_client = utf8 */;
CREATE TABLE `liquidacion_detalles` (
  `id` bigint(20) unsigned NOT NULL AUTO_INCREMENT,
  `liquidacion_id` bigint(20) unsigned NOT NULL,
  `tipo_referencia` varchar(20) NOT NULL,
  `referencia_id` bigint(20) unsigned NOT NULL,
  `monto` decimal(10,2) NOT NULL,
  `descripcion` varchar(255) DEFAULT NULL,
  `created_at` timestamp NULL DEFAULT NULL,
  `updated_at` timestamp NULL DEFAULT NULL,
  PRIMARY KEY (`id`),
  KEY `liquidacion_detalles_liquidacion_id_index` (`liquidacion_id`),
  KEY `liquidacion_detalles_tipo_referencia_referencia_id_index` (`tipo_referencia`,`referencia_id`),
  CONSTRAINT `liquidacion_detalles_liquidacion_id_foreign` FOREIGN KEY (`liquidacion_id`) REFERENCES `liquidaciones` (`id`) ON DELETE CASCADE
) ENGINE=InnoDB AUTO_INCREMENT=166 DEFAULT CHARSET=utf8mb4 COLLATE=utf8mb4_unicode_ci;
/*!40101 SET character_set_client = @saved_cs_client */;

--
-- Dumping data for table `liquidacion_detalles`
--

LOCK TABLES `liquidacion_detalles` WRITE;
/*!40000 ALTER TABLE `liquidacion_detalles` DISABLE KEYS */;
INSERT INTO `liquidacion_detalles` VALUES (1,1,'clase',177,10000.00,'Clase 2026-03-02','2026-06-22 08:22:28','2026-06-22 08:22:28'),(2,1,'clase',199,10000.00,'Clase 2026-03-09','2026-06-22 08:22:28','2026-06-22 08:22:28'),(3,1,'clase',221,10000.00,'Clase 2026-03-16','2026-06-22 08:22:28','2026-06-22 08:22:28'),(4,1,'clase',243,10000.00,'Clase 2026-03-23','2026-06-22 08:22:28','2026-06-22 08:22:28'),(5,1,'clase',265,10000.00,'Clase 2026-03-30','2026-06-22 08:22:28','2026-06-22 08:22:28'),(6,1,'clase',186,10000.00,'Clase 2026-03-04','2026-06-22 08:22:28','2026-06-22 08:22:28'),(7,1,'clase',208,10000.00,'Clase 2026-03-11','2026-06-22 08:22:28','2026-06-22 08:22:28'),(8,1,'clase',230,10000.00,'Clase 2026-03-18','2026-06-22 08:22:28','2026-06-22 08:22:28'),(9,1,'clase',252,10000.00,'Clase 2026-03-25','2026-06-22 08:22:28','2026-06-22 08:22:28'),(10,1,'clase',197,10000.00,'Clase 2026-03-07','2026-06-22 08:22:28','2026-06-22 08:22:28'),(11,1,'clase',219,10000.00,'Clase 2026-03-14','2026-06-22 08:22:28','2026-06-22 08:22:28'),(12,1,'clase',241,10000.00,'Clase 2026-03-21','2026-06-22 08:22:28','2026-06-22 08:22:28'),(13,1,'clase',263,10000.00,'Clase 2026-03-28','2026-06-22 08:22:28','2026-06-22 08:22:28'),(14,1,'clase',193,10000.00,'Clase 2026-03-06','2026-06-22 08:22:28','2026-06-22 08:22:28'),(15,1,'clase',215,10000.00,'Clase 2026-03-13','2026-06-22 08:22:28','2026-06-22 08:22:28'),(16,1,'clase',237,10000.00,'Clase 2026-03-20','2026-06-22 08:22:28','2026-06-22 08:22:28'),(17,1,'clase',259,10000.00,'Clase 2026-03-27','2026-06-22 08:22:28','2026-06-22 08:22:28'),(18,2,'clase',178,10000.00,'Clase 2026-03-02','2026-06-22 08:22:28','2026-06-22 08:22:28'),(19,2,'clase',200,10000.00,'Clase 2026-03-09','2026-06-22 08:22:28','2026-06-22 08:22:28'),(20,2,'clase',222,10000.00,'Clase 2026-03-16','2026-06-22 08:22:28','2026-06-22 08:22:28'),(21,2,'clase',244,10000.00,'Clase 2026-03-23','2026-06-22 08:22:28','2026-06-22 08:22:28'),(22,2,'clase',266,10000.00,'Clase 2026-03-30','2026-06-22 08:22:28','2026-06-22 08:22:28'),(23,2,'clase',183,10000.00,'Clase 2026-03-03','2026-06-22 08:22:28','2026-06-22 08:22:28'),(24,2,'clase',205,10000.00,'Clase 2026-03-10','2026-06-22 08:22:28','2026-06-22 08:22:28'),(25,2,'clase',227,10000.00,'Clase 2026-03-17','2026-06-22 08:22:28','2026-06-22 08:22:28'),(26,2,'clase',249,10000.00,'Clase 2026-03-24','2026-06-22 08:22:28','2026-06-22 08:22:28'),(27,2,'clase',271,10000.00,'Clase 2026-03-31','2026-06-22 08:22:28','2026-06-22 08:22:28'),(28,2,'clase',189,10000.00,'Clase 2026-03-04','2026-06-22 08:22:28','2026-06-22 08:22:28'),(29,2,'clase',211,10000.00,'Clase 2026-03-11','2026-06-22 08:22:28','2026-06-22 08:22:28'),(30,2,'clase',233,10000.00,'Clase 2026-03-18','2026-06-22 08:22:28','2026-06-22 08:22:28'),(31,2,'clase',255,10000.00,'Clase 2026-03-25','2026-06-22 08:22:28','2026-06-22 08:22:28'),(32,2,'clase',196,10000.00,'Clase 2026-03-06','2026-06-22 08:22:28','2026-06-22 08:22:28'),(33,2,'clase',218,10000.00,'Clase 2026-03-13','2026-06-22 08:22:28','2026-06-22 08:22:28'),(34,2,'clase',240,10000.00,'Clase 2026-03-20','2026-06-22 08:22:28','2026-06-22 08:22:28'),(35,2,'clase',262,10000.00,'Clase 2026-03-27','2026-06-22 08:22:28','2026-06-22 08:22:28'),(36,3,'clase',179,10000.00,'Clase 2026-03-02','2026-06-22 08:22:28','2026-06-22 08:22:28'),(37,3,'clase',201,10000.00,'Clase 2026-03-09','2026-06-22 08:22:28','2026-06-22 08:22:28'),(38,3,'clase',223,10000.00,'Clase 2026-03-16','2026-06-22 08:22:28','2026-06-22 08:22:28'),(39,3,'clase',245,10000.00,'Clase 2026-03-23','2026-06-22 08:22:28','2026-06-22 08:22:28'),(40,3,'clase',267,10000.00,'Clase 2026-03-30','2026-06-22 08:22:28','2026-06-22 08:22:28'),(41,3,'clase',188,10000.00,'Clase 2026-03-04','2026-06-22 08:22:28','2026-06-22 08:22:28'),(42,3,'clase',210,10000.00,'Clase 2026-03-11','2026-06-22 08:22:28','2026-06-22 08:22:28'),(43,3,'clase',232,10000.00,'Clase 2026-03-18','2026-06-22 08:22:28','2026-06-22 08:22:28'),(44,3,'clase',254,10000.00,'Clase 2026-03-25','2026-06-22 08:22:28','2026-06-22 08:22:28'),(45,3,'clase',194,10000.00,'Clase 2026-03-06','2026-06-22 08:22:28','2026-06-22 08:22:28'),(46,3,'clase',216,10000.00,'Clase 2026-03-13','2026-06-22 08:22:28','2026-06-22 08:22:28'),(47,3,'clase',238,10000.00,'Clase 2026-03-20','2026-06-22 08:22:28','2026-06-22 08:22:28'),(48,3,'clase',260,10000.00,'Clase 2026-03-27','2026-06-22 08:22:28','2026-06-22 08:22:28'),(49,3,'clase',198,10000.00,'Clase 2026-03-07','2026-06-22 08:22:28','2026-06-22 08:22:28'),(50,3,'clase',220,10000.00,'Clase 2026-03-14','2026-06-22 08:22:28','2026-06-22 08:22:28'),(51,3,'clase',242,10000.00,'Clase 2026-03-21','2026-06-22 08:22:28','2026-06-22 08:22:28'),(52,3,'clase',264,10000.00,'Clase 2026-03-28','2026-06-22 08:22:28','2026-06-22 08:22:28'),(53,4,'clase',185,10000.00,'Clase 2026-03-03','2026-06-22 08:22:28','2026-06-22 08:22:28'),(54,4,'clase',207,10000.00,'Clase 2026-03-10','2026-06-22 08:22:28','2026-06-22 08:22:28'),(55,4,'clase',229,10000.00,'Clase 2026-03-17','2026-06-22 08:22:28','2026-06-22 08:22:28'),(56,4,'clase',251,10000.00,'Clase 2026-03-24','2026-06-22 08:22:28','2026-06-22 08:22:28'),(57,4,'clase',273,10000.00,'Clase 2026-03-31','2026-06-22 08:22:28','2026-06-22 08:22:28'),(58,4,'clase',191,10000.00,'Clase 2026-03-05','2026-06-22 08:22:28','2026-06-22 08:22:28'),(59,4,'clase',213,10000.00,'Clase 2026-03-12','2026-06-22 08:22:28','2026-06-22 08:22:28'),(60,4,'clase',235,10000.00,'Clase 2026-03-19','2026-06-22 08:22:28','2026-06-22 08:22:28'),(61,4,'clase',257,10000.00,'Clase 2026-03-26','2026-06-22 08:22:28','2026-06-22 08:22:28'),(62,5,'alumno',1,7500.00,'Comisión alumno #1','2026-06-22 08:22:28','2026-06-22 08:22:28'),(63,5,'alumno',2,9000.00,'Comisión alumno #2','2026-06-22 08:22:28','2026-06-22 08:22:28'),(64,5,'alumno',3,7500.00,'Comisión alumno #3','2026-06-22 08:22:28','2026-06-22 08:22:28'),(65,5,'alumno',4,9000.00,'Comisión alumno #4','2026-06-22 08:22:28','2026-06-22 08:22:28'),(66,5,'alumno',5,7500.00,'Comisión alumno #5','2026-06-22 08:22:28','2026-06-22 08:22:28'),(67,5,'alumno',6,9000.00,'Comisión alumno #6','2026-06-22 08:22:28','2026-06-22 08:22:28'),(68,5,'alumno',7,7500.00,'Comisión alumno #7','2026-06-22 08:22:28','2026-06-22 08:22:28'),(69,5,'alumno',8,9000.00,'Comisión alumno #8','2026-06-22 08:22:28','2026-06-22 08:22:28'),(70,5,'alumno',9,7500.00,'Comisión alumno #9','2026-06-22 08:22:28','2026-06-22 08:22:28'),(71,5,'alumno',10,9000.00,'Comisión alumno #10','2026-06-22 08:22:28','2026-06-22 08:22:28'),(72,5,'alumno',11,7500.00,'Comisión alumno #11','2026-06-22 08:22:28','2026-06-22 08:22:28'),(73,6,'alumno',1,7500.00,'Comisión alumno #1','2026-06-22 08:22:28','2026-06-22 08:22:28'),(74,6,'alumno',2,9000.00,'Comisión alumno #2','2026-06-22 08:22:28','2026-06-22 08:22:28'),(75,6,'alumno',3,7500.00,'Comisión alumno #3','2026-06-22 08:22:28','2026-06-22 08:22:28'),(76,6,'alumno',4,9000.00,'Comisión alumno #4','2026-06-22 08:22:28','2026-06-22 08:22:28'),(77,6,'alumno',5,7500.00,'Comisión alumno #5','2026-06-22 08:22:28','2026-06-22 08:22:28'),(78,6,'alumno',6,9000.00,'Comisión alumno #6','2026-06-22 08:22:28','2026-06-22 08:22:28'),(79,6,'alumno',7,7500.00,'Comisión alumno #7','2026-06-22 08:22:28','2026-06-22 08:22:28'),(80,6,'alumno',8,9000.00,'Comisión alumno #8','2026-06-22 08:22:28','2026-06-22 08:22:28'),(81,6,'alumno',9,7500.00,'Comisión alumno #9','2026-06-22 08:22:28','2026-06-22 08:22:28'),(82,6,'alumno',10,9000.00,'Comisión alumno #10','2026-06-22 08:22:28','2026-06-22 08:22:28'),(83,6,'alumno',11,7500.00,'Comisión alumno #11','2026-06-22 08:22:28','2026-06-22 08:22:28'),(84,7,'clase',287,10000.00,'Clase 2026-04-06','2026-06-22 08:22:28','2026-06-22 08:22:28'),(85,7,'clase',309,10000.00,'Clase 2026-04-13','2026-06-22 08:22:28','2026-06-22 08:22:28'),(86,7,'clase',331,10000.00,'Clase 2026-04-20','2026-06-22 08:22:28','2026-06-22 08:22:28'),(87,7,'clase',353,10000.00,'Clase 2026-04-27','2026-06-22 08:22:28','2026-06-22 08:22:28'),(88,7,'clase',274,10000.00,'Clase 2026-04-01','2026-06-22 08:22:28','2026-06-22 08:22:28'),(89,7,'clase',296,10000.00,'Clase 2026-04-08','2026-06-22 08:22:28','2026-06-22 08:22:28'),(90,7,'clase',318,10000.00,'Clase 2026-04-15','2026-06-22 08:22:28','2026-06-22 08:22:28'),(91,7,'clase',340,10000.00,'Clase 2026-04-22','2026-06-22 08:22:28','2026-06-22 08:22:28'),(92,7,'clase',362,10000.00,'Clase 2026-04-29','2026-06-22 08:22:28','2026-06-22 08:22:28'),(93,7,'clase',285,10000.00,'Clase 2026-04-04','2026-06-22 08:22:28','2026-06-22 08:22:28'),(94,7,'clase',307,10000.00,'Clase 2026-04-11','2026-06-22 08:22:28','2026-06-22 08:22:28'),(95,7,'clase',329,10000.00,'Clase 2026-04-18','2026-06-22 08:22:28','2026-06-22 08:22:28'),(96,7,'clase',351,10000.00,'Clase 2026-04-25','2026-06-22 08:22:28','2026-06-22 08:22:28'),(97,7,'clase',281,10000.00,'Clase 2026-04-03','2026-06-22 08:22:28','2026-06-22 08:22:28'),(98,7,'clase',303,10000.00,'Clase 2026-04-10','2026-06-22 08:22:28','2026-06-22 08:22:28'),(99,7,'clase',325,10000.00,'Clase 2026-04-17','2026-06-22 08:22:28','2026-06-22 08:22:28'),(100,7,'clase',347,10000.00,'Clase 2026-04-24','2026-06-22 08:22:28','2026-06-22 08:22:28'),(101,8,'clase',288,10000.00,'Clase 2026-04-06','2026-06-22 08:22:28','2026-06-22 08:22:28'),(102,8,'clase',310,10000.00,'Clase 2026-04-13','2026-06-22 08:22:28','2026-06-22 08:22:28'),(103,8,'clase',332,10000.00,'Clase 2026-04-20','2026-06-22 08:22:28','2026-06-22 08:22:28'),(104,8,'clase',354,10000.00,'Clase 2026-04-27','2026-06-22 08:22:28','2026-06-22 08:22:28'),(105,8,'clase',293,10000.00,'Clase 2026-04-07','2026-06-22 08:22:28','2026-06-22 08:22:28'),(106,8,'clase',315,10000.00,'Clase 2026-04-14','2026-06-22 08:22:28','2026-06-22 08:22:28'),(107,8,'clase',337,10000.00,'Clase 2026-04-21','2026-06-22 08:22:28','2026-06-22 08:22:28'),(108,8,'clase',359,10000.00,'Clase 2026-04-28','2026-06-22 08:22:28','2026-06-22 08:22:28'),(109,8,'clase',277,10000.00,'Clase 2026-04-01','2026-06-22 08:22:28','2026-06-22 08:22:28'),(110,8,'clase',299,10000.00,'Clase 2026-04-08','2026-06-22 08:22:28','2026-06-22 08:22:28'),(111,8,'clase',321,10000.00,'Clase 2026-04-15','2026-06-22 08:22:28','2026-06-22 08:22:28'),(112,8,'clase',343,10000.00,'Clase 2026-04-22','2026-06-22 08:22:28','2026-06-22 08:22:28'),(113,8,'clase',365,10000.00,'Clase 2026-04-29','2026-06-22 08:22:28','2026-06-22 08:22:28'),(114,8,'clase',284,10000.00,'Clase 2026-04-03','2026-06-22 08:22:28','2026-06-22 08:22:28'),(115,8,'clase',306,10000.00,'Clase 2026-04-10','2026-06-22 08:22:28','2026-06-22 08:22:28'),(116,8,'clase',328,10000.00,'Clase 2026-04-17','2026-06-22 08:22:28','2026-06-22 08:22:28'),(117,8,'clase',350,10000.00,'Clase 2026-04-24','2026-06-22 08:22:28','2026-06-22 08:22:28'),(118,9,'clase',289,10000.00,'Clase 2026-04-06','2026-06-22 08:22:28','2026-06-22 08:22:28'),(119,9,'clase',311,10000.00,'Clase 2026-04-13','2026-06-22 08:22:28','2026-06-22 08:22:28'),(120,9,'clase',333,10000.00,'Clase 2026-04-20','2026-06-22 08:22:28','2026-06-22 08:22:28'),(121,9,'clase',355,10000.00,'Clase 2026-04-27','2026-06-22 08:22:28','2026-06-22 08:22:28'),(122,9,'clase',276,10000.00,'Clase 2026-04-01','2026-06-22 08:22:28','2026-06-22 08:22:28'),(123,9,'clase',298,10000.00,'Clase 2026-04-08','2026-06-22 08:22:28','2026-06-22 08:22:28'),(124,9,'clase',320,10000.00,'Clase 2026-04-15','2026-06-22 08:22:28','2026-06-22 08:22:28'),(125,9,'clase',342,10000.00,'Clase 2026-04-22','2026-06-22 08:22:28','2026-06-22 08:22:28'),(126,9,'clase',364,10000.00,'Clase 2026-04-29','2026-06-22 08:22:28','2026-06-22 08:22:28'),(127,9,'clase',282,10000.00,'Clase 2026-04-03','2026-06-22 08:22:28','2026-06-22 08:22:28'),(128,9,'clase',304,10000.00,'Clase 2026-04-10','2026-06-22 08:22:28','2026-06-22 08:22:28'),(129,9,'clase',326,10000.00,'Clase 2026-04-17','2026-06-22 08:22:28','2026-06-22 08:22:28'),(130,9,'clase',348,10000.00,'Clase 2026-04-24','2026-06-22 08:22:28','2026-06-22 08:22:28'),(131,9,'clase',286,10000.00,'Clase 2026-04-04','2026-06-22 08:22:28','2026-06-22 08:22:28'),(132,9,'clase',308,10000.00,'Clase 2026-04-11','2026-06-22 08:22:28','2026-06-22 08:22:28'),(133,9,'clase',330,10000.00,'Clase 2026-04-18','2026-06-22 08:22:28','2026-06-22 08:22:28'),(134,9,'clase',352,10000.00,'Clase 2026-04-25','2026-06-22 08:22:28','2026-06-22 08:22:28'),(135,10,'clase',295,10000.00,'Clase 2026-04-07','2026-06-22 08:22:28','2026-06-22 08:22:28'),(136,10,'clase',317,10000.00,'Clase 2026-04-14','2026-06-22 08:22:28','2026-06-22 08:22:28'),(137,10,'clase',339,10000.00,'Clase 2026-04-21','2026-06-22 08:22:28','2026-06-22 08:22:28'),(138,10,'clase',361,10000.00,'Clase 2026-04-28','2026-06-22 08:22:28','2026-06-22 08:22:28'),(139,10,'clase',279,10000.00,'Clase 2026-04-02','2026-06-22 08:22:28','2026-06-22 08:22:28'),(140,10,'clase',301,10000.00,'Clase 2026-04-09','2026-06-22 08:22:28','2026-06-22 08:22:28'),(141,10,'clase',323,10000.00,'Clase 2026-04-16','2026-06-22 08:22:28','2026-06-22 08:22:28'),(142,10,'clase',345,10000.00,'Clase 2026-04-23','2026-06-22 08:22:28','2026-06-22 08:22:28'),(143,10,'clase',367,10000.00,'Clase 2026-04-30','2026-06-22 08:22:28','2026-06-22 08:22:28'),(144,11,'alumno',1,7500.00,'Comisión alumno #1','2026-06-22 08:22:28','2026-06-22 08:22:28'),(145,11,'alumno',2,9000.00,'Comisión alumno #2','2026-06-22 08:22:28','2026-06-22 08:22:28'),(146,11,'alumno',3,7500.00,'Comisión alumno #3','2026-06-22 08:22:28','2026-06-22 08:22:28'),(147,11,'alumno',4,9000.00,'Comisión alumno #4','2026-06-22 08:22:28','2026-06-22 08:22:28'),(148,11,'alumno',5,7500.00,'Comisión alumno #5','2026-06-22 08:22:28','2026-06-22 08:22:28'),(149,11,'alumno',6,9000.00,'Comisión alumno #6','2026-06-22 08:22:28','2026-06-22 08:22:28'),(150,11,'alumno',7,7500.00,'Comisión alumno #7','2026-06-22 08:22:28','2026-06-22 08:22:28'),(151,11,'alumno',8,9000.00,'Comisión alumno #8','2026-06-22 08:22:28','2026-06-22 08:22:28'),(152,11,'alumno',9,7500.00,'Comisión alumno #9','2026-06-22 08:22:28','2026-06-22 08:22:28'),(153,11,'alumno',10,9000.00,'Comisión alumno #10','2026-06-22 08:22:28','2026-06-22 08:22:28'),(154,11,'alumno',11,7500.00,'Comisión alumno #11','2026-06-22 08:22:28','2026-06-22 08:22:28'),(155,12,'alumno',1,7500.00,'Comisión alumno #1','2026-06-22 08:22:28','2026-06-22 08:22:28'),(156,12,'alumno',2,9000.00,'Comisión alumno #2','2026-06-22 08:22:28','2026-06-22 08:22:28'),(157,12,'alumno',3,7500.00,'Comisión alumno #3','2026-06-22 08:22:28','2026-06-22 08:22:28'),(158,12,'alumno',4,9000.00,'Comisión alumno #4','2026-06-22 08:22:28','2026-06-22 08:22:28'),(159,12,'alumno',5,7500.00,'Comisión alumno #5','2026-06-22 08:22:28','2026-06-22 08:22:28'),(160,12,'alumno',6,9000.00,'Comisión alumno #6','2026-06-22 08:22:28','2026-06-22 08:22:28'),(161,12,'alumno',7,7500.00,'Comisión alumno #7','2026-06-22 08:22:28','2026-06-22 08:22:28'),(162,12,'alumno',8,9000.00,'Comisión alumno #8','2026-06-22 08:22:28','2026-06-22 08:22:28'),(163,12,'alumno',9,7500.00,'Comisión alumno #9','2026-06-22 08:22:28','2026-06-22 08:22:28'),(164,12,'alumno',10,9000.00,'Comisión alumno #10','2026-06-22 08:22:28','2026-06-22 08:22:28'),(165,12,'alumno',11,7500.00,'Comisión alumno #11','2026-06-22 08:22:28','2026-06-22 08:22:28');
/*!40000 ALTER TABLE `liquidacion_detalles` ENABLE KEYS */;
UNLOCK TABLES;

--
-- Table structure for table `liquidaciones`
--

DROP TABLE IF EXISTS `liquidaciones`;
/*!40101 SET @saved_cs_client     = @@character_set_client */;
/*!40101 SET character_set_client = utf8 */;
CREATE TABLE `liquidaciones` (
  `id` bigint(20) unsigned NOT NULL AUTO_INCREMENT,
  `profesor_id` bigint(20) unsigned NOT NULL,
  `mes` tinyint(3) unsigned NOT NULL,
  `anio` smallint(5) unsigned NOT NULL,
  `tipo` enum('HORA','COMISION') NOT NULL,
  `total_calculado` decimal(12,2) NOT NULL DEFAULT 0.00,
  `estado` enum('ABIERTA','CERRADA') NOT NULL DEFAULT 'ABIERTA',
  `estado_pago` enum('PENDIENTE','PAGADA') NOT NULL DEFAULT 'PENDIENTE',
  `pagada_at` datetime DEFAULT NULL,
  `created_at` timestamp NULL DEFAULT NULL,
  `updated_at` timestamp NULL DEFAULT NULL,
  `pagada_por_admin_id` bigint(20) unsigned DEFAULT NULL,
  `pagada_fecha` date DEFAULT NULL,
  `pagada_tipo_caja_id` bigint(20) unsigned DEFAULT NULL,
  `pagada_subrubro_id` bigint(20) unsigned DEFAULT NULL,
  PRIMARY KEY (`id`),
  UNIQUE KEY `liquidaciones_profesor_id_mes_anio_unique` (`profesor_id`,`mes`,`anio`),
  KEY `liquidaciones_mes_anio_index` (`mes`,`anio`),
  KEY `liquidaciones_estado_index` (`estado`),
  KEY `liquidaciones_pagada_por_admin_id_foreign` (`pagada_por_admin_id`),
  KEY `liquidaciones_pagada_tipo_caja_id_foreign` (`pagada_tipo_caja_id`),
  KEY `liquidaciones_pagada_subrubro_id_foreign` (`pagada_subrubro_id`),
  CONSTRAINT `liquidaciones_pagada_por_admin_id_foreign` FOREIGN KEY (`pagada_por_admin_id`) REFERENCES `users` (`id`),
  CONSTRAINT `liquidaciones_pagada_subrubro_id_foreign` FOREIGN KEY (`pagada_subrubro_id`) REFERENCES `subrubros` (`id`),
  CONSTRAINT `liquidaciones_pagada_tipo_caja_id_foreign` FOREIGN KEY (`pagada_tipo_caja_id`) REFERENCES `tipos_caja` (`id`),
  CONSTRAINT `liquidaciones_profesor_id_foreign` FOREIGN KEY (`profesor_id`) REFERENCES `profesores` (`id`)
) ENGINE=InnoDB AUTO_INCREMENT=13 DEFAULT CHARSET=utf8mb4 COLLATE=utf8mb4_unicode_ci;
/*!40101 SET character_set_client = @saved_cs_client */;

--
-- Dumping data for table `liquidaciones`
--

LOCK TABLES `liquidaciones` WRITE;
/*!40000 ALTER TABLE `liquidaciones` DISABLE KEYS */;
INSERT INTO `liquidaciones` VALUES (1,1,3,2026,'HORA',170000.00,'CERRADA','PAGADA','2026-04-10 00:00:00','2026-06-22 08:22:38','2026-06-22 08:22:38',1,'2026-04-10',1,NULL),(2,2,3,2026,'HORA',180000.00,'CERRADA','PAGADA','2026-04-10 00:00:00','2026-06-22 08:22:38','2026-06-22 08:22:38',1,'2026-04-10',1,NULL),(3,3,3,2026,'HORA',170000.00,'CERRADA','PAGADA','2026-04-10 00:00:00','2026-06-22 08:22:38','2026-06-22 08:22:38',1,'2026-04-10',1,NULL),(4,4,3,2026,'HORA',90000.00,'CERRADA','PAGADA','2026-04-10 00:00:00','2026-06-22 08:22:38','2026-06-22 08:22:38',1,'2026-04-10',1,NULL),(5,5,3,2026,'COMISION',90000.00,'CERRADA','PAGADA','2026-04-10 00:00:00','2026-06-22 08:22:38','2026-06-22 08:22:38',1,'2026-04-10',1,NULL),(6,6,3,2026,'COMISION',90000.00,'CERRADA','PAGADA','2026-04-10 00:00:00','2026-06-22 08:22:39','2026-06-22 08:22:39',1,'2026-04-10',1,NULL),(7,1,4,2026,'HORA',170000.00,'CERRADA','PENDIENTE',NULL,'2026-06-22 08:22:39','2026-06-22 08:22:39',NULL,NULL,NULL,NULL),(8,2,4,2026,'HORA',170000.00,'CERRADA','PENDIENTE',NULL,'2026-06-22 08:22:39','2026-06-22 08:22:39',NULL,NULL,NULL,NULL),(9,3,4,2026,'HORA',170000.00,'CERRADA','PENDIENTE',NULL,'2026-06-22 08:22:39','2026-06-22 08:22:39',NULL,NULL,NULL,NULL),(10,4,4,2026,'HORA',90000.00,'CERRADA','PENDIENTE',NULL,'2026-06-22 08:22:39','2026-06-22 08:22:39',NULL,NULL,NULL,NULL),(11,5,4,2026,'COMISION',90000.00,'CERRADA','PENDIENTE',NULL,'2026-06-22 08:22:39','2026-06-22 08:22:39',NULL,NULL,NULL,NULL),(12,6,4,2026,'COMISION',90000.00,'CERRADA','PENDIENTE',NULL,'2026-06-22 08:22:39','2026-06-22 08:22:39',NULL,NULL,NULL,NULL);
/*!40000 ALTER TABLE `liquidaciones` ENABLE KEYS */;
UNLOCK TABLES;

--
-- Table structure for table `migrations`
--

DROP TABLE IF EXISTS `migrations`;
/*!40101 SET @saved_cs_client     = @@character_set_client */;
/*!40101 SET character_set_client = utf8 */;
CREATE TABLE `migrations` (
  `id` int(10) unsigned NOT NULL AUTO_INCREMENT,
  `migration` varchar(255) NOT NULL,
  `batch` int(11) NOT NULL,
  PRIMARY KEY (`id`)
) ENGINE=InnoDB AUTO_INCREMENT=60 DEFAULT CHARSET=utf8mb4 COLLATE=utf8mb4_unicode_ci;
/*!40101 SET character_set_client = @saved_cs_client */;

--
-- Dumping data for table `migrations`
--

LOCK TABLES `migrations` WRITE;
/*!40000 ALTER TABLE `migrations` DISABLE KEYS */;
INSERT INTO `migrations` VALUES (1,'0001_01_01_000000_create_users_table',1),(2,'0001_01_01_000001_create_cache_table',1),(3,'0001_01_01_000002_create_jobs_table',1),(4,'2026_01_12_021412_create_deportes_table',1),(5,'2026_01_12_021419_create_grupos_table',1),(6,'2026_01_12_021505_create_alumnos_table',1),(7,'2026_01_12_023548_create_personal_access_tokens_table',1),(8,'2026_01_12_032445_remove_es_menor_from_alumnos_table',1),(9,'2026_01_12_034430_remove_horario_from_grupos_table',1),(10,'2026_01_12_034453_create_grupo_planes_table',1),(11,'2026_01_12_091852_create_reglas_primer_pago_table',1),(12,'2026_01_12_091900_create_formas_pago_table',1),(13,'2026_01_12_091912_create_pagos_table',1),(14,'2026_01_12_091959_create_alumno_planes_table',1),(15,'2026_01_25_115528_add_fecha_pago_to_pagos_table',1),(16,'2026_01_27_000001_create_profesores_table',1),(17,'2026_01_27_000002_create_clases_table',1),(18,'2026_01_27_000003_create_clase_profesor_table',1),(19,'2026_01_27_000004_create_asistencias_table',1),(20,'2026_01_28_000001_add_tipo_liquidacion_to_deportes_table',1),(21,'2026_01_28_000002_add_liquidacion_fields_to_profesores_table',1),(22,'2026_01_28_000003_add_liquidacion_fields_to_clases_table',1),(23,'2026_01_28_000004_create_liquidaciones_table',1),(24,'2026_01_28_000005_create_liquidacion_detalles_table',1),(25,'2026_02_01_000001_add_dni_to_alumnos_table',1),(26,'2026_02_01_000002_create_deuda_cuotas_table',1),(27,'2026_02_01_100001_create_rubros_table',1),(28,'2026_02_01_100002_create_subrubros_table',1),(29,'2026_02_01_100003_create_tipos_caja_table',1),(30,'2026_02_01_100004_create_cajas_operativas_table',1),(31,'2026_02_01_100005_create_movimientos_operativos_table',1),(32,'2026_02_01_100006_create_cashflow_movimientos_table',1),(33,'2026_02_01_100007_add_motivo_rechazo_to_cajas_operativas_table',1),(34,'2026_02_02_000001_add_observaciones_to_deuda_cuotas_table',1),(35,'2026_02_02_000001_add_tipo_caja_id_to_cashflow_movimientos_table',1),(36,'2026_02_02_000002_create_pago_deuda_cuota_table',1),(37,'2026_02_02_000003_add_es_reservado_sistema_to_subrubros_table',1),(38,'2026_02_03_000001_add_pago_fields_to_liquidaciones_table',1),(39,'2026_02_06_063616_add_rol_to_users_table',1),(40,'2026_02_11_000001_fix_pagos_nullable_for_cuota_flow',2),(41,'2026_02_11_000002_add_unique_nombre_to_subrubros_table',2),(42,'2026_02_12_000001_create_alumnos_revision_cobranza_table',2),(43,'2026_02_12_000002_create_asistencia_excesos_table',2),(44,'2026_03_08_181502_add_datos_personales_to_profesores_table',3),(45,'2026_04_16_081012_add_motivo_cancelacion_to_clases_table',4),(47,'2026_04_17_040409_create_niveles_table',5),(48,'2026_04_17_040414_refactor_grupos_add_nivel_remove_nombre',5),(49,'2026_04_30_141020_add_serie_id_to_clases_table',6),(50,'2026_04_30_150000_add_descripcion_to_tipos_caja_table',6),(51,'2026_04_30_205414_add_permite_descubierto_to_tipos_caja_table',6),(52,'2026_05_27_082557_update_rol_enum_in_users_table',6),(53,'2026_05_27_085302_add_activo_to_users_table',7),(54,'2026_05_27_154622_add_profesor_id_to_users_table',8),(55,'2026_05_29_003356_create_configuraciones_table',9),(56,'2026_06_01_080524_add_abreviatura_to_tipos_caja_table',10),(57,'2026_06_01_080526_add_alumno_id_to_movimientos_operativos_table',10),(58,'2026_06_21_133825_add_estado_fields_to_movimientos_operativos',11),(59,'2026_06_21_133826_add_anulado_to_pagos_estado',11);
/*!40000 ALTER TABLE `migrations` ENABLE KEYS */;
UNLOCK TABLES;

--
-- Table structure for table `movimientos_operativos`
--

DROP TABLE IF EXISTS `movimientos_operativos`;
/*!40101 SET @saved_cs_client     = @@character_set_client */;
/*!40101 SET character_set_client = utf8 */;
CREATE TABLE `movimientos_operativos` (
  `id` bigint(20) unsigned NOT NULL AUTO_INCREMENT,
  `caja_operativa_id` bigint(20) unsigned NOT NULL,
  `fecha` date DEFAULT NULL,
  `tipo_caja_id` bigint(20) unsigned NOT NULL,
  `subrubro_id` bigint(20) unsigned NOT NULL,
  `monto` decimal(12,2) NOT NULL,
  `observaciones` text DEFAULT NULL,
  `usuario_id` bigint(20) unsigned NOT NULL,
  `alumno_id` bigint(20) unsigned DEFAULT NULL,
  `pago_id` bigint(20) unsigned DEFAULT NULL,
  `estado` enum('ACTIVO','CANCELADO') NOT NULL DEFAULT 'ACTIVO',
  `motivo_cancelacion` text DEFAULT NULL,
  `created_at` timestamp NULL DEFAULT NULL,
  `updated_at` timestamp NULL DEFAULT NULL,
  PRIMARY KEY (`id`),
  KEY `movimientos_operativos_caja_operativa_id_foreign` (`caja_operativa_id`),
  KEY `movimientos_operativos_tipo_caja_id_foreign` (`tipo_caja_id`),
  KEY `movimientos_operativos_subrubro_id_foreign` (`subrubro_id`),
  KEY `movimientos_operativos_usuario_id_foreign` (`usuario_id`),
  KEY `movimientos_operativos_alumno_id_foreign` (`alumno_id`),
  KEY `movimientos_operativos_pago_id_foreign` (`pago_id`),
  KEY `movimientos_operativos_estado_index` (`estado`),
  CONSTRAINT `movimientos_operativos_alumno_id_foreign` FOREIGN KEY (`alumno_id`) REFERENCES `alumnos` (`id`) ON DELETE SET NULL,
  CONSTRAINT `movimientos_operativos_caja_operativa_id_foreign` FOREIGN KEY (`caja_operativa_id`) REFERENCES `cajas_operativas` (`id`) ON DELETE CASCADE,
  CONSTRAINT `movimientos_operativos_pago_id_foreign` FOREIGN KEY (`pago_id`) REFERENCES `pagos` (`id`) ON DELETE SET NULL,
  CONSTRAINT `movimientos_operativos_subrubro_id_foreign` FOREIGN KEY (`subrubro_id`) REFERENCES `subrubros` (`id`) ON DELETE CASCADE,
  CONSTRAINT `movimientos_operativos_tipo_caja_id_foreign` FOREIGN KEY (`tipo_caja_id`) REFERENCES `tipos_caja` (`id`) ON DELETE CASCADE,
  CONSTRAINT `movimientos_operativos_usuario_id_foreign` FOREIGN KEY (`usuario_id`) REFERENCES `users` (`id`) ON DELETE CASCADE
) ENGINE=InnoDB AUTO_INCREMENT=146 DEFAULT CHARSET=utf8mb4 COLLATE=utf8mb4_unicode_ci;
/*!40101 SET character_set_client = @saved_cs_client */;

--
-- Dumping data for table `movimientos_operativos`
--

LOCK TABLES `movimientos_operativos` WRITE;
/*!40000 ALTER TABLE `movimientos_operativos` DISABLE KEYS */;
INSERT INTO `movimientos_operativos` VALUES (1,1,'2026-01-06',1,1,25000.00,NULL,2,1,1,'ACTIVO',NULL,'2026-06-22 08:22:28','2026-06-22 08:22:28'),(2,2,'2026-02-06',1,1,25000.00,NULL,2,1,2,'ACTIVO',NULL,'2026-06-22 08:22:28','2026-06-22 08:22:28'),(3,3,'2026-03-06',1,1,25000.00,NULL,2,1,3,'ACTIVO',NULL,'2026-06-22 08:22:28','2026-06-22 08:22:28'),(4,4,'2026-04-06',1,1,25000.00,NULL,2,1,4,'ACTIVO',NULL,'2026-06-22 08:22:28','2026-06-22 08:22:28'),(5,5,'2026-05-06',1,1,25000.00,NULL,2,1,5,'ACTIVO',NULL,'2026-06-22 08:22:28','2026-06-22 08:22:28'),(6,6,'2026-01-07',1,1,30000.00,NULL,2,2,6,'ACTIVO',NULL,'2026-06-22 08:22:28','2026-06-22 08:22:28'),(7,7,'2026-02-07',1,1,30000.00,NULL,2,2,7,'ACTIVO',NULL,'2026-06-22 08:22:28','2026-06-22 08:22:28'),(8,8,'2026-03-07',1,1,30000.00,NULL,2,2,8,'ACTIVO',NULL,'2026-06-22 08:22:28','2026-06-22 08:22:28'),(9,9,'2026-04-07',1,1,30000.00,NULL,2,2,9,'ACTIVO',NULL,'2026-06-22 08:22:28','2026-06-22 08:22:28'),(10,10,'2026-05-07',1,1,30000.00,NULL,2,2,10,'ACTIVO',NULL,'2026-06-22 08:22:28','2026-06-22 08:22:28'),(11,11,'2026-01-08',1,1,25000.00,NULL,2,3,11,'ACTIVO',NULL,'2026-06-22 08:22:28','2026-06-22 08:22:28'),(12,12,'2026-02-08',1,1,25000.00,NULL,2,3,12,'ACTIVO',NULL,'2026-06-22 08:22:28','2026-06-22 08:22:28'),(13,13,'2026-03-08',1,1,25000.00,NULL,2,3,13,'ACTIVO',NULL,'2026-06-22 08:22:28','2026-06-22 08:22:28'),(14,14,'2026-04-08',1,1,25000.00,NULL,2,3,14,'ACTIVO',NULL,'2026-06-22 08:22:28','2026-06-22 08:22:28'),(15,15,'2026-05-08',1,1,25000.00,NULL,2,3,15,'ACTIVO',NULL,'2026-06-22 08:22:28','2026-06-22 08:22:28'),(16,16,'2026-01-09',1,1,30000.00,NULL,2,4,16,'ACTIVO',NULL,'2026-06-22 08:22:28','2026-06-22 08:22:28'),(17,17,'2026-02-09',1,1,30000.00,NULL,2,4,17,'ACTIVO',NULL,'2026-06-22 08:22:28','2026-06-22 08:22:28'),(18,18,'2026-03-09',1,1,30000.00,NULL,2,4,18,'ACTIVO',NULL,'2026-06-22 08:22:28','2026-06-22 08:22:28'),(19,19,'2026-04-09',1,1,30000.00,NULL,2,4,19,'ACTIVO',NULL,'2026-06-22 08:22:28','2026-06-22 08:22:28'),(20,20,'2026-05-09',1,1,30000.00,NULL,2,4,20,'ACTIVO',NULL,'2026-06-22 08:22:28','2026-06-22 08:22:28'),(21,21,'2026-01-10',1,1,25000.00,NULL,2,5,21,'ACTIVO',NULL,'2026-06-22 08:22:28','2026-06-22 08:22:28'),(22,22,'2026-02-10',1,1,25000.00,NULL,2,5,22,'ACTIVO',NULL,'2026-06-22 08:22:28','2026-06-22 08:22:28'),(23,23,'2026-03-10',1,1,25000.00,NULL,2,5,23,'ACTIVO',NULL,'2026-06-22 08:22:28','2026-06-22 08:22:28'),(24,24,'2026-04-10',1,1,25000.00,NULL,2,5,24,'ACTIVO',NULL,'2026-06-22 08:22:28','2026-06-22 08:22:28'),(25,25,'2026-05-10',1,1,25000.00,NULL,2,5,25,'ACTIVO',NULL,'2026-06-22 08:22:28','2026-06-22 08:22:28'),(26,26,'2026-01-11',1,1,30000.00,NULL,2,6,26,'ACTIVO',NULL,'2026-06-22 08:22:28','2026-06-22 08:22:28'),(27,27,'2026-02-11',1,1,30000.00,NULL,2,6,27,'ACTIVO',NULL,'2026-06-22 08:22:28','2026-06-22 08:22:28'),(28,28,'2026-03-11',1,1,30000.00,NULL,2,6,28,'ACTIVO',NULL,'2026-06-22 08:22:28','2026-06-22 08:22:28'),(29,29,'2026-04-11',1,1,30000.00,NULL,2,6,29,'ACTIVO',NULL,'2026-06-22 08:22:28','2026-06-22 08:22:28'),(30,30,'2026-05-11',1,1,30000.00,NULL,2,6,30,'ACTIVO',NULL,'2026-06-22 08:22:28','2026-06-22 08:22:28'),(31,31,'2026-01-12',1,1,25000.00,NULL,2,7,31,'ACTIVO',NULL,'2026-06-22 08:22:28','2026-06-22 08:22:28'),(32,32,'2026-02-12',1,1,25000.00,NULL,2,7,32,'ACTIVO',NULL,'2026-06-22 08:22:28','2026-06-22 08:22:28'),(33,33,'2026-03-12',1,1,25000.00,NULL,2,7,33,'ACTIVO',NULL,'2026-06-22 08:22:28','2026-06-22 08:22:28'),(34,34,'2026-04-12',1,1,25000.00,NULL,2,7,34,'ACTIVO',NULL,'2026-06-22 08:22:28','2026-06-22 08:22:28'),(35,35,'2026-05-12',1,1,25000.00,NULL,2,7,35,'ACTIVO',NULL,'2026-06-22 08:22:28','2026-06-22 08:22:28'),(36,36,'2026-01-13',1,1,30000.00,NULL,2,8,36,'ACTIVO',NULL,'2026-06-22 08:22:28','2026-06-22 08:22:28'),(37,37,'2026-02-13',1,1,30000.00,NULL,2,8,37,'ACTIVO',NULL,'2026-06-22 08:22:28','2026-06-22 08:22:28'),(38,38,'2026-03-13',1,1,30000.00,NULL,2,8,38,'ACTIVO',NULL,'2026-06-22 08:22:28','2026-06-22 08:22:28'),(39,39,'2026-04-13',1,1,30000.00,NULL,2,8,39,'ACTIVO',NULL,'2026-06-22 08:22:28','2026-06-22 08:22:28'),(40,40,'2026-05-13',1,1,30000.00,NULL,2,8,40,'ACTIVO',NULL,'2026-06-22 08:22:28','2026-06-22 08:22:28'),(41,41,'2026-01-14',1,1,25000.00,NULL,2,9,41,'ACTIVO',NULL,'2026-06-22 08:22:28','2026-06-22 08:22:28'),(42,42,'2026-02-14',1,1,25000.00,NULL,2,9,42,'ACTIVO',NULL,'2026-06-22 08:22:28','2026-06-22 08:22:28'),(43,43,'2026-03-14',1,1,25000.00,NULL,2,9,43,'ACTIVO',NULL,'2026-06-22 08:22:28','2026-06-22 08:22:28'),(44,44,'2026-04-14',1,1,25000.00,NULL,2,9,44,'ACTIVO',NULL,'2026-06-22 08:22:28','2026-06-22 08:22:28'),(45,45,'2026-05-14',1,1,25000.00,NULL,2,9,45,'ACTIVO',NULL,'2026-06-22 08:22:28','2026-06-22 08:22:28'),(46,46,'2026-01-15',1,1,30000.00,NULL,2,10,46,'ACTIVO',NULL,'2026-06-22 08:22:28','2026-06-22 08:22:28'),(47,47,'2026-02-15',1,1,30000.00,NULL,2,10,47,'ACTIVO',NULL,'2026-06-22 08:22:28','2026-06-22 08:22:28'),(48,48,'2026-03-15',1,1,30000.00,NULL,2,10,48,'ACTIVO',NULL,'2026-06-22 08:22:28','2026-06-22 08:22:28'),(49,49,'2026-04-15',1,1,30000.00,NULL,2,10,49,'ACTIVO',NULL,'2026-06-22 08:22:28','2026-06-22 08:22:28'),(50,50,'2026-05-15',1,1,30000.00,NULL,2,10,50,'ACTIVO',NULL,'2026-06-22 08:22:28','2026-06-22 08:22:28'),(51,51,'2026-01-16',1,1,25000.00,NULL,2,11,51,'ACTIVO',NULL,'2026-06-22 08:22:28','2026-06-22 08:22:28'),(52,52,'2026-02-16',1,1,25000.00,NULL,2,11,52,'ACTIVO',NULL,'2026-06-22 08:22:28','2026-06-22 08:22:28'),(53,53,'2026-03-16',1,1,25000.00,NULL,2,11,53,'ACTIVO',NULL,'2026-06-22 08:22:28','2026-06-22 08:22:28'),(54,54,'2026-04-16',1,1,25000.00,NULL,2,11,54,'ACTIVO',NULL,'2026-06-22 08:22:28','2026-06-22 08:22:28'),(55,55,'2026-05-16',1,1,25000.00,NULL,2,11,55,'ACTIVO',NULL,'2026-06-22 08:22:28','2026-06-22 08:22:28'),(56,56,'2026-01-18',1,1,28000.00,NULL,2,13,56,'ACTIVO',NULL,'2026-06-22 08:22:28','2026-06-22 08:22:28'),(57,57,'2026-02-18',1,1,28000.00,NULL,2,13,57,'ACTIVO',NULL,'2026-06-22 08:22:28','2026-06-22 08:22:28'),(58,58,'2026-03-18',1,1,28000.00,NULL,2,13,58,'ACTIVO',NULL,'2026-06-22 08:22:28','2026-06-22 08:22:28'),(59,59,'2026-04-18',1,1,28000.00,NULL,2,13,59,'ACTIVO',NULL,'2026-06-22 08:22:28','2026-06-22 08:22:28'),(60,60,'2026-05-18',1,1,28000.00,NULL,2,13,60,'ACTIVO',NULL,'2026-06-22 08:22:28','2026-06-22 08:22:28'),(61,61,'2026-01-19',1,1,33000.00,NULL,2,14,61,'ACTIVO',NULL,'2026-06-22 08:22:28','2026-06-22 08:22:28'),(62,62,'2026-02-19',1,1,33000.00,NULL,2,14,62,'ACTIVO',NULL,'2026-06-22 08:22:28','2026-06-22 08:22:28'),(63,63,'2026-03-19',1,1,33000.00,NULL,2,14,63,'ACTIVO',NULL,'2026-06-22 08:22:28','2026-06-22 08:22:28'),(64,64,'2026-04-19',1,1,33000.00,NULL,2,14,64,'ACTIVO',NULL,'2026-06-22 08:22:28','2026-06-22 08:22:28'),(65,65,'2026-05-19',1,1,33000.00,NULL,2,14,65,'ACTIVO',NULL,'2026-06-22 08:22:28','2026-06-22 08:22:28'),(66,66,'2026-01-20',1,1,28000.00,NULL,2,15,66,'ACTIVO',NULL,'2026-06-22 08:22:28','2026-06-22 08:22:28'),(67,67,'2026-02-20',1,1,28000.00,NULL,2,15,67,'ACTIVO',NULL,'2026-06-22 08:22:28','2026-06-22 08:22:28'),(68,68,'2026-03-20',1,1,28000.00,NULL,2,15,68,'ACTIVO',NULL,'2026-06-22 08:22:28','2026-06-22 08:22:28'),(69,69,'2026-04-20',1,1,28000.00,NULL,2,15,69,'ACTIVO',NULL,'2026-06-22 08:22:28','2026-06-22 08:22:28'),(70,70,'2026-05-20',1,1,28000.00,NULL,2,15,70,'ACTIVO',NULL,'2026-06-22 08:22:28','2026-06-22 08:22:28'),(71,71,'2026-01-05',1,1,33000.00,NULL,2,16,71,'ACTIVO',NULL,'2026-06-22 08:22:28','2026-06-22 08:22:28'),(72,72,'2026-02-05',1,1,33000.00,NULL,2,16,72,'ACTIVO',NULL,'2026-06-22 08:22:28','2026-06-22 08:22:28'),(73,73,'2026-03-05',1,1,33000.00,NULL,2,16,73,'ACTIVO',NULL,'2026-06-22 08:22:28','2026-06-22 08:22:28'),(74,74,'2026-04-05',1,1,33000.00,NULL,2,16,74,'ACTIVO',NULL,'2026-06-22 08:22:28','2026-06-22 08:22:28'),(75,75,'2026-05-05',1,1,33000.00,NULL,2,16,75,'ACTIVO',NULL,'2026-06-22 08:22:28','2026-06-22 08:22:28'),(76,1,'2026-01-06',1,1,28000.00,NULL,2,17,76,'ACTIVO',NULL,'2026-06-22 08:22:28','2026-06-22 08:22:28'),(77,2,'2026-02-06',1,1,28000.00,NULL,2,17,77,'ACTIVO',NULL,'2026-06-22 08:22:28','2026-06-22 08:22:28'),(78,3,'2026-03-06',1,1,28000.00,NULL,2,17,78,'ACTIVO',NULL,'2026-06-22 08:22:28','2026-06-22 08:22:28'),(79,4,'2026-04-06',1,1,28000.00,NULL,2,17,79,'ACTIVO',NULL,'2026-06-22 08:22:28','2026-06-22 08:22:28'),(80,5,'2026-05-06',1,1,28000.00,NULL,2,17,80,'ACTIVO',NULL,'2026-06-22 08:22:28','2026-06-22 08:22:28'),(81,6,'2026-01-07',1,1,33000.00,NULL,2,18,81,'ACTIVO',NULL,'2026-06-22 08:22:28','2026-06-22 08:22:28'),(82,7,'2026-02-07',1,1,33000.00,NULL,2,18,82,'ACTIVO',NULL,'2026-06-22 08:22:28','2026-06-22 08:22:28'),(83,8,'2026-03-07',1,1,33000.00,NULL,2,18,83,'ACTIVO',NULL,'2026-06-22 08:22:28','2026-06-22 08:22:28'),(84,9,'2026-04-07',1,1,33000.00,NULL,2,18,84,'ACTIVO',NULL,'2026-06-22 08:22:28','2026-06-22 08:22:28'),(85,10,'2026-05-07',1,1,33000.00,NULL,2,18,85,'ACTIVO',NULL,'2026-06-22 08:22:28','2026-06-22 08:22:28'),(86,11,'2026-01-08',1,1,28000.00,NULL,2,19,86,'ACTIVO',NULL,'2026-06-22 08:22:28','2026-06-22 08:22:28'),(87,12,'2026-02-08',1,1,28000.00,NULL,2,19,87,'ACTIVO',NULL,'2026-06-22 08:22:28','2026-06-22 08:22:28'),(88,13,'2026-03-08',1,1,28000.00,NULL,2,19,88,'ACTIVO',NULL,'2026-06-22 08:22:28','2026-06-22 08:22:28'),(89,14,'2026-04-08',1,1,28000.00,NULL,2,19,89,'ACTIVO',NULL,'2026-06-22 08:22:28','2026-06-22 08:22:28'),(90,15,'2026-05-08',1,1,28000.00,NULL,2,19,90,'ACTIVO',NULL,'2026-06-22 08:22:28','2026-06-22 08:22:28'),(91,16,'2026-01-09',1,1,33000.00,NULL,2,20,91,'ACTIVO',NULL,'2026-06-22 08:22:28','2026-06-22 08:22:28'),(92,17,'2026-02-09',1,1,33000.00,NULL,2,20,92,'ACTIVO',NULL,'2026-06-22 08:22:28','2026-06-22 08:22:28'),(93,18,'2026-03-09',1,1,33000.00,NULL,2,20,93,'ACTIVO',NULL,'2026-06-22 08:22:28','2026-06-22 08:22:28'),(94,19,'2026-04-09',1,1,33000.00,NULL,2,20,94,'ACTIVO',NULL,'2026-06-22 08:22:28','2026-06-22 08:22:28'),(95,20,'2026-05-09',1,1,33000.00,NULL,2,20,95,'ACTIVO',NULL,'2026-06-22 08:22:28','2026-06-22 08:22:28'),(96,21,'2026-01-10',1,1,28000.00,NULL,2,21,96,'ACTIVO',NULL,'2026-06-22 08:22:28','2026-06-22 08:22:28'),(97,22,'2026-02-10',1,1,28000.00,NULL,2,21,97,'ACTIVO',NULL,'2026-06-22 08:22:28','2026-06-22 08:22:28'),(98,23,'2026-03-10',1,1,28000.00,NULL,2,21,98,'ACTIVO',NULL,'2026-06-22 08:22:28','2026-06-22 08:22:28'),(99,24,'2026-04-10',1,1,28000.00,NULL,2,21,99,'ACTIVO',NULL,'2026-06-22 08:22:28','2026-06-22 08:22:28'),(100,25,'2026-05-10',1,1,28000.00,NULL,2,21,100,'ACTIVO',NULL,'2026-06-22 08:22:28','2026-06-22 08:22:28'),(101,31,'2026-01-12',1,1,28000.00,NULL,2,23,101,'ACTIVO',NULL,'2026-06-22 08:22:28','2026-06-22 08:22:28'),(102,32,'2026-02-12',1,1,28000.00,NULL,2,23,102,'ACTIVO',NULL,'2026-06-22 08:22:28','2026-06-22 08:22:28'),(103,33,'2026-03-12',1,1,28000.00,NULL,2,23,103,'ACTIVO',NULL,'2026-06-22 08:22:28','2026-06-22 08:22:28'),(104,34,'2026-04-12',1,1,28000.00,NULL,2,23,104,'ACTIVO',NULL,'2026-06-22 08:22:28','2026-06-22 08:22:28'),(105,36,'2026-01-13',1,1,33000.00,NULL,2,24,105,'ACTIVO',NULL,'2026-06-22 08:22:28','2026-06-22 08:22:28'),(106,37,'2026-02-13',1,1,33000.00,NULL,2,24,106,'ACTIVO',NULL,'2026-06-22 08:22:28','2026-06-22 08:22:28'),(107,38,'2026-03-13',1,1,33000.00,NULL,2,24,107,'ACTIVO',NULL,'2026-06-22 08:22:28','2026-06-22 08:22:28'),(108,39,'2026-04-13',1,1,33000.00,NULL,2,24,108,'ACTIVO',NULL,'2026-06-22 08:22:28','2026-06-22 08:22:28'),(109,41,'2026-01-14',1,1,28000.00,NULL,2,25,109,'ACTIVO',NULL,'2026-06-22 08:22:28','2026-06-22 08:22:28'),(110,42,'2026-02-14',1,1,28000.00,NULL,2,25,110,'ACTIVO',NULL,'2026-06-22 08:22:28','2026-06-22 08:22:28'),(111,43,'2026-03-14',1,1,28000.00,NULL,2,25,111,'ACTIVO',NULL,'2026-06-22 08:22:28','2026-06-22 08:22:28'),(112,44,'2026-04-14',1,1,28000.00,NULL,2,25,112,'ACTIVO',NULL,'2026-06-22 08:22:28','2026-06-22 08:22:28'),(113,46,'2026-01-15',1,1,33000.00,NULL,2,26,113,'ACTIVO',NULL,'2026-06-22 08:22:28','2026-06-22 08:22:28'),(114,47,'2026-02-15',1,1,33000.00,NULL,2,26,114,'ACTIVO',NULL,'2026-06-22 08:22:28','2026-06-22 08:22:28'),(115,48,'2026-03-15',1,1,33000.00,NULL,2,26,115,'ACTIVO',NULL,'2026-06-22 08:22:28','2026-06-22 08:22:28'),(116,49,'2026-04-15',1,1,33000.00,NULL,2,26,116,'ACTIVO',NULL,'2026-06-22 08:22:28','2026-06-22 08:22:28'),(117,51,'2026-01-16',1,1,28000.00,NULL,2,27,117,'ACTIVO',NULL,'2026-06-22 08:22:28','2026-06-22 08:22:28'),(118,52,'2026-02-16',1,1,28000.00,NULL,2,27,118,'ACTIVO',NULL,'2026-06-22 08:22:28','2026-06-22 08:22:28'),(119,53,'2026-03-16',1,1,28000.00,NULL,2,27,119,'ACTIVO',NULL,'2026-06-22 08:22:28','2026-06-22 08:22:28'),(120,54,'2026-04-16',1,1,28000.00,NULL,2,27,120,'ACTIVO',NULL,'2026-06-22 08:22:28','2026-06-22 08:22:28'),(121,76,'2026-01-17',1,1,33000.00,NULL,2,28,121,'ACTIVO',NULL,'2026-06-22 08:22:28','2026-06-22 08:22:28'),(122,77,'2026-02-17',1,1,33000.00,NULL,2,28,122,'ACTIVO',NULL,'2026-06-22 08:22:28','2026-06-22 08:22:28'),(123,78,'2026-03-17',1,1,33000.00,NULL,2,28,123,'ACTIVO',NULL,'2026-06-22 08:22:28','2026-06-22 08:22:28'),(124,79,'2026-04-17',1,1,33000.00,NULL,2,28,124,'ACTIVO',NULL,'2026-06-22 08:22:28','2026-06-22 08:22:28'),(125,56,'2026-01-18',1,1,28000.00,NULL,2,29,125,'ACTIVO',NULL,'2026-06-22 08:22:28','2026-06-22 08:22:28'),(126,57,'2026-02-18',1,1,28000.00,NULL,2,29,126,'ACTIVO',NULL,'2026-06-22 08:22:28','2026-06-22 08:22:28'),(127,58,'2026-03-18',1,1,28000.00,NULL,2,29,127,'ACTIVO',NULL,'2026-06-22 08:22:28','2026-06-22 08:22:28'),(128,59,'2026-04-18',1,1,28000.00,NULL,2,29,128,'ACTIVO',NULL,'2026-06-22 08:22:28','2026-06-22 08:22:28'),(129,61,'2026-01-19',1,1,33000.00,NULL,2,30,129,'ACTIVO',NULL,'2026-06-22 08:22:28','2026-06-22 08:22:28'),(130,62,'2026-02-19',1,1,33000.00,NULL,2,30,130,'ACTIVO',NULL,'2026-06-22 08:22:28','2026-06-22 08:22:28'),(131,63,'2026-03-19',1,1,33000.00,NULL,2,30,131,'ACTIVO',NULL,'2026-06-22 08:22:28','2026-06-22 08:22:28'),(132,66,'2026-01-20',1,1,28000.00,NULL,2,31,132,'ACTIVO',NULL,'2026-06-22 08:22:28','2026-06-22 08:22:28'),(133,67,'2026-02-20',1,1,28000.00,NULL,2,31,133,'ACTIVO',NULL,'2026-06-22 08:22:28','2026-06-22 08:22:28'),(134,68,'2026-03-20',1,1,28000.00,NULL,2,31,134,'ACTIVO',NULL,'2026-06-22 08:22:28','2026-06-22 08:22:28'),(135,71,'2026-01-05',1,1,33000.00,NULL,2,32,135,'ACTIVO',NULL,'2026-06-22 08:22:28','2026-06-22 08:22:28'),(136,72,'2026-02-05',1,1,33000.00,NULL,2,32,136,'ACTIVO',NULL,'2026-06-22 08:22:28','2026-06-22 08:22:28'),(137,73,'2026-03-05',1,1,33000.00,NULL,2,32,137,'ACTIVO',NULL,'2026-06-22 08:22:28','2026-06-22 08:22:28'),(138,1,'2026-01-06',1,1,28000.00,NULL,2,33,138,'ACTIVO',NULL,'2026-06-22 08:22:28','2026-06-22 08:22:28'),(139,2,'2026-02-06',1,1,28000.00,NULL,2,33,139,'ACTIVO',NULL,'2026-06-22 08:22:28','2026-06-22 08:22:28'),(140,3,'2026-03-06',1,1,28000.00,NULL,2,33,140,'ACTIVO',NULL,'2026-06-22 08:22:28','2026-06-22 08:22:28'),(141,6,'2026-01-07',1,1,33000.00,NULL,2,34,141,'ACTIVO',NULL,'2026-06-22 08:22:28','2026-06-22 08:22:28'),(142,7,'2026-02-07',1,1,33000.00,NULL,2,34,142,'ACTIVO',NULL,'2026-06-22 08:22:28','2026-06-22 08:22:28'),(143,8,'2026-03-07',1,1,33000.00,NULL,2,34,143,'ACTIVO',NULL,'2026-06-22 08:22:28','2026-06-22 08:22:28'),(144,11,'2026-01-08',1,1,28000.00,NULL,2,35,144,'ACTIVO',NULL,'2026-06-22 08:22:28','2026-06-22 08:22:28'),(145,16,'2026-01-09',1,1,33000.00,NULL,2,36,145,'ACTIVO',NULL,'2026-06-22 08:22:28','2026-06-22 08:22:28');
/*!40000 ALTER TABLE `movimientos_operativos` ENABLE KEYS */;
UNLOCK TABLES;

--
-- Table structure for table `niveles`
--

DROP TABLE IF EXISTS `niveles`;
/*!40101 SET @saved_cs_client     = @@character_set_client */;
/*!40101 SET character_set_client = utf8 */;
CREATE TABLE `niveles` (
  `id` bigint(20) unsigned NOT NULL AUTO_INCREMENT,
  `nombre` varchar(100) NOT NULL,
  `descripcion` varchar(255) DEFAULT NULL,
  `created_at` timestamp NULL DEFAULT NULL,
  `updated_at` timestamp NULL DEFAULT NULL,
  PRIMARY KEY (`id`),
  UNIQUE KEY `niveles_nombre_unique` (`nombre`)
) ENGINE=InnoDB AUTO_INCREMENT=4 DEFAULT CHARSET=utf8mb4 COLLATE=utf8mb4_unicode_ci;
/*!40101 SET character_set_client = @saved_cs_client */;

--
-- Dumping data for table `niveles`
--

LOCK TABLES `niveles` WRITE;
/*!40000 ALTER TABLE `niveles` DISABLE KEYS */;
INSERT INTO `niveles` VALUES (1,'Principiantes',NULL,'2026-06-22 08:22:29','2026-06-22 08:22:29'),(2,'Intermedias',NULL,'2026-06-22 08:22:29','2026-06-22 08:22:29'),(3,'Avanzadas',NULL,'2026-06-22 08:22:29','2026-06-22 08:22:29');
/*!40000 ALTER TABLE `niveles` ENABLE KEYS */;
UNLOCK TABLES;

--
-- Table structure for table `pago_deuda_cuota`
--

DROP TABLE IF EXISTS `pago_deuda_cuota`;
/*!40101 SET @saved_cs_client     = @@character_set_client */;
/*!40101 SET character_set_client = utf8 */;
CREATE TABLE `pago_deuda_cuota` (
  `id` bigint(20) unsigned NOT NULL AUTO_INCREMENT,
  `pago_id` bigint(20) unsigned NOT NULL,
  `deuda_cuota_id` bigint(20) unsigned NOT NULL,
  `monto_aplicado` decimal(12,2) NOT NULL,
  `created_at` timestamp NULL DEFAULT NULL,
  `updated_at` timestamp NULL DEFAULT NULL,
  PRIMARY KEY (`id`),
  UNIQUE KEY `pago_deuda_cuota_unique` (`pago_id`,`deuda_cuota_id`),
  KEY `pago_deuda_cuota_deuda_cuota_id_foreign` (`deuda_cuota_id`),
  CONSTRAINT `pago_deuda_cuota_deuda_cuota_id_foreign` FOREIGN KEY (`deuda_cuota_id`) REFERENCES `deuda_cuotas` (`id`) ON DELETE CASCADE,
  CONSTRAINT `pago_deuda_cuota_pago_id_foreign` FOREIGN KEY (`pago_id`) REFERENCES `pagos` (`id`) ON DELETE CASCADE
) ENGINE=InnoDB AUTO_INCREMENT=146 DEFAULT CHARSET=utf8mb4 COLLATE=utf8mb4_unicode_ci;
/*!40101 SET character_set_client = @saved_cs_client */;

--
-- Dumping data for table `pago_deuda_cuota`
--

LOCK TABLES `pago_deuda_cuota` WRITE;
/*!40000 ALTER TABLE `pago_deuda_cuota` DISABLE KEYS */;
INSERT INTO `pago_deuda_cuota` VALUES (1,1,1,25000.00,'2026-06-22 08:22:28','2026-06-22 08:22:28'),(2,2,2,25000.00,'2026-06-22 08:22:28','2026-06-22 08:22:28'),(3,3,3,25000.00,'2026-06-22 08:22:28','2026-06-22 08:22:28'),(4,4,4,25000.00,'2026-06-22 08:22:28','2026-06-22 08:22:28'),(5,5,5,25000.00,'2026-06-22 08:22:28','2026-06-22 08:22:28'),(6,6,6,30000.00,'2026-06-22 08:22:28','2026-06-22 08:22:28'),(7,7,7,30000.00,'2026-06-22 08:22:28','2026-06-22 08:22:28'),(8,8,8,30000.00,'2026-06-22 08:22:28','2026-06-22 08:22:28'),(9,9,9,30000.00,'2026-06-22 08:22:28','2026-06-22 08:22:28'),(10,10,10,30000.00,'2026-06-22 08:22:28','2026-06-22 08:22:28'),(11,11,11,25000.00,'2026-06-22 08:22:28','2026-06-22 08:22:28'),(12,12,12,25000.00,'2026-06-22 08:22:28','2026-06-22 08:22:28'),(13,13,13,25000.00,'2026-06-22 08:22:28','2026-06-22 08:22:28'),(14,14,14,25000.00,'2026-06-22 08:22:28','2026-06-22 08:22:28'),(15,15,15,25000.00,'2026-06-22 08:22:28','2026-06-22 08:22:28'),(16,16,16,30000.00,'2026-06-22 08:22:28','2026-06-22 08:22:28'),(17,17,17,30000.00,'2026-06-22 08:22:28','2026-06-22 08:22:28'),(18,18,18,30000.00,'2026-06-22 08:22:28','2026-06-22 08:22:28'),(19,19,19,30000.00,'2026-06-22 08:22:28','2026-06-22 08:22:28'),(20,20,20,30000.00,'2026-06-22 08:22:28','2026-06-22 08:22:28'),(21,21,21,25000.00,'2026-06-22 08:22:28','2026-06-22 08:22:28'),(22,22,22,25000.00,'2026-06-22 08:22:28','2026-06-22 08:22:28'),(23,23,23,25000.00,'2026-06-22 08:22:28','2026-06-22 08:22:28'),(24,24,24,25000.00,'2026-06-22 08:22:28','2026-06-22 08:22:28'),(25,25,25,25000.00,'2026-06-22 08:22:28','2026-06-22 08:22:28'),(26,26,26,30000.00,'2026-06-22 08:22:28','2026-06-22 08:22:28'),(27,27,27,30000.00,'2026-06-22 08:22:28','2026-06-22 08:22:28'),(28,28,28,30000.00,'2026-06-22 08:22:28','2026-06-22 08:22:28'),(29,29,29,30000.00,'2026-06-22 08:22:28','2026-06-22 08:22:28'),(30,30,30,30000.00,'2026-06-22 08:22:28','2026-06-22 08:22:28'),(31,31,31,25000.00,'2026-06-22 08:22:28','2026-06-22 08:22:28'),(32,32,32,25000.00,'2026-06-22 08:22:28','2026-06-22 08:22:28'),(33,33,33,25000.00,'2026-06-22 08:22:28','2026-06-22 08:22:28'),(34,34,34,25000.00,'2026-06-22 08:22:28','2026-06-22 08:22:28'),(35,35,35,25000.00,'2026-06-22 08:22:28','2026-06-22 08:22:28'),(36,36,36,30000.00,'2026-06-22 08:22:28','2026-06-22 08:22:28'),(37,37,37,30000.00,'2026-06-22 08:22:28','2026-06-22 08:22:28'),(38,38,38,30000.00,'2026-06-22 08:22:28','2026-06-22 08:22:28'),(39,39,39,30000.00,'2026-06-22 08:22:28','2026-06-22 08:22:28'),(40,40,40,30000.00,'2026-06-22 08:22:28','2026-06-22 08:22:28'),(41,41,41,25000.00,'2026-06-22 08:22:28','2026-06-22 08:22:28'),(42,42,42,25000.00,'2026-06-22 08:22:28','2026-06-22 08:22:28'),(43,43,43,25000.00,'2026-06-22 08:22:28','2026-06-22 08:22:28'),(44,44,44,25000.00,'2026-06-22 08:22:28','2026-06-22 08:22:28'),(45,45,45,25000.00,'2026-06-22 08:22:28','2026-06-22 08:22:28'),(46,46,46,30000.00,'2026-06-22 08:22:28','2026-06-22 08:22:28'),(47,47,47,30000.00,'2026-06-22 08:22:28','2026-06-22 08:22:28'),(48,48,48,30000.00,'2026-06-22 08:22:28','2026-06-22 08:22:28'),(49,49,49,30000.00,'2026-06-22 08:22:28','2026-06-22 08:22:28'),(50,50,50,30000.00,'2026-06-22 08:22:28','2026-06-22 08:22:28'),(51,51,51,25000.00,'2026-06-22 08:22:28','2026-06-22 08:22:28'),(52,52,52,25000.00,'2026-06-22 08:22:28','2026-06-22 08:22:28'),(53,53,53,25000.00,'2026-06-22 08:22:28','2026-06-22 08:22:28'),(54,54,54,25000.00,'2026-06-22 08:22:28','2026-06-22 08:22:28'),(55,55,55,25000.00,'2026-06-22 08:22:28','2026-06-22 08:22:28'),(56,56,56,28000.00,'2026-06-22 08:22:28','2026-06-22 08:22:28'),(57,57,57,28000.00,'2026-06-22 08:22:28','2026-06-22 08:22:28'),(58,58,58,28000.00,'2026-06-22 08:22:28','2026-06-22 08:22:28'),(59,59,59,28000.00,'2026-06-22 08:22:28','2026-06-22 08:22:28'),(60,60,60,28000.00,'2026-06-22 08:22:28','2026-06-22 08:22:28'),(61,61,61,33000.00,'2026-06-22 08:22:28','2026-06-22 08:22:28'),(62,62,62,33000.00,'2026-06-22 08:22:28','2026-06-22 08:22:28'),(63,63,63,33000.00,'2026-06-22 08:22:28','2026-06-22 08:22:28'),(64,64,64,33000.00,'2026-06-22 08:22:28','2026-06-22 08:22:28'),(65,65,65,33000.00,'2026-06-22 08:22:28','2026-06-22 08:22:28'),(66,66,66,28000.00,'2026-06-22 08:22:28','2026-06-22 08:22:28'),(67,67,67,28000.00,'2026-06-22 08:22:28','2026-06-22 08:22:28'),(68,68,68,28000.00,'2026-06-22 08:22:28','2026-06-22 08:22:28'),(69,69,69,28000.00,'2026-06-22 08:22:28','2026-06-22 08:22:28'),(70,70,70,28000.00,'2026-06-22 08:22:28','2026-06-22 08:22:28'),(71,71,71,33000.00,'2026-06-22 08:22:28','2026-06-22 08:22:28'),(72,72,72,33000.00,'2026-06-22 08:22:28','2026-06-22 08:22:28'),(73,73,73,33000.00,'2026-06-22 08:22:28','2026-06-22 08:22:28'),(74,74,74,33000.00,'2026-06-22 08:22:28','2026-06-22 08:22:28'),(75,75,75,33000.00,'2026-06-22 08:22:28','2026-06-22 08:22:28'),(76,76,76,28000.00,'2026-06-22 08:22:28','2026-06-22 08:22:28'),(77,77,77,28000.00,'2026-06-22 08:22:28','2026-06-22 08:22:28'),(78,78,78,28000.00,'2026-06-22 08:22:28','2026-06-22 08:22:28'),(79,79,79,28000.00,'2026-06-22 08:22:28','2026-06-22 08:22:28'),(80,80,80,28000.00,'2026-06-22 08:22:28','2026-06-22 08:22:28'),(81,81,81,33000.00,'2026-06-22 08:22:28','2026-06-22 08:22:28'),(82,82,82,33000.00,'2026-06-22 08:22:28','2026-06-22 08:22:28'),(83,83,83,33000.00,'2026-06-22 08:22:28','2026-06-22 08:22:28'),(84,84,84,33000.00,'2026-06-22 08:22:28','2026-06-22 08:22:28'),(85,85,85,33000.00,'2026-06-22 08:22:28','2026-06-22 08:22:28'),(86,86,86,28000.00,'2026-06-22 08:22:28','2026-06-22 08:22:28'),(87,87,87,28000.00,'2026-06-22 08:22:28','2026-06-22 08:22:28'),(88,88,88,28000.00,'2026-06-22 08:22:28','2026-06-22 08:22:28'),(89,89,89,28000.00,'2026-06-22 08:22:28','2026-06-22 08:22:28'),(90,90,90,28000.00,'2026-06-22 08:22:28','2026-06-22 08:22:28'),(91,91,91,33000.00,'2026-06-22 08:22:28','2026-06-22 08:22:28'),(92,92,92,33000.00,'2026-06-22 08:22:28','2026-06-22 08:22:28'),(93,93,93,33000.00,'2026-06-22 08:22:28','2026-06-22 08:22:28'),(94,94,94,33000.00,'2026-06-22 08:22:28','2026-06-22 08:22:28'),(95,95,95,33000.00,'2026-06-22 08:22:28','2026-06-22 08:22:28'),(96,96,96,28000.00,'2026-06-22 08:22:28','2026-06-22 08:22:28'),(97,97,97,28000.00,'2026-06-22 08:22:28','2026-06-22 08:22:28'),(98,98,98,28000.00,'2026-06-22 08:22:28','2026-06-22 08:22:28'),(99,99,99,28000.00,'2026-06-22 08:22:28','2026-06-22 08:22:28'),(100,100,100,28000.00,'2026-06-22 08:22:28','2026-06-22 08:22:28'),(101,101,101,28000.00,'2026-06-22 08:22:28','2026-06-22 08:22:28'),(102,102,102,28000.00,'2026-06-22 08:22:28','2026-06-22 08:22:28'),(103,103,103,28000.00,'2026-06-22 08:22:28','2026-06-22 08:22:28'),(104,104,104,28000.00,'2026-06-22 08:22:28','2026-06-22 08:22:28'),(105,105,106,33000.00,'2026-06-22 08:22:28','2026-06-22 08:22:28'),(106,106,107,33000.00,'2026-06-22 08:22:28','2026-06-22 08:22:28'),(107,107,108,33000.00,'2026-06-22 08:22:28','2026-06-22 08:22:28'),(108,108,109,33000.00,'2026-06-22 08:22:28','2026-06-22 08:22:28'),(109,109,111,28000.00,'2026-06-22 08:22:28','2026-06-22 08:22:28'),(110,110,112,28000.00,'2026-06-22 08:22:28','2026-06-22 08:22:28'),(111,111,113,28000.00,'2026-06-22 08:22:28','2026-06-22 08:22:28'),(112,112,114,28000.00,'2026-06-22 08:22:28','2026-06-22 08:22:28'),(113,113,116,33000.00,'2026-06-22 08:22:28','2026-06-22 08:22:28'),(114,114,117,33000.00,'2026-06-22 08:22:28','2026-06-22 08:22:28'),(115,115,118,33000.00,'2026-06-22 08:22:28','2026-06-22 08:22:28'),(116,116,119,33000.00,'2026-06-22 08:22:28','2026-06-22 08:22:28'),(117,117,121,28000.00,'2026-06-22 08:22:28','2026-06-22 08:22:28'),(118,118,122,28000.00,'2026-06-22 08:22:28','2026-06-22 08:22:28'),(119,119,123,28000.00,'2026-06-22 08:22:28','2026-06-22 08:22:28'),(120,120,124,28000.00,'2026-06-22 08:22:28','2026-06-22 08:22:28'),(121,121,126,33000.00,'2026-06-22 08:22:28','2026-06-22 08:22:28'),(122,122,127,33000.00,'2026-06-22 08:22:28','2026-06-22 08:22:28'),(123,123,128,33000.00,'2026-06-22 08:22:28','2026-06-22 08:22:28'),(124,124,129,33000.00,'2026-06-22 08:22:28','2026-06-22 08:22:28'),(125,125,131,28000.00,'2026-06-22 08:22:28','2026-06-22 08:22:28'),(126,126,132,28000.00,'2026-06-22 08:22:28','2026-06-22 08:22:28'),(127,127,133,28000.00,'2026-06-22 08:22:28','2026-06-22 08:22:28'),(128,128,134,28000.00,'2026-06-22 08:22:28','2026-06-22 08:22:28'),(129,129,136,33000.00,'2026-06-22 08:22:28','2026-06-22 08:22:28'),(130,130,137,33000.00,'2026-06-22 08:22:28','2026-06-22 08:22:28'),(131,131,138,33000.00,'2026-06-22 08:22:28','2026-06-22 08:22:28'),(132,132,141,28000.00,'2026-06-22 08:22:28','2026-06-22 08:22:28'),(133,133,142,28000.00,'2026-06-22 08:22:28','2026-06-22 08:22:28'),(134,134,143,28000.00,'2026-06-22 08:22:28','2026-06-22 08:22:28'),(135,135,146,33000.00,'2026-06-22 08:22:28','2026-06-22 08:22:28'),(136,136,147,33000.00,'2026-06-22 08:22:28','2026-06-22 08:22:28'),(137,137,148,33000.00,'2026-06-22 08:22:28','2026-06-22 08:22:28'),(138,138,151,28000.00,'2026-06-22 08:22:28','2026-06-22 08:22:28'),(139,139,152,28000.00,'2026-06-22 08:22:28','2026-06-22 08:22:28'),(140,140,153,28000.00,'2026-06-22 08:22:28','2026-06-22 08:22:28'),(141,141,156,33000.00,'2026-06-22 08:22:28','2026-06-22 08:22:28'),(142,142,157,33000.00,'2026-06-22 08:22:28','2026-06-22 08:22:28'),(143,143,158,33000.00,'2026-06-22 08:22:28','2026-06-22 08:22:28'),(144,144,161,28000.00,'2026-06-22 08:22:28','2026-06-22 08:22:28'),(145,145,166,33000.00,'2026-06-22 08:22:28','2026-06-22 08:22:28');
/*!40000 ALTER TABLE `pago_deuda_cuota` ENABLE KEYS */;
UNLOCK TABLES;

--
-- Table structure for table `pagos`
--

DROP TABLE IF EXISTS `pagos`;
/*!40101 SET @saved_cs_client     = @@character_set_client */;
/*!40101 SET character_set_client = utf8 */;
CREATE TABLE `pagos` (
  `id` bigint(20) unsigned NOT NULL AUTO_INCREMENT,
  `alumno_id` bigint(20) unsigned NOT NULL,
  `plan_id` bigint(20) unsigned DEFAULT NULL,
  `regla_primer_pago_id` bigint(20) unsigned DEFAULT NULL,
  `mes` tinyint(3) unsigned NOT NULL,
  `anio` smallint(5) unsigned NOT NULL,
  `monto_base` decimal(10,2) NOT NULL,
  `porcentaje_aplicado` decimal(5,2) NOT NULL,
  `monto_final` decimal(10,2) NOT NULL,
  `forma_pago_id` bigint(20) unsigned DEFAULT NULL,
  `fecha_pago` date NOT NULL,
  `observaciones` text DEFAULT NULL,
  `estado` enum('pagado','parcial','adeuda','COMPLETADO','ANULADO') NOT NULL DEFAULT 'pagado',
  `created_at` timestamp NULL DEFAULT NULL,
  `updated_at` timestamp NULL DEFAULT NULL,
  PRIMARY KEY (`id`),
  KEY `pagos_alumno_id_foreign` (`alumno_id`),
  KEY `pagos_plan_id_foreign` (`plan_id`),
  KEY `pagos_regla_primer_pago_id_foreign` (`regla_primer_pago_id`),
  KEY `pagos_forma_pago_id_foreign` (`forma_pago_id`),
  CONSTRAINT `pagos_alumno_id_foreign` FOREIGN KEY (`alumno_id`) REFERENCES `alumnos` (`id`) ON DELETE CASCADE,
  CONSTRAINT `pagos_forma_pago_id_foreign` FOREIGN KEY (`forma_pago_id`) REFERENCES `formas_pago` (`id`),
  CONSTRAINT `pagos_plan_id_foreign` FOREIGN KEY (`plan_id`) REFERENCES `grupo_planes` (`id`),
  CONSTRAINT `pagos_regla_primer_pago_id_foreign` FOREIGN KEY (`regla_primer_pago_id`) REFERENCES `reglas_primer_pago` (`id`) ON DELETE SET NULL
) ENGINE=InnoDB AUTO_INCREMENT=146 DEFAULT CHARSET=utf8mb4 COLLATE=utf8mb4_unicode_ci;
/*!40101 SET character_set_client = @saved_cs_client */;

--
-- Dumping data for table `pagos`
--

LOCK TABLES `pagos` WRITE;
/*!40000 ALTER TABLE `pagos` DISABLE KEYS */;
INSERT INTO `pagos` VALUES (1,1,NULL,NULL,1,2026,25000.00,100.00,25000.00,NULL,'2026-01-06','Cuota 2026-01','COMPLETADO','2026-06-22 08:22:28','2026-06-22 08:22:28'),(2,1,NULL,NULL,2,2026,25000.00,100.00,25000.00,NULL,'2026-02-06','Cuota 2026-02','COMPLETADO','2026-06-22 08:22:28','2026-06-22 08:22:28'),(3,1,NULL,NULL,3,2026,25000.00,100.00,25000.00,NULL,'2026-03-06','Cuota 2026-03','COMPLETADO','2026-06-22 08:22:28','2026-06-22 08:22:28'),(4,1,NULL,NULL,4,2026,25000.00,100.00,25000.00,NULL,'2026-04-06','Cuota 2026-04','COMPLETADO','2026-06-22 08:22:28','2026-06-22 08:22:28'),(5,1,NULL,NULL,5,2026,25000.00,100.00,25000.00,NULL,'2026-05-06','Cuota 2026-05','COMPLETADO','2026-06-22 08:22:28','2026-06-22 08:22:28'),(6,2,NULL,NULL,1,2026,30000.00,100.00,30000.00,NULL,'2026-01-07','Cuota 2026-01','COMPLETADO','2026-06-22 08:22:28','2026-06-22 08:22:28'),(7,2,NULL,NULL,2,2026,30000.00,100.00,30000.00,NULL,'2026-02-07','Cuota 2026-02','COMPLETADO','2026-06-22 08:22:28','2026-06-22 08:22:28'),(8,2,NULL,NULL,3,2026,30000.00,100.00,30000.00,NULL,'2026-03-07','Cuota 2026-03','COMPLETADO','2026-06-22 08:22:28','2026-06-22 08:22:28'),(9,2,NULL,NULL,4,2026,30000.00,100.00,30000.00,NULL,'2026-04-07','Cuota 2026-04','COMPLETADO','2026-06-22 08:22:28','2026-06-22 08:22:28'),(10,2,NULL,NULL,5,2026,30000.00,100.00,30000.00,NULL,'2026-05-07','Cuota 2026-05','COMPLETADO','2026-06-22 08:22:28','2026-06-22 08:22:28'),(11,3,NULL,NULL,1,2026,25000.00,100.00,25000.00,NULL,'2026-01-08','Cuota 2026-01','COMPLETADO','2026-06-22 08:22:28','2026-06-22 08:22:28'),(12,3,NULL,NULL,2,2026,25000.00,100.00,25000.00,NULL,'2026-02-08','Cuota 2026-02','COMPLETADO','2026-06-22 08:22:28','2026-06-22 08:22:28'),(13,3,NULL,NULL,3,2026,25000.00,100.00,25000.00,NULL,'2026-03-08','Cuota 2026-03','COMPLETADO','2026-06-22 08:22:28','2026-06-22 08:22:28'),(14,3,NULL,NULL,4,2026,25000.00,100.00,25000.00,NULL,'2026-04-08','Cuota 2026-04','COMPLETADO','2026-06-22 08:22:28','2026-06-22 08:22:28'),(15,3,NULL,NULL,5,2026,25000.00,100.00,25000.00,NULL,'2026-05-08','Cuota 2026-05','COMPLETADO','2026-06-22 08:22:28','2026-06-22 08:22:28'),(16,4,NULL,NULL,1,2026,30000.00,100.00,30000.00,NULL,'2026-01-09','Cuota 2026-01','COMPLETADO','2026-06-22 08:22:28','2026-06-22 08:22:28'),(17,4,NULL,NULL,2,2026,30000.00,100.00,30000.00,NULL,'2026-02-09','Cuota 2026-02','COMPLETADO','2026-06-22 08:22:28','2026-06-22 08:22:28'),(18,4,NULL,NULL,3,2026,30000.00,100.00,30000.00,NULL,'2026-03-09','Cuota 2026-03','COMPLETADO','2026-06-22 08:22:28','2026-06-22 08:22:28'),(19,4,NULL,NULL,4,2026,30000.00,100.00,30000.00,NULL,'2026-04-09','Cuota 2026-04','COMPLETADO','2026-06-22 08:22:28','2026-06-22 08:22:28'),(20,4,NULL,NULL,5,2026,30000.00,100.00,30000.00,NULL,'2026-05-09','Cuota 2026-05','COMPLETADO','2026-06-22 08:22:28','2026-06-22 08:22:28'),(21,5,NULL,NULL,1,2026,25000.00,100.00,25000.00,NULL,'2026-01-10','Cuota 2026-01','COMPLETADO','2026-06-22 08:22:28','2026-06-22 08:22:28'),(22,5,NULL,NULL,2,2026,25000.00,100.00,25000.00,NULL,'2026-02-10','Cuota 2026-02','COMPLETADO','2026-06-22 08:22:28','2026-06-22 08:22:28'),(23,5,NULL,NULL,3,2026,25000.00,100.00,25000.00,NULL,'2026-03-10','Cuota 2026-03','COMPLETADO','2026-06-22 08:22:28','2026-06-22 08:22:28'),(24,5,NULL,NULL,4,2026,25000.00,100.00,25000.00,NULL,'2026-04-10','Cuota 2026-04','COMPLETADO','2026-06-22 08:22:28','2026-06-22 08:22:28'),(25,5,NULL,NULL,5,2026,25000.00,100.00,25000.00,NULL,'2026-05-10','Cuota 2026-05','COMPLETADO','2026-06-22 08:22:28','2026-06-22 08:22:28'),(26,6,NULL,NULL,1,2026,30000.00,100.00,30000.00,NULL,'2026-01-11','Cuota 2026-01','COMPLETADO','2026-06-22 08:22:28','2026-06-22 08:22:28'),(27,6,NULL,NULL,2,2026,30000.00,100.00,30000.00,NULL,'2026-02-11','Cuota 2026-02','COMPLETADO','2026-06-22 08:22:28','2026-06-22 08:22:28'),(28,6,NULL,NULL,3,2026,30000.00,100.00,30000.00,NULL,'2026-03-11','Cuota 2026-03','COMPLETADO','2026-06-22 08:22:28','2026-06-22 08:22:28'),(29,6,NULL,NULL,4,2026,30000.00,100.00,30000.00,NULL,'2026-04-11','Cuota 2026-04','COMPLETADO','2026-06-22 08:22:28','2026-06-22 08:22:28'),(30,6,NULL,NULL,5,2026,30000.00,100.00,30000.00,NULL,'2026-05-11','Cuota 2026-05','COMPLETADO','2026-06-22 08:22:28','2026-06-22 08:22:28'),(31,7,NULL,NULL,1,2026,25000.00,100.00,25000.00,NULL,'2026-01-12','Cuota 2026-01','COMPLETADO','2026-06-22 08:22:28','2026-06-22 08:22:28'),(32,7,NULL,NULL,2,2026,25000.00,100.00,25000.00,NULL,'2026-02-12','Cuota 2026-02','COMPLETADO','2026-06-22 08:22:28','2026-06-22 08:22:28'),(33,7,NULL,NULL,3,2026,25000.00,100.00,25000.00,NULL,'2026-03-12','Cuota 2026-03','COMPLETADO','2026-06-22 08:22:28','2026-06-22 08:22:28'),(34,7,NULL,NULL,4,2026,25000.00,100.00,25000.00,NULL,'2026-04-12','Cuota 2026-04','COMPLETADO','2026-06-22 08:22:28','2026-06-22 08:22:28'),(35,7,NULL,NULL,5,2026,25000.00,100.00,25000.00,NULL,'2026-05-12','Cuota 2026-05','COMPLETADO','2026-06-22 08:22:28','2026-06-22 08:22:28'),(36,8,NULL,NULL,1,2026,30000.00,100.00,30000.00,NULL,'2026-01-13','Cuota 2026-01','COMPLETADO','2026-06-22 08:22:28','2026-06-22 08:22:28'),(37,8,NULL,NULL,2,2026,30000.00,100.00,30000.00,NULL,'2026-02-13','Cuota 2026-02','COMPLETADO','2026-06-22 08:22:28','2026-06-22 08:22:28'),(38,8,NULL,NULL,3,2026,30000.00,100.00,30000.00,NULL,'2026-03-13','Cuota 2026-03','COMPLETADO','2026-06-22 08:22:28','2026-06-22 08:22:28'),(39,8,NULL,NULL,4,2026,30000.00,100.00,30000.00,NULL,'2026-04-13','Cuota 2026-04','COMPLETADO','2026-06-22 08:22:28','2026-06-22 08:22:28'),(40,8,NULL,NULL,5,2026,30000.00,100.00,30000.00,NULL,'2026-05-13','Cuota 2026-05','COMPLETADO','2026-06-22 08:22:28','2026-06-22 08:22:28'),(41,9,NULL,NULL,1,2026,25000.00,100.00,25000.00,NULL,'2026-01-14','Cuota 2026-01','COMPLETADO','2026-06-22 08:22:28','2026-06-22 08:22:28'),(42,9,NULL,NULL,2,2026,25000.00,100.00,25000.00,NULL,'2026-02-14','Cuota 2026-02','COMPLETADO','2026-06-22 08:22:28','2026-06-22 08:22:28'),(43,9,NULL,NULL,3,2026,25000.00,100.00,25000.00,NULL,'2026-03-14','Cuota 2026-03','COMPLETADO','2026-06-22 08:22:28','2026-06-22 08:22:28'),(44,9,NULL,NULL,4,2026,25000.00,100.00,25000.00,NULL,'2026-04-14','Cuota 2026-04','COMPLETADO','2026-06-22 08:22:28','2026-06-22 08:22:28'),(45,9,NULL,NULL,5,2026,25000.00,100.00,25000.00,NULL,'2026-05-14','Cuota 2026-05','COMPLETADO','2026-06-22 08:22:28','2026-06-22 08:22:28'),(46,10,NULL,NULL,1,2026,30000.00,100.00,30000.00,NULL,'2026-01-15','Cuota 2026-01','COMPLETADO','2026-06-22 08:22:28','2026-06-22 08:22:28'),(47,10,NULL,NULL,2,2026,30000.00,100.00,30000.00,NULL,'2026-02-15','Cuota 2026-02','COMPLETADO','2026-06-22 08:22:28','2026-06-22 08:22:28'),(48,10,NULL,NULL,3,2026,30000.00,100.00,30000.00,NULL,'2026-03-15','Cuota 2026-03','COMPLETADO','2026-06-22 08:22:28','2026-06-22 08:22:28'),(49,10,NULL,NULL,4,2026,30000.00,100.00,30000.00,NULL,'2026-04-15','Cuota 2026-04','COMPLETADO','2026-06-22 08:22:28','2026-06-22 08:22:28'),(50,10,NULL,NULL,5,2026,30000.00,100.00,30000.00,NULL,'2026-05-15','Cuota 2026-05','COMPLETADO','2026-06-22 08:22:28','2026-06-22 08:22:28'),(51,11,NULL,NULL,1,2026,25000.00,100.00,25000.00,NULL,'2026-01-16','Cuota 2026-01','COMPLETADO','2026-06-22 08:22:28','2026-06-22 08:22:28'),(52,11,NULL,NULL,2,2026,25000.00,100.00,25000.00,NULL,'2026-02-16','Cuota 2026-02','COMPLETADO','2026-06-22 08:22:28','2026-06-22 08:22:28'),(53,11,NULL,NULL,3,2026,25000.00,100.00,25000.00,NULL,'2026-03-16','Cuota 2026-03','COMPLETADO','2026-06-22 08:22:28','2026-06-22 08:22:28'),(54,11,NULL,NULL,4,2026,25000.00,100.00,25000.00,NULL,'2026-04-16','Cuota 2026-04','COMPLETADO','2026-06-22 08:22:28','2026-06-22 08:22:28'),(55,11,NULL,NULL,5,2026,25000.00,100.00,25000.00,NULL,'2026-05-16','Cuota 2026-05','COMPLETADO','2026-06-22 08:22:28','2026-06-22 08:22:28'),(56,13,NULL,NULL,1,2026,28000.00,100.00,28000.00,NULL,'2026-01-18','Cuota 2026-01','COMPLETADO','2026-06-22 08:22:28','2026-06-22 08:22:28'),(57,13,NULL,NULL,2,2026,28000.00,100.00,28000.00,NULL,'2026-02-18','Cuota 2026-02','COMPLETADO','2026-06-22 08:22:28','2026-06-22 08:22:28'),(58,13,NULL,NULL,3,2026,28000.00,100.00,28000.00,NULL,'2026-03-18','Cuota 2026-03','COMPLETADO','2026-06-22 08:22:28','2026-06-22 08:22:28'),(59,13,NULL,NULL,4,2026,28000.00,100.00,28000.00,NULL,'2026-04-18','Cuota 2026-04','COMPLETADO','2026-06-22 08:22:28','2026-06-22 08:22:28'),(60,13,NULL,NULL,5,2026,28000.00,100.00,28000.00,NULL,'2026-05-18','Cuota 2026-05','COMPLETADO','2026-06-22 08:22:28','2026-06-22 08:22:28'),(61,14,NULL,NULL,1,2026,33000.00,100.00,33000.00,NULL,'2026-01-19','Cuota 2026-01','COMPLETADO','2026-06-22 08:22:28','2026-06-22 08:22:28'),(62,14,NULL,NULL,2,2026,33000.00,100.00,33000.00,NULL,'2026-02-19','Cuota 2026-02','COMPLETADO','2026-06-22 08:22:28','2026-06-22 08:22:28'),(63,14,NULL,NULL,3,2026,33000.00,100.00,33000.00,NULL,'2026-03-19','Cuota 2026-03','COMPLETADO','2026-06-22 08:22:28','2026-06-22 08:22:28'),(64,14,NULL,NULL,4,2026,33000.00,100.00,33000.00,NULL,'2026-04-19','Cuota 2026-04','COMPLETADO','2026-06-22 08:22:28','2026-06-22 08:22:28'),(65,14,NULL,NULL,5,2026,33000.00,100.00,33000.00,NULL,'2026-05-19','Cuota 2026-05','COMPLETADO','2026-06-22 08:22:28','2026-06-22 08:22:28'),(66,15,NULL,NULL,1,2026,28000.00,100.00,28000.00,NULL,'2026-01-20','Cuota 2026-01','COMPLETADO','2026-06-22 08:22:28','2026-06-22 08:22:28'),(67,15,NULL,NULL,2,2026,28000.00,100.00,28000.00,NULL,'2026-02-20','Cuota 2026-02','COMPLETADO','2026-06-22 08:22:28','2026-06-22 08:22:28'),(68,15,NULL,NULL,3,2026,28000.00,100.00,28000.00,NULL,'2026-03-20','Cuota 2026-03','COMPLETADO','2026-06-22 08:22:28','2026-06-22 08:22:28'),(69,15,NULL,NULL,4,2026,28000.00,100.00,28000.00,NULL,'2026-04-20','Cuota 2026-04','COMPLETADO','2026-06-22 08:22:28','2026-06-22 08:22:28'),(70,15,NULL,NULL,5,2026,28000.00,100.00,28000.00,NULL,'2026-05-20','Cuota 2026-05','COMPLETADO','2026-06-22 08:22:28','2026-06-22 08:22:28'),(71,16,NULL,NULL,1,2026,33000.00,100.00,33000.00,NULL,'2026-01-05','Cuota 2026-01','COMPLETADO','2026-06-22 08:22:28','2026-06-22 08:22:28'),(72,16,NULL,NULL,2,2026,33000.00,100.00,33000.00,NULL,'2026-02-05','Cuota 2026-02','COMPLETADO','2026-06-22 08:22:28','2026-06-22 08:22:28'),(73,16,NULL,NULL,3,2026,33000.00,100.00,33000.00,NULL,'2026-03-05','Cuota 2026-03','COMPLETADO','2026-06-22 08:22:28','2026-06-22 08:22:28'),(74,16,NULL,NULL,4,2026,33000.00,100.00,33000.00,NULL,'2026-04-05','Cuota 2026-04','COMPLETADO','2026-06-22 08:22:28','2026-06-22 08:22:28'),(75,16,NULL,NULL,5,2026,33000.00,100.00,33000.00,NULL,'2026-05-05','Cuota 2026-05','COMPLETADO','2026-06-22 08:22:28','2026-06-22 08:22:28'),(76,17,NULL,NULL,1,2026,28000.00,100.00,28000.00,NULL,'2026-01-06','Cuota 2026-01','COMPLETADO','2026-06-22 08:22:28','2026-06-22 08:22:28'),(77,17,NULL,NULL,2,2026,28000.00,100.00,28000.00,NULL,'2026-02-06','Cuota 2026-02','COMPLETADO','2026-06-22 08:22:28','2026-06-22 08:22:28'),(78,17,NULL,NULL,3,2026,28000.00,100.00,28000.00,NULL,'2026-03-06','Cuota 2026-03','COMPLETADO','2026-06-22 08:22:28','2026-06-22 08:22:28'),(79,17,NULL,NULL,4,2026,28000.00,100.00,28000.00,NULL,'2026-04-06','Cuota 2026-04','COMPLETADO','2026-06-22 08:22:28','2026-06-22 08:22:28'),(80,17,NULL,NULL,5,2026,28000.00,100.00,28000.00,NULL,'2026-05-06','Cuota 2026-05','COMPLETADO','2026-06-22 08:22:28','2026-06-22 08:22:28'),(81,18,NULL,NULL,1,2026,33000.00,100.00,33000.00,NULL,'2026-01-07','Cuota 2026-01','COMPLETADO','2026-06-22 08:22:28','2026-06-22 08:22:28'),(82,18,NULL,NULL,2,2026,33000.00,100.00,33000.00,NULL,'2026-02-07','Cuota 2026-02','COMPLETADO','2026-06-22 08:22:28','2026-06-22 08:22:28'),(83,18,NULL,NULL,3,2026,33000.00,100.00,33000.00,NULL,'2026-03-07','Cuota 2026-03','COMPLETADO','2026-06-22 08:22:28','2026-06-22 08:22:28'),(84,18,NULL,NULL,4,2026,33000.00,100.00,33000.00,NULL,'2026-04-07','Cuota 2026-04','COMPLETADO','2026-06-22 08:22:28','2026-06-22 08:22:28'),(85,18,NULL,NULL,5,2026,33000.00,100.00,33000.00,NULL,'2026-05-07','Cuota 2026-05','COMPLETADO','2026-06-22 08:22:28','2026-06-22 08:22:28'),(86,19,NULL,NULL,1,2026,28000.00,100.00,28000.00,NULL,'2026-01-08','Cuota 2026-01','COMPLETADO','2026-06-22 08:22:28','2026-06-22 08:22:28'),(87,19,NULL,NULL,2,2026,28000.00,100.00,28000.00,NULL,'2026-02-08','Cuota 2026-02','COMPLETADO','2026-06-22 08:22:28','2026-06-22 08:22:28'),(88,19,NULL,NULL,3,2026,28000.00,100.00,28000.00,NULL,'2026-03-08','Cuota 2026-03','COMPLETADO','2026-06-22 08:22:28','2026-06-22 08:22:28'),(89,19,NULL,NULL,4,2026,28000.00,100.00,28000.00,NULL,'2026-04-08','Cuota 2026-04','COMPLETADO','2026-06-22 08:22:28','2026-06-22 08:22:28'),(90,19,NULL,NULL,5,2026,28000.00,100.00,28000.00,NULL,'2026-05-08','Cuota 2026-05','COMPLETADO','2026-06-22 08:22:28','2026-06-22 08:22:28'),(91,20,NULL,NULL,1,2026,33000.00,100.00,33000.00,NULL,'2026-01-09','Cuota 2026-01','COMPLETADO','2026-06-22 08:22:28','2026-06-22 08:22:28'),(92,20,NULL,NULL,2,2026,33000.00,100.00,33000.00,NULL,'2026-02-09','Cuota 2026-02','COMPLETADO','2026-06-22 08:22:28','2026-06-22 08:22:28'),(93,20,NULL,NULL,3,2026,33000.00,100.00,33000.00,NULL,'2026-03-09','Cuota 2026-03','COMPLETADO','2026-06-22 08:22:28','2026-06-22 08:22:28'),(94,20,NULL,NULL,4,2026,33000.00,100.00,33000.00,NULL,'2026-04-09','Cuota 2026-04','COMPLETADO','2026-06-22 08:22:28','2026-06-22 08:22:28'),(95,20,NULL,NULL,5,2026,33000.00,100.00,33000.00,NULL,'2026-05-09','Cuota 2026-05','COMPLETADO','2026-06-22 08:22:28','2026-06-22 08:22:28'),(96,21,NULL,NULL,1,2026,28000.00,100.00,28000.00,NULL,'2026-01-10','Cuota 2026-01','COMPLETADO','2026-06-22 08:22:28','2026-06-22 08:22:28'),(97,21,NULL,NULL,2,2026,28000.00,100.00,28000.00,NULL,'2026-02-10','Cuota 2026-02','COMPLETADO','2026-06-22 08:22:28','2026-06-22 08:22:28'),(98,21,NULL,NULL,3,2026,28000.00,100.00,28000.00,NULL,'2026-03-10','Cuota 2026-03','COMPLETADO','2026-06-22 08:22:28','2026-06-22 08:22:28'),(99,21,NULL,NULL,4,2026,28000.00,100.00,28000.00,NULL,'2026-04-10','Cuota 2026-04','COMPLETADO','2026-06-22 08:22:28','2026-06-22 08:22:28'),(100,21,NULL,NULL,5,2026,28000.00,100.00,28000.00,NULL,'2026-05-10','Cuota 2026-05','COMPLETADO','2026-06-22 08:22:28','2026-06-22 08:22:28'),(101,23,NULL,NULL,1,2026,28000.00,100.00,28000.00,NULL,'2026-01-12','Cuota 2026-01','COMPLETADO','2026-06-22 08:22:28','2026-06-22 08:22:28'),(102,23,NULL,NULL,2,2026,28000.00,100.00,28000.00,NULL,'2026-02-12','Cuota 2026-02','COMPLETADO','2026-06-22 08:22:28','2026-06-22 08:22:28'),(103,23,NULL,NULL,3,2026,28000.00,100.00,28000.00,NULL,'2026-03-12','Cuota 2026-03','COMPLETADO','2026-06-22 08:22:28','2026-06-22 08:22:28'),(104,23,NULL,NULL,4,2026,28000.00,100.00,28000.00,NULL,'2026-04-12','Cuota 2026-04','COMPLETADO','2026-06-22 08:22:28','2026-06-22 08:22:28'),(105,24,NULL,NULL,1,2026,33000.00,100.00,33000.00,NULL,'2026-01-13','Cuota 2026-01','COMPLETADO','2026-06-22 08:22:28','2026-06-22 08:22:28'),(106,24,NULL,NULL,2,2026,33000.00,100.00,33000.00,NULL,'2026-02-13','Cuota 2026-02','COMPLETADO','2026-06-22 08:22:28','2026-06-22 08:22:28'),(107,24,NULL,NULL,3,2026,33000.00,100.00,33000.00,NULL,'2026-03-13','Cuota 2026-03','COMPLETADO','2026-06-22 08:22:28','2026-06-22 08:22:28'),(108,24,NULL,NULL,4,2026,33000.00,100.00,33000.00,NULL,'2026-04-13','Cuota 2026-04','COMPLETADO','2026-06-22 08:22:28','2026-06-22 08:22:28'),(109,25,NULL,NULL,1,2026,28000.00,100.00,28000.00,NULL,'2026-01-14','Cuota 2026-01','COMPLETADO','2026-06-22 08:22:28','2026-06-22 08:22:28'),(110,25,NULL,NULL,2,2026,28000.00,100.00,28000.00,NULL,'2026-02-14','Cuota 2026-02','COMPLETADO','2026-06-22 08:22:28','2026-06-22 08:22:28'),(111,25,NULL,NULL,3,2026,28000.00,100.00,28000.00,NULL,'2026-03-14','Cuota 2026-03','COMPLETADO','2026-06-22 08:22:28','2026-06-22 08:22:28'),(112,25,NULL,NULL,4,2026,28000.00,100.00,28000.00,NULL,'2026-04-14','Cuota 2026-04','COMPLETADO','2026-06-22 08:22:28','2026-06-22 08:22:28'),(113,26,NULL,NULL,1,2026,33000.00,100.00,33000.00,NULL,'2026-01-15','Cuota 2026-01','COMPLETADO','2026-06-22 08:22:28','2026-06-22 08:22:28'),(114,26,NULL,NULL,2,2026,33000.00,100.00,33000.00,NULL,'2026-02-15','Cuota 2026-02','COMPLETADO','2026-06-22 08:22:28','2026-06-22 08:22:28'),(115,26,NULL,NULL,3,2026,33000.00,100.00,33000.00,NULL,'2026-03-15','Cuota 2026-03','COMPLETADO','2026-06-22 08:22:28','2026-06-22 08:22:28'),(116,26,NULL,NULL,4,2026,33000.00,100.00,33000.00,NULL,'2026-04-15','Cuota 2026-04','COMPLETADO','2026-06-22 08:22:28','2026-06-22 08:22:28'),(117,27,NULL,NULL,1,2026,28000.00,100.00,28000.00,NULL,'2026-01-16','Cuota 2026-01','COMPLETADO','2026-06-22 08:22:28','2026-06-22 08:22:28'),(118,27,NULL,NULL,2,2026,28000.00,100.00,28000.00,NULL,'2026-02-16','Cuota 2026-02','COMPLETADO','2026-06-22 08:22:28','2026-06-22 08:22:28'),(119,27,NULL,NULL,3,2026,28000.00,100.00,28000.00,NULL,'2026-03-16','Cuota 2026-03','COMPLETADO','2026-06-22 08:22:28','2026-06-22 08:22:28'),(120,27,NULL,NULL,4,2026,28000.00,100.00,28000.00,NULL,'2026-04-16','Cuota 2026-04','COMPLETADO','2026-06-22 08:22:28','2026-06-22 08:22:28'),(121,28,NULL,NULL,1,2026,33000.00,100.00,33000.00,NULL,'2026-01-17','Cuota 2026-01','COMPLETADO','2026-06-22 08:22:28','2026-06-22 08:22:28'),(122,28,NULL,NULL,2,2026,33000.00,100.00,33000.00,NULL,'2026-02-17','Cuota 2026-02','COMPLETADO','2026-06-22 08:22:28','2026-06-22 08:22:28'),(123,28,NULL,NULL,3,2026,33000.00,100.00,33000.00,NULL,'2026-03-17','Cuota 2026-03','COMPLETADO','2026-06-22 08:22:28','2026-06-22 08:22:28'),(124,28,NULL,NULL,4,2026,33000.00,100.00,33000.00,NULL,'2026-04-17','Cuota 2026-04','COMPLETADO','2026-06-22 08:22:28','2026-06-22 08:22:28'),(125,29,NULL,NULL,1,2026,28000.00,100.00,28000.00,NULL,'2026-01-18','Cuota 2026-01','COMPLETADO','2026-06-22 08:22:28','2026-06-22 08:22:28'),(126,29,NULL,NULL,2,2026,28000.00,100.00,28000.00,NULL,'2026-02-18','Cuota 2026-02','COMPLETADO','2026-06-22 08:22:28','2026-06-22 08:22:28'),(127,29,NULL,NULL,3,2026,28000.00,100.00,28000.00,NULL,'2026-03-18','Cuota 2026-03','COMPLETADO','2026-06-22 08:22:28','2026-06-22 08:22:28'),(128,29,NULL,NULL,4,2026,28000.00,100.00,28000.00,NULL,'2026-04-18','Cuota 2026-04','COMPLETADO','2026-06-22 08:22:28','2026-06-22 08:22:28'),(129,30,NULL,NULL,1,2026,33000.00,100.00,33000.00,NULL,'2026-01-19','Cuota 2026-01','COMPLETADO','2026-06-22 08:22:28','2026-06-22 08:22:28'),(130,30,NULL,NULL,2,2026,33000.00,100.00,33000.00,NULL,'2026-02-19','Cuota 2026-02','COMPLETADO','2026-06-22 08:22:28','2026-06-22 08:22:28'),(131,30,NULL,NULL,3,2026,33000.00,100.00,33000.00,NULL,'2026-03-19','Cuota 2026-03','COMPLETADO','2026-06-22 08:22:28','2026-06-22 08:22:28'),(132,31,NULL,NULL,1,2026,28000.00,100.00,28000.00,NULL,'2026-01-20','Cuota 2026-01','COMPLETADO','2026-06-22 08:22:28','2026-06-22 08:22:28'),(133,31,NULL,NULL,2,2026,28000.00,100.00,28000.00,NULL,'2026-02-20','Cuota 2026-02','COMPLETADO','2026-06-22 08:22:28','2026-06-22 08:22:28'),(134,31,NULL,NULL,3,2026,28000.00,100.00,28000.00,NULL,'2026-03-20','Cuota 2026-03','COMPLETADO','2026-06-22 08:22:28','2026-06-22 08:22:28'),(135,32,NULL,NULL,1,2026,33000.00,100.00,33000.00,NULL,'2026-01-05','Cuota 2026-01','COMPLETADO','2026-06-22 08:22:28','2026-06-22 08:22:28'),(136,32,NULL,NULL,2,2026,33000.00,100.00,33000.00,NULL,'2026-02-05','Cuota 2026-02','COMPLETADO','2026-06-22 08:22:28','2026-06-22 08:22:28'),(137,32,NULL,NULL,3,2026,33000.00,100.00,33000.00,NULL,'2026-03-05','Cuota 2026-03','COMPLETADO','2026-06-22 08:22:28','2026-06-22 08:22:28'),(138,33,NULL,NULL,1,2026,28000.00,100.00,28000.00,NULL,'2026-01-06','Cuota 2026-01','COMPLETADO','2026-06-22 08:22:28','2026-06-22 08:22:28'),(139,33,NULL,NULL,2,2026,28000.00,100.00,28000.00,NULL,'2026-02-06','Cuota 2026-02','COMPLETADO','2026-06-22 08:22:28','2026-06-22 08:22:28'),(140,33,NULL,NULL,3,2026,28000.00,100.00,28000.00,NULL,'2026-03-06','Cuota 2026-03','COMPLETADO','2026-06-22 08:22:28','2026-06-22 08:22:28'),(141,34,NULL,NULL,1,2026,33000.00,100.00,33000.00,NULL,'2026-01-07','Cuota 2026-01','COMPLETADO','2026-06-22 08:22:28','2026-06-22 08:22:28'),(142,34,NULL,NULL,2,2026,33000.00,100.00,33000.00,NULL,'2026-02-07','Cuota 2026-02','COMPLETADO','2026-06-22 08:22:28','2026-06-22 08:22:28'),(143,34,NULL,NULL,3,2026,33000.00,100.00,33000.00,NULL,'2026-03-07','Cuota 2026-03','COMPLETADO','2026-06-22 08:22:28','2026-06-22 08:22:28'),(144,35,NULL,NULL,1,2026,28000.00,100.00,28000.00,NULL,'2026-01-08','Cuota 2026-01','COMPLETADO','2026-06-22 08:22:28','2026-06-22 08:22:28'),(145,36,NULL,NULL,1,2026,33000.00,100.00,33000.00,NULL,'2026-01-09','Cuota 2026-01','COMPLETADO','2026-06-22 08:22:28','2026-06-22 08:22:28');
/*!40000 ALTER TABLE `pagos` ENABLE KEYS */;
UNLOCK TABLES;

--
-- Table structure for table `password_reset_tokens`
--

DROP TABLE IF EXISTS `password_reset_tokens`;
/*!40101 SET @saved_cs_client     = @@character_set_client */;
/*!40101 SET character_set_client = utf8 */;
CREATE TABLE `password_reset_tokens` (
  `email` varchar(255) NOT NULL,
  `token` varchar(255) NOT NULL,
  `created_at` timestamp NULL DEFAULT NULL,
  PRIMARY KEY (`email`)
) ENGINE=InnoDB DEFAULT CHARSET=utf8mb4 COLLATE=utf8mb4_unicode_ci;
/*!40101 SET character_set_client = @saved_cs_client */;

--
-- Dumping data for table `password_reset_tokens`
--

LOCK TABLES `password_reset_tokens` WRITE;
/*!40000 ALTER TABLE `password_reset_tokens` DISABLE KEYS */;
/*!40000 ALTER TABLE `password_reset_tokens` ENABLE KEYS */;
UNLOCK TABLES;

--
-- Table structure for table `personal_access_tokens`
--

DROP TABLE IF EXISTS `personal_access_tokens`;
/*!40101 SET @saved_cs_client     = @@character_set_client */;
/*!40101 SET character_set_client = utf8 */;
CREATE TABLE `personal_access_tokens` (
  `id` bigint(20) unsigned NOT NULL AUTO_INCREMENT,
  `tokenable_type` varchar(255) NOT NULL,
  `tokenable_id` bigint(20) unsigned NOT NULL,
  `name` text NOT NULL,
  `token` varchar(64) NOT NULL,
  `abilities` text DEFAULT NULL,
  `last_used_at` timestamp NULL DEFAULT NULL,
  `expires_at` timestamp NULL DEFAULT NULL,
  `created_at` timestamp NULL DEFAULT NULL,
  `updated_at` timestamp NULL DEFAULT NULL,
  PRIMARY KEY (`id`),
  UNIQUE KEY `personal_access_tokens_token_unique` (`token`),
  KEY `personal_access_tokens_tokenable_type_tokenable_id_index` (`tokenable_type`,`tokenable_id`),
  KEY `personal_access_tokens_expires_at_index` (`expires_at`)
) ENGINE=InnoDB AUTO_INCREMENT=4 DEFAULT CHARSET=utf8mb4 COLLATE=utf8mb4_unicode_ci;
/*!40101 SET character_set_client = @saved_cs_client */;

--
-- Dumping data for table `personal_access_tokens`
--

LOCK TABLES `personal_access_tokens` WRITE;
/*!40000 ALTER TABLE `personal_access_tokens` DISABLE KEYS */;
INSERT INTO `personal_access_tokens` VALUES (1,'App\\Models\\User',1,'test','2f7f4f8c0c39a24b94997bc00f1dbd20ab82d8b6cf284a068a35be07752bd7e2','[\"*\"]',NULL,NULL,'2026-02-11 22:12:27','2026-02-11 22:12:27'),(2,'App\\Models\\User',2,'test','87120abf769768dc39b9e501cbe5da3c7ec9a498dae51f9683909ae0aa3cb863','[\"*\"]',NULL,NULL,'2026-02-11 22:12:27','2026-02-11 22:12:27'),(3,'App\\Models\\User',1,'auth-token','440c9e251c5036566129544357c1a8df8194eefd1c13097953a12f87dcc3ad42','[\"*\"]',NULL,NULL,'2026-02-11 22:13:13','2026-02-11 22:13:13');
/*!40000 ALTER TABLE `personal_access_tokens` ENABLE KEYS */;
UNLOCK TABLES;

--
-- Table structure for table `profesores`
--

DROP TABLE IF EXISTS `profesores`;
/*!40101 SET @saved_cs_client     = @@character_set_client */;
/*!40101 SET character_set_client = utf8 */;
CREATE TABLE `profesores` (
  `id` bigint(20) unsigned NOT NULL AUTO_INCREMENT,
  `deporte_id` bigint(20) unsigned DEFAULT NULL,
  `nombre` varchar(255) NOT NULL,
  `apellido` varchar(255) NOT NULL,
  `dni` varchar(20) NOT NULL,
  `fecha_nacimiento` date NOT NULL,
  `direccion` varchar(255) NOT NULL,
  `localidad` varchar(255) NOT NULL,
  `email` varchar(255) DEFAULT NULL,
  `telefono` varchar(255) DEFAULT NULL,
  `valor_hora` decimal(10,2) DEFAULT NULL,
  `porcentaje_comision` decimal(5,2) DEFAULT NULL,
  `activo` tinyint(1) NOT NULL DEFAULT 1,
  `created_at` timestamp NULL DEFAULT NULL,
  `updated_at` timestamp NULL DEFAULT NULL,
  PRIMARY KEY (`id`),
  UNIQUE KEY `profesores_dni_unique` (`dni`),
  KEY `profesores_deporte_id_foreign` (`deporte_id`),
  CONSTRAINT `profesores_deporte_id_foreign` FOREIGN KEY (`deporte_id`) REFERENCES `deportes` (`id`)
) ENGINE=InnoDB AUTO_INCREMENT=7 DEFAULT CHARSET=utf8mb4 COLLATE=utf8mb4_unicode_ci;
/*!40101 SET character_set_client = @saved_cs_client */;

--
-- Dumping data for table `profesores`
--

LOCK TABLES `profesores` WRITE;
/*!40000 ALTER TABLE `profesores` DISABLE KEYS */;
INSERT INTO `profesores` VALUES (1,1,'Jorge','Mitre','20100001','1985-03-12','Sin datos','Buenos Aires',NULL,NULL,10000.00,NULL,1,'2026-06-22 08:22:30','2026-06-22 08:22:30'),(2,1,'Ana','López','20100002','1990-07-25','Sin datos','Buenos Aires',NULL,NULL,10000.00,NULL,1,'2026-06-22 08:22:30','2026-06-22 08:22:30'),(3,1,'Carlos','Rodríguez','20100003','1988-11-03','Sin datos','Buenos Aires',NULL,NULL,10000.00,NULL,1,'2026-06-22 08:22:30','2026-06-22 08:22:30'),(4,1,'Marcela','Fernández','20100004','1992-05-18','Sin datos','Buenos Aires',NULL,NULL,10000.00,NULL,1,'2026-06-22 08:22:30','2026-06-22 08:22:30'),(5,2,'Roberto','García','20100005','1983-09-30','Sin datos','Buenos Aires',NULL,NULL,NULL,30.00,1,'2026-06-22 08:22:30','2026-06-22 08:22:30'),(6,2,'Diego','Martínez','20100006','1987-02-14','Sin datos','Buenos Aires',NULL,NULL,NULL,30.00,1,'2026-06-22 08:22:30','2026-06-22 08:22:30');
/*!40000 ALTER TABLE `profesores` ENABLE KEYS */;
UNLOCK TABLES;

--
-- Table structure for table `reglas_primer_pago`
--

DROP TABLE IF EXISTS `reglas_primer_pago`;
/*!40101 SET @saved_cs_client     = @@character_set_client */;
/*!40101 SET character_set_client = utf8 */;
CREATE TABLE `reglas_primer_pago` (
  `id` bigint(20) unsigned NOT NULL AUTO_INCREMENT,
  `nombre` varchar(255) NOT NULL,
  `dia_desde` tinyint(3) unsigned NOT NULL,
  `dia_hasta` tinyint(3) unsigned NOT NULL,
  `porcentaje` decimal(5,2) NOT NULL,
  `activo` tinyint(1) NOT NULL DEFAULT 1,
  `created_at` timestamp NULL DEFAULT NULL,
  `updated_at` timestamp NULL DEFAULT NULL,
  PRIMARY KEY (`id`)
) ENGINE=InnoDB AUTO_INCREMENT=4 DEFAULT CHARSET=utf8mb4 COLLATE=utf8mb4_unicode_ci;
/*!40101 SET character_set_client = @saved_cs_client */;

--
-- Dumping data for table `reglas_primer_pago`
--

LOCK TABLES `reglas_primer_pago` WRITE;
/*!40000 ALTER TABLE `reglas_primer_pago` DISABLE KEYS */;
INSERT INTO `reglas_primer_pago` VALUES (1,'Primera quincena (1-15)',1,15,100.00,1,'2026-02-11 17:47:42','2026-02-11 17:47:42'),(2,'Segunda quincena (16-23)',16,23,70.00,1,'2026-02-11 17:47:42','2026-02-11 17:47:42'),(3,'Fin de mes (24-31)',24,31,40.00,1,'2026-02-11 17:47:42','2026-02-11 17:47:42');
/*!40000 ALTER TABLE `reglas_primer_pago` ENABLE KEYS */;
UNLOCK TABLES;

--
-- Table structure for table `rubros`
--

DROP TABLE IF EXISTS `rubros`;
/*!40101 SET @saved_cs_client     = @@character_set_client */;
/*!40101 SET character_set_client = utf8 */;
CREATE TABLE `rubros` (
  `id` bigint(20) unsigned NOT NULL AUTO_INCREMENT,
  `nombre` varchar(255) NOT NULL,
  `tipo` enum('INGRESO','EGRESO') NOT NULL,
  `observacion` text NOT NULL,
  `created_at` timestamp NULL DEFAULT NULL,
  `updated_at` timestamp NULL DEFAULT NULL,
  PRIMARY KEY (`id`)
) ENGINE=InnoDB AUTO_INCREMENT=8 DEFAULT CHARSET=utf8mb4 COLLATE=utf8mb4_unicode_ci;
/*!40101 SET character_set_client = @saved_cs_client */;

--
-- Dumping data for table `rubros`
--

LOCK TABLES `rubros` WRITE;
/*!40000 ALTER TABLE `rubros` DISABLE KEYS */;
INSERT INTO `rubros` VALUES (1,'Cuotas','INGRESO','Cobro de cuotas mensuales de alumnos','2026-02-11 17:47:48','2026-06-22 02:12:10'),(2,'Ingresos Varios','INGRESO','Otros ingresos operativos (inscripciones, torneos, etc.)','2026-02-11 17:47:48','2026-02-11 17:47:48'),(3,'Intereses','INGRESO','Intereses generados por cuentas bancarias o plataformas de pago','2026-02-11 17:47:48','2026-02-11 17:47:48'),(4,'Sueldos','EGRESO','Pagos al personal docente y administrativo','2026-02-11 17:47:48','2026-02-11 17:47:48'),(5,'Servicios','EGRESO','Pagos de servicios (luz, agua, internet, alquiler)','2026-02-11 17:47:48','2026-02-11 17:47:48'),(6,'Gastos Operativos','EGRESO','Gastos menores del día a día (limpieza, librería, insumos)','2026-02-11 17:47:48','2026-02-11 17:47:48'),(7,'Alquileres','EGRESO','Alquileres de pistas','2026-06-21 17:39:20','2026-06-21 17:39:20');
/*!40000 ALTER TABLE `rubros` ENABLE KEYS */;
UNLOCK TABLES;

--
-- Table structure for table `sessions`
--

DROP TABLE IF EXISTS `sessions`;
/*!40101 SET @saved_cs_client     = @@character_set_client */;
/*!40101 SET character_set_client = utf8 */;
CREATE TABLE `sessions` (
  `id` varchar(255) NOT NULL,
  `user_id` bigint(20) unsigned DEFAULT NULL,
  `ip_address` varchar(45) DEFAULT NULL,
  `user_agent` text DEFAULT NULL,
  `payload` longtext NOT NULL,
  `last_activity` int(11) NOT NULL,
  PRIMARY KEY (`id`),
  KEY `sessions_user_id_index` (`user_id`),
  KEY `sessions_last_activity_index` (`last_activity`)
) ENGINE=InnoDB DEFAULT CHARSET=utf8mb4 COLLATE=utf8mb4_unicode_ci;
/*!40101 SET character_set_client = @saved_cs_client */;

--
-- Dumping data for table `sessions`
--

LOCK TABLES `sessions` WRITE;
/*!40000 ALTER TABLE `sessions` DISABLE KEYS */;
INSERT INTO `sessions` VALUES ('FdcDRuZcvTmr8kMv3vAvYKOWUG3Y32ifea9M92uR',2,'127.0.0.1','Mozilla/5.0 (Windows NT 10.0; Win64; x64) AppleWebKit/537.36 (KHTML, like Gecko) Chrome/149.0.0.0 Safari/537.36','YTo0OntzOjY6Il90b2tlbiI7czo0MDoiaVlRTGtCS2xQcUVyMjF2R3FrOG5leWJSUWpKbVc4YzJMcnpubjhlTyI7czo2OiJfZmxhc2giO2E6Mjp7czozOiJvbGQiO2E6MDp7fXM6MzoibmV3IjthOjA6e319czo5OiJfcHJldmlvdXMiO2E6Mjp7czozOiJ1cmwiO3M6MzI6Imh0dHA6Ly9nZXN0aW9uLXdpbmdzL2NhamEvY29icmFyIjtzOjU6InJvdXRlIjtzOjIxOiJ3ZWIuY2FqYS5jb2JyYXItY3VvdGEiO31zOjUwOiJsb2dpbl93ZWJfNTliYTM2YWRkYzJiMmY5NDAxNTgwZjAxNGM3ZjU4ZWE0ZTMwOTg5ZCI7aToyO30=',1782117994);
/*!40000 ALTER TABLE `sessions` ENABLE KEYS */;
UNLOCK TABLES;

--
-- Table structure for table `subrubros`
--

DROP TABLE IF EXISTS `subrubros`;
/*!40101 SET @saved_cs_client     = @@character_set_client */;
/*!40101 SET character_set_client = utf8 */;
CREATE TABLE `subrubros` (
  `id` bigint(20) unsigned NOT NULL AUTO_INCREMENT,
  `rubro_id` bigint(20) unsigned NOT NULL,
  `nombre` varchar(255) NOT NULL,
  `permitido_para` enum('ADMIN','OPERATIVO') NOT NULL,
  `afecta_caja` tinyint(1) NOT NULL DEFAULT 1,
  `es_reservado_sistema` tinyint(1) NOT NULL DEFAULT 0,
  `created_at` timestamp NULL DEFAULT NULL,
  `updated_at` timestamp NULL DEFAULT NULL,
  PRIMARY KEY (`id`),
  UNIQUE KEY `subrubros_nombre_unique` (`nombre`),
  KEY `subrubros_rubro_id_foreign` (`rubro_id`),
  CONSTRAINT `subrubros_rubro_id_foreign` FOREIGN KEY (`rubro_id`) REFERENCES `rubros` (`id`) ON DELETE CASCADE
) ENGINE=InnoDB AUTO_INCREMENT=49 DEFAULT CHARSET=utf8mb4 COLLATE=utf8mb4_unicode_ci;
/*!40101 SET character_set_client = @saved_cs_client */;

--
-- Dumping data for table `subrubros`
--

LOCK TABLES `subrubros` WRITE;
/*!40000 ALTER TABLE `subrubros` DISABLE KEYS */;
INSERT INTO `subrubros` VALUES (1,1,'Cuota Mensual','OPERATIVO',1,1,'2026-02-11 17:47:48','2026-02-11 17:47:48'),(2,2,'Inscripción Torneo','OPERATIVO',1,0,'2026-02-11 17:47:48','2026-02-11 17:47:48'),(3,2,'Venta de Indumentaria','OPERATIVO',1,0,'2026-02-11 17:47:48','2026-02-11 17:47:48'),(4,3,'Intereses Mercado Pago','ADMIN',0,0,'2026-02-11 17:47:48','2026-02-11 17:47:48'),(5,3,'Intereses Banco','ADMIN',0,0,'2026-02-11 17:47:48','2026-02-11 17:47:48'),(10,5,'Luz','ADMIN',0,0,'2026-02-11 17:47:48','2026-02-11 17:47:48'),(11,5,'Internet','ADMIN',0,0,'2026-02-11 17:47:48','2026-02-11 17:47:48'),(12,6,'Limpieza','OPERATIVO',1,0,'2026-02-11 17:47:48','2026-02-11 17:47:48'),(13,6,'Librería','OPERATIVO',1,0,'2026-02-11 17:47:48','2026-02-11 17:47:48'),(14,6,'Insumos Varios','OPERATIVO',1,0,'2026-02-11 17:47:48','2026-02-11 17:47:48'),(42,5,'Alquiler','ADMIN',0,0,'2026-06-22 03:05:01','2026-06-22 03:05:01'),(43,4,'Sueldo - Mitre, Jorge','ADMIN',0,0,'2026-06-22 08:22:30','2026-06-22 08:22:30'),(44,4,'Sueldo - López, Ana','ADMIN',0,0,'2026-06-22 08:22:30','2026-06-22 08:22:30'),(45,4,'Sueldo - Rodríguez, Carlos','ADMIN',0,0,'2026-06-22 08:22:30','2026-06-22 08:22:30'),(46,4,'Sueldo - Fernández, Marcela','ADMIN',0,0,'2026-06-22 08:22:30','2026-06-22 08:22:30'),(47,4,'Sueldo - García, Roberto','ADMIN',0,0,'2026-06-22 08:22:30','2026-06-22 08:22:30'),(48,4,'Sueldo - Martínez, Diego','ADMIN',0,0,'2026-06-22 08:22:30','2026-06-22 08:22:30');
/*!40000 ALTER TABLE `subrubros` ENABLE KEYS */;
UNLOCK TABLES;

--
-- Table structure for table `tipos_caja`
--

DROP TABLE IF EXISTS `tipos_caja`;
/*!40101 SET @saved_cs_client     = @@character_set_client */;
/*!40101 SET character_set_client = utf8 */;
CREATE TABLE `tipos_caja` (
  `id` bigint(20) unsigned NOT NULL AUTO_INCREMENT,
  `nombre` varchar(255) NOT NULL,
  `abreviatura` varchar(5) DEFAULT NULL,
  `descripcion` varchar(255) DEFAULT NULL,
  `permite_descubierto` tinyint(1) NOT NULL DEFAULT 0,
  `activo` tinyint(1) NOT NULL DEFAULT 1,
  `created_at` timestamp NULL DEFAULT NULL,
  `updated_at` timestamp NULL DEFAULT NULL,
  PRIMARY KEY (`id`)
) ENGINE=InnoDB AUTO_INCREMENT=6 DEFAULT CHARSET=utf8mb4 COLLATE=utf8mb4_unicode_ci;
/*!40101 SET character_set_client = @saved_cs_client */;

--
-- Dumping data for table `tipos_caja`
--

LOCK TABLES `tipos_caja` WRITE;
/*!40000 ALTER TABLE `tipos_caja` DISABLE KEYS */;
INSERT INTO `tipos_caja` VALUES (1,'Efectivo','EFT',NULL,0,1,'2026-03-08 19:28:19','2026-03-08 19:28:19'),(2,'Banco Nación','BNA','CTA CTE Banco Nación',1,1,'2026-03-08 19:28:19','2026-06-22 08:22:29'),(3,'Mercado Pago','MP',NULL,0,1,'2026-03-08 19:28:19','2026-03-08 19:28:19'),(4,'Banco Nacion ahorro',NULL,'Caja de ahorro Banco Nación',1,1,'2026-06-01 09:12:54','2026-06-01 09:12:54'),(5,'Banco Galicia','BGA',NULL,1,1,'2026-06-22 03:00:56','2026-06-22 03:00:56');
/*!40000 ALTER TABLE `tipos_caja` ENABLE KEYS */;
UNLOCK TABLES;

--
-- Table structure for table `users`
--

DROP TABLE IF EXISTS `users`;
/*!40101 SET @saved_cs_client     = @@character_set_client */;
/*!40101 SET character_set_client = utf8 */;
CREATE TABLE `users` (
  `id` bigint(20) unsigned NOT NULL AUTO_INCREMENT,
  `name` varchar(255) NOT NULL,
  `email` varchar(255) NOT NULL,
  `rol` enum('ADMIN','OPERATIVO','PROFESOR') DEFAULT 'OPERATIVO',
  `profesor_id` bigint(20) unsigned DEFAULT NULL,
  `activo` tinyint(1) NOT NULL DEFAULT 1,
  `email_verified_at` timestamp NULL DEFAULT NULL,
  `password` varchar(255) NOT NULL,
  `remember_token` varchar(100) DEFAULT NULL,
  `created_at` timestamp NULL DEFAULT NULL,
  `updated_at` timestamp NULL DEFAULT NULL,
  PRIMARY KEY (`id`),
  UNIQUE KEY `users_email_unique` (`email`),
  KEY `users_profesor_id_foreign` (`profesor_id`),
  CONSTRAINT `users_profesor_id_foreign` FOREIGN KEY (`profesor_id`) REFERENCES `profesores` (`id`) ON DELETE SET NULL
) ENGINE=InnoDB AUTO_INCREMENT=6 DEFAULT CHARSET=utf8mb4 COLLATE=utf8mb4_unicode_ci;
/*!40101 SET character_set_client = @saved_cs_client */;

--
-- Dumping data for table `users`
--

LOCK TABLES `users` WRITE;
/*!40000 ALTER TABLE `users` DISABLE KEYS */;
INSERT INTO `users` VALUES (1,'Admin Test','admin@wings.com','ADMIN',NULL,1,NULL,'$2y$12$fJB9bHRM.C8XL42nSbh18uYF/OOa/qbWKAEZi5zBFcs1Kq4c9L1na',NULL,'2026-02-11 22:12:27','2026-03-02 06:03:20'),(2,'Operativo Test','operativo@wings.com','OPERATIVO',NULL,1,NULL,'$2y$12$fJB9bHRM.C8XL42nSbh18uYF/OOa/qbWKAEZi5zBFcs1Kq4c9L1na',NULL,'2026-02-11 22:12:27','2026-05-28 00:11:25'),(3,'Operativo2','operativo2@wing.com','OPERATIVO',NULL,0,NULL,'$2y$12$c5attVupUQP7.qiJEsXny.f/N2UcLxu5V.Io9hWkKv8RfS46S0Bt.',NULL,'2026-05-27 11:45:55','2026-05-27 17:26:08'),(4,'Profesor','profesor@wing.com','PROFESOR',1,1,NULL,'$2y$12$dePJoG3Gn3qOMXxFMB8AxeTd.2U43O/JaQogb/DwVRvsJhqFG4QH6',NULL,'2026-05-27 11:47:44','2026-05-27 19:50:53'),(5,'Profesor2','profesor2@wings.com','PROFESOR',2,1,NULL,'$2y$12$MHje4dURCKArxFHVd/LzXeEBmaospDx091pNiCkUNmJs3.CMsEUu2',NULL,'2026-05-27 11:59:53','2026-05-28 00:01:21');
/*!40000 ALTER TABLE `users` ENABLE KEYS */;
UNLOCK TABLES;
/*!40103 SET TIME_ZONE=@OLD_TIME_ZONE */;

/*!40101 SET SQL_MODE=@OLD_SQL_MODE */;
/*!40014 SET FOREIGN_KEY_CHECKS=@OLD_FOREIGN_KEY_CHECKS */;
/*!40014 SET UNIQUE_CHECKS=@OLD_UNIQUE_CHECKS */;
/*!40101 SET CHARACTER_SET_CLIENT=@OLD_CHARACTER_SET_CLIENT */;
/*!40101 SET CHARACTER_SET_RESULTS=@OLD_CHARACTER_SET_RESULTS */;
/*!40101 SET COLLATION_CONNECTION=@OLD_COLLATION_CONNECTION */;
/*!40111 SET SQL_NOTES=@OLD_SQL_NOTES */;

-- Dump completed on 2026-06-22  6:18:20
