-- MariaDB dump 10.19  Distrib 10.4.32-MariaDB, for Win64 (AMD64)
--
-- Host: localhost    Database: gestion_wings
-- ------------------------------------------------------
-- Server version	10.4.32-MariaDB

/*!40101 SET @OLD_CHARACTER_SET_CLIENT=@@CHARACTER_SET_CLIENT */;
/*!40101 SET @OLD_CHARACTER_SET_RESULTS=@@CHARACTER_SET_RESULTS */;
/*!40101 SET @OLD_COLLATION_CONNECTION=@@COLLATION_CONNECTION */;
/*!40101 SET NAMES utf8mb4 */;
/*!40103 SET @OLD_TIME_ZONE=@@TIME_ZONE */;
/*!40103 SET TIME_ZONE='+00:00' */;
/*!40014 SET @OLD_UNIQUE_CHECKS=@@UNIQUE_CHECKS, UNIQUE_CHECKS=0 */;
/*!40014 SET @OLD_FOREIGN_KEY_CHECKS=@@FOREIGN_KEY_CHECKS, FOREIGN_KEY_CHECKS=0 */;
/*!40101 SET @OLD_SQL_MODE=@@SQL_MODE, SQL_MODE='NO_AUTO_VALUE_ON_ZERO' */;
/*!40111 SET @OLD_SQL_NOTES=@@SQL_NOTES, SQL_NOTES=0 */;

--
-- Table structure for table `alumno_planes`
--

DROP TABLE IF EXISTS `alumno_planes`;
/*!40101 SET @saved_cs_client     = @@character_set_client */;
/*!40101 SET character_set_client = utf8 */;
CREATE TABLE `alumno_planes` (
  `id` bigint(20) unsigned NOT NULL AUTO_INCREMENT,
  `alumno_id` bigint(20) unsigned NOT NULL,
  `plan_id` bigint(20) unsigned NOT NULL,
  `fecha_desde` date NOT NULL,
  `fecha_hasta` date DEFAULT NULL,
  `activo` tinyint(1) NOT NULL DEFAULT 1,
  `created_at` timestamp NULL DEFAULT NULL,
  `updated_at` timestamp NULL DEFAULT NULL,
  PRIMARY KEY (`id`),
  UNIQUE KEY `unique_alumno_plan_activo` (`alumno_id`,`activo`),
  KEY `alumno_planes_plan_id_foreign` (`plan_id`),
  CONSTRAINT `alumno_planes_alumno_id_foreign` FOREIGN KEY (`alumno_id`) REFERENCES `alumnos` (`id`) ON DELETE CASCADE,
  CONSTRAINT `alumno_planes_plan_id_foreign` FOREIGN KEY (`plan_id`) REFERENCES `grupo_planes` (`id`)
) ENGINE=InnoDB AUTO_INCREMENT=6 DEFAULT CHARSET=utf8mb4 COLLATE=utf8mb4_unicode_ci;
/*!40101 SET character_set_client = @saved_cs_client */;

--
-- Dumping data for table `alumno_planes`
--

LOCK TABLES `alumno_planes` WRITE;
/*!40000 ALTER TABLE `alumno_planes` DISABLE KEYS */;
INSERT INTO `alumno_planes` VALUES (1,1,2,'2026-01-05',NULL,1,'2026-02-11 17:47:42','2026-02-11 17:47:42'),(2,2,5,'2026-01-18',NULL,1,'2026-02-11 17:47:42','2026-02-11 17:47:42'),(3,3,1,'2026-01-27',NULL,1,'2026-02-11 17:47:42','2026-02-11 17:47:42'),(4,4,7,'2026-03-08',NULL,1,'2026-03-08 16:19:16','2026-03-08 16:19:16');
/*!40000 ALTER TABLE `alumno_planes` ENABLE KEYS */;
UNLOCK TABLES;

--
-- Table structure for table `alumnos`
--

DROP TABLE IF EXISTS `alumnos`;
/*!40101 SET @saved_cs_client     = @@character_set_client */;
/*!40101 SET character_set_client = utf8 */;
CREATE TABLE `alumnos` (
  `id` bigint(20) unsigned NOT NULL AUTO_INCREMENT,
  `nombre` varchar(255) NOT NULL,
  `apellido` varchar(255) NOT NULL,
  `dni` varchar(255) DEFAULT NULL,
  `fecha_nacimiento` date NOT NULL,
  `celular` varchar(255) NOT NULL,
  `nombre_tutor` varchar(255) DEFAULT NULL,
  `telefono_tutor` varchar(255) DEFAULT NULL,
  `email` varchar(255) DEFAULT NULL,
  `deporte_id` bigint(20) unsigned NOT NULL,
  `grupo_id` bigint(20) unsigned NOT NULL,
  `fecha_alta` date NOT NULL,
  `activo` tinyint(1) NOT NULL DEFAULT 1,
  `created_at` timestamp NULL DEFAULT NULL,
  `updated_at` timestamp NULL DEFAULT NULL,
  PRIMARY KEY (`id`),
  UNIQUE KEY `alumnos_dni_deporte_unique` (`dni`,`deporte_id`),
  KEY `alumnos_deporte_id_foreign` (`deporte_id`),
  KEY `alumnos_grupo_id_foreign` (`grupo_id`),
  CONSTRAINT `alumnos_deporte_id_foreign` FOREIGN KEY (`deporte_id`) REFERENCES `deportes` (`id`) ON DELETE CASCADE,
  CONSTRAINT `alumnos_grupo_id_foreign` FOREIGN KEY (`grupo_id`) REFERENCES `grupos` (`id`) ON DELETE CASCADE
) ENGINE=InnoDB AUTO_INCREMENT=6 DEFAULT CHARSET=utf8mb4 COLLATE=utf8mb4_unicode_ci;
/*!40101 SET character_set_client = @saved_cs_client */;

--
-- Dumping data for table `alumnos`
--

LOCK TABLES `alumnos` WRITE;
/*!40000 ALTER TABLE `alumnos` DISABLE KEYS */;
INSERT INTO `alumnos` VALUES (1,'Juan','Pérez',NULL,'2001-02-11','555-0001',NULL,NULL,'juan@example.com',2,3,'2026-01-05',1,'2026-02-11 17:47:42','2026-02-11 17:47:42'),(2,'María','González',NULL,'2006-02-11','555-0002',NULL,NULL,'maria@example.com',1,2,'2026-01-18',1,'2026-02-11 17:47:42','2026-03-08 11:36:38'),(3,'Carlos','Rodríguez',NULL,'2011-02-11','555-0003','Roberto Rodríguez','555-0004',NULL,1,1,'2026-01-27',1,'2026-02-11 17:47:42','2026-02-11 17:47:42'),(4,'Vanina','Attorresi','11966411','2017-03-13','1167675827','Graciela','1167675827','vaninaatto@hotmail.com',2,3,'2026-03-08',1,'2026-03-08 16:19:16','2026-03-08 16:25:22'),(5,'Morena','Attorresi','44333666','2020-03-31','1167675827','Vani','1167675827','vaninaatto@hotmail.com',2,3,'2026-03-08',1,'2026-03-08 16:27:22','2026-03-08 16:27:22');
/*!40000 ALTER TABLE `alumnos` ENABLE KEYS */;
UNLOCK TABLES;

--
-- Table structure for table `alumnos_revision_cobranza`
--

DROP TABLE IF EXISTS `alumnos_revision_cobranza`;
/*!40101 SET @saved_cs_client     = @@character_set_client */;
/*!40101 SET character_set_client = utf8 */;
CREATE TABLE `alumnos_revision_cobranza` (
  `id` bigint(20) unsigned NOT NULL AUTO_INCREMENT,
  `alumno_id` bigint(20) unsigned NOT NULL,
  `periodo_objetivo` varchar(7) NOT NULL,
  `motivo` varchar(255) NOT NULL,
  `estado_revision` enum('PENDIENTE','RESUELTO') NOT NULL DEFAULT 'PENDIENTE',
  `created_at` timestamp NULL DEFAULT NULL,
  `updated_at` timestamp NULL DEFAULT NULL,
  PRIMARY KEY (`id`),
  UNIQUE KEY `revision_alumno_periodo_unique` (`alumno_id`,`periodo_objetivo`),
  CONSTRAINT `alumnos_revision_cobranza_alumno_id_foreign` FOREIGN KEY (`alumno_id`) REFERENCES `alumnos` (`id`) ON DELETE CASCADE
) ENGINE=InnoDB AUTO_INCREMENT=3 DEFAULT CHARSET=utf8mb4 COLLATE=utf8mb4_unicode_ci;
/*!40101 SET character_set_client = @saved_cs_client */;

--
-- Dumping data for table `alumnos_revision_cobranza`
--

LOCK TABLES `alumnos_revision_cobranza` WRITE;
/*!40000 ALTER TABLE `alumnos_revision_cobranza` DISABLE KEYS */;
INSERT INTO `alumnos_revision_cobranza` VALUES (1,1,'2026-04','SIN_ASISTENCIAS_NI_PAGO_PERIODO_ANTERIOR','PENDIENTE','2026-02-11 18:29:34','2026-02-11 18:29:34'),(2,3,'2026-04','SIN_ASISTENCIAS_NI_PAGO_PERIODO_ANTERIOR','PENDIENTE','2026-02-11 18:29:34','2026-02-11 18:29:34');
/*!40000 ALTER TABLE `alumnos_revision_cobranza` ENABLE KEYS */;
UNLOCK TABLES;

--
-- Table structure for table `asistencia_excesos`
--

DROP TABLE IF EXISTS `asistencia_excesos`;
/*!40101 SET @saved_cs_client     = @@character_set_client */;
/*!40101 SET character_set_client = utf8 */;
CREATE TABLE `asistencia_excesos` (
  `id` bigint(20) unsigned NOT NULL AUTO_INCREMENT,
  `asistencia_id` bigint(20) unsigned NOT NULL,
  `alumno_id` bigint(20) unsigned NOT NULL,
  `fecha_clase` date NOT NULL,
  `motivo` enum('EXTRA','RECUPERA') NOT NULL,
  `detalle` text DEFAULT NULL,
  `created_at` timestamp NULL DEFAULT NULL,
  `updated_at` timestamp NULL DEFAULT NULL,
  PRIMARY KEY (`id`),
  UNIQUE KEY `asistencia_excesos_asistencia_id_unique` (`asistencia_id`),
  KEY `asistencia_excesos_alumno_id_index` (`alumno_id`),
  CONSTRAINT `asistencia_excesos_alumno_id_foreign` FOREIGN KEY (`alumno_id`) REFERENCES `alumnos` (`id`) ON DELETE CASCADE,
  CONSTRAINT `asistencia_excesos_asistencia_id_foreign` FOREIGN KEY (`asistencia_id`) REFERENCES `asistencias` (`id`) ON DELETE CASCADE
) ENGINE=InnoDB DEFAULT CHARSET=utf8mb4 COLLATE=utf8mb4_unicode_ci;
/*!40101 SET character_set_client = @saved_cs_client */;

--
-- Dumping data for table `asistencia_excesos`
--

LOCK TABLES `asistencia_excesos` WRITE;
/*!40000 ALTER TABLE `asistencia_excesos` DISABLE KEYS */;
/*!40000 ALTER TABLE `asistencia_excesos` ENABLE KEYS */;
UNLOCK TABLES;

--
-- Table structure for table `asistencias`
--

DROP TABLE IF EXISTS `asistencias`;
/*!40101 SET @saved_cs_client     = @@character_set_client */;
/*!40101 SET character_set_client = utf8 */;
CREATE TABLE `asistencias` (
  `id` bigint(20) unsigned NOT NULL AUTO_INCREMENT,
  `clase_id` bigint(20) unsigned NOT NULL,
  `alumno_id` bigint(20) unsigned NOT NULL,
  `presente` tinyint(1) NOT NULL,
  `created_at` timestamp NULL DEFAULT NULL,
  `updated_at` timestamp NULL DEFAULT NULL,
  PRIMARY KEY (`id`),
  UNIQUE KEY `asistencia_clase_alumno_unique` (`clase_id`,`alumno_id`),
  KEY `asistencias_alumno_id_foreign` (`alumno_id`),
  CONSTRAINT `asistencias_alumno_id_foreign` FOREIGN KEY (`alumno_id`) REFERENCES `alumnos` (`id`) ON DELETE CASCADE,
  CONSTRAINT `asistencias_clase_id_foreign` FOREIGN KEY (`clase_id`) REFERENCES `clases` (`id`) ON DELETE CASCADE
) ENGINE=InnoDB DEFAULT CHARSET=utf8mb4 COLLATE=utf8mb4_unicode_ci;
/*!40101 SET character_set_client = @saved_cs_client */;

--
-- Dumping data for table `asistencias`
--

LOCK TABLES `asistencias` WRITE;
/*!40000 ALTER TABLE `asistencias` DISABLE KEYS */;
/*!40000 ALTER TABLE `asistencias` ENABLE KEYS */;
UNLOCK TABLES;

--
-- Table structure for table `cache`
--

DROP TABLE IF EXISTS `cache`;
/*!40101 SET @saved_cs_client     = @@character_set_client */;
/*!40101 SET character_set_client = utf8 */;
CREATE TABLE `cache` (
  `key` varchar(255) NOT NULL,
  `value` mediumtext NOT NULL,
  `expiration` int(11) NOT NULL,
  PRIMARY KEY (`key`)
) ENGINE=InnoDB DEFAULT CHARSET=utf8mb4 COLLATE=utf8mb4_unicode_ci;
/*!40101 SET character_set_client = @saved_cs_client */;

--
-- Dumping data for table `cache`
--

LOCK TABLES `cache` WRITE;
/*!40000 ALTER TABLE `cache` DISABLE KEYS */;
/*!40000 ALTER TABLE `cache` ENABLE KEYS */;
UNLOCK TABLES;

--
-- Table structure for table `cache_locks`
--

DROP TABLE IF EXISTS `cache_locks`;
/*!40101 SET @saved_cs_client     = @@character_set_client */;
/*!40101 SET character_set_client = utf8 */;
CREATE TABLE `cache_locks` (
  `key` varchar(255) NOT NULL,
  `owner` varchar(255) NOT NULL,
  `expiration` int(11) NOT NULL,
  PRIMARY KEY (`key`)
) ENGINE=InnoDB DEFAULT CHARSET=utf8mb4 COLLATE=utf8mb4_unicode_ci;
/*!40101 SET character_set_client = @saved_cs_client */;

--
-- Dumping data for table `cache_locks`
--

LOCK TABLES `cache_locks` WRITE;
/*!40000 ALTER TABLE `cache_locks` DISABLE KEYS */;
/*!40000 ALTER TABLE `cache_locks` ENABLE KEYS */;
UNLOCK TABLES;

--
-- Table structure for table `cajas_operativas`
--

DROP TABLE IF EXISTS `cajas_operativas`;
/*!40101 SET @saved_cs_client     = @@character_set_client */;
/*!40101 SET character_set_client = utf8 */;
CREATE TABLE `cajas_operativas` (
  `id` bigint(20) unsigned NOT NULL AUTO_INCREMENT,
  `usuario_operativo_id` bigint(20) unsigned NOT NULL,
  `apertura_at` datetime NOT NULL,
  `cierre_at` datetime DEFAULT NULL,
  `estado` enum('ABIERTA','CERRADA','VALIDADA','RECHAZADA') NOT NULL DEFAULT 'ABIERTA',
  `cerrada_por_admin` tinyint(1) NOT NULL DEFAULT 0,
  `usuario_admin_cierre_id` bigint(20) unsigned DEFAULT NULL,
  `usuario_admin_validacion_id` bigint(20) unsigned DEFAULT NULL,
  `validada_at` datetime DEFAULT NULL,
  `motivo_rechazo` text DEFAULT NULL,
  `created_at` timestamp NULL DEFAULT NULL,
  `updated_at` timestamp NULL DEFAULT NULL,
  PRIMARY KEY (`id`),
  KEY `cajas_operativas_usuario_operativo_id_foreign` (`usuario_operativo_id`),
  KEY `cajas_operativas_usuario_admin_cierre_id_foreign` (`usuario_admin_cierre_id`),
  KEY `cajas_operativas_usuario_admin_validacion_id_foreign` (`usuario_admin_validacion_id`),
  CONSTRAINT `cajas_operativas_usuario_admin_cierre_id_foreign` FOREIGN KEY (`usuario_admin_cierre_id`) REFERENCES `users` (`id`) ON DELETE SET NULL,
  CONSTRAINT `cajas_operativas_usuario_admin_validacion_id_foreign` FOREIGN KEY (`usuario_admin_validacion_id`) REFERENCES `users` (`id`) ON DELETE SET NULL,
  CONSTRAINT `cajas_operativas_usuario_operativo_id_foreign` FOREIGN KEY (`usuario_operativo_id`) REFERENCES `users` (`id`) ON DELETE CASCADE
) ENGINE=InnoDB DEFAULT CHARSET=utf8mb4 COLLATE=utf8mb4_unicode_ci;
/*!40101 SET character_set_client = @saved_cs_client */;

--
-- Dumping data for table `cajas_operativas`
--

LOCK TABLES `cajas_operativas` WRITE;
/*!40000 ALTER TABLE `cajas_operativas` DISABLE KEYS */;
/*!40000 ALTER TABLE `cajas_operativas` ENABLE KEYS */;
UNLOCK TABLES;

--
-- Table structure for table `cashflow_movimientos`
--

DROP TABLE IF EXISTS `cashflow_movimientos`;
/*!40101 SET @saved_cs_client     = @@character_set_client */;
/*!40101 SET character_set_client = utf8 */;
CREATE TABLE `cashflow_movimientos` (
  `id` bigint(20) unsigned NOT NULL AUTO_INCREMENT,
  `fecha` date NOT NULL,
  `subrubro_id` bigint(20) unsigned NOT NULL,
  `tipo_caja_id` bigint(20) unsigned NOT NULL,
  `monto` decimal(12,2) NOT NULL,
  `observaciones` text DEFAULT NULL,
  `usuario_admin_id` bigint(20) unsigned NOT NULL,
  `referencia_tipo` varchar(255) DEFAULT NULL,
  `referencia_id` bigint(20) unsigned DEFAULT NULL,
  `created_at` timestamp NULL DEFAULT NULL,
  `updated_at` timestamp NULL DEFAULT NULL,
  PRIMARY KEY (`id`),
  KEY `cashflow_movimientos_subrubro_id_foreign` (`subrubro_id`),
  KEY `cashflow_movimientos_usuario_admin_id_foreign` (`usuario_admin_id`),
  KEY `cashflow_movimientos_referencia_tipo_referencia_id_index` (`referencia_tipo`,`referencia_id`),
  KEY `cashflow_movimientos_tipo_caja_id_foreign` (`tipo_caja_id`),
  CONSTRAINT `cashflow_movimientos_subrubro_id_foreign` FOREIGN KEY (`subrubro_id`) REFERENCES `subrubros` (`id`) ON DELETE CASCADE,
  CONSTRAINT `cashflow_movimientos_tipo_caja_id_foreign` FOREIGN KEY (`tipo_caja_id`) REFERENCES `tipos_caja` (`id`) ON DELETE CASCADE,
  CONSTRAINT `cashflow_movimientos_usuario_admin_id_foreign` FOREIGN KEY (`usuario_admin_id`) REFERENCES `users` (`id`) ON DELETE CASCADE
) ENGINE=InnoDB DEFAULT CHARSET=utf8mb4 COLLATE=utf8mb4_unicode_ci;
/*!40101 SET character_set_client = @saved_cs_client */;

--
-- Dumping data for table `cashflow_movimientos`
--

LOCK TABLES `cashflow_movimientos` WRITE;
/*!40000 ALTER TABLE `cashflow_movimientos` DISABLE KEYS */;
/*!40000 ALTER TABLE `cashflow_movimientos` ENABLE KEYS */;
UNLOCK TABLES;

--
-- Table structure for table `clase_profesor`
--

DROP TABLE IF EXISTS `clase_profesor`;
/*!40101 SET @saved_cs_client     = @@character_set_client */;
/*!40101 SET character_set_client = utf8 */;
CREATE TABLE `clase_profesor` (
  `id` bigint(20) unsigned NOT NULL AUTO_INCREMENT,
  `clase_id` bigint(20) unsigned NOT NULL,
  `profesor_id` bigint(20) unsigned NOT NULL,
  `created_at` timestamp NULL DEFAULT NULL,
  `updated_at` timestamp NULL DEFAULT NULL,
  PRIMARY KEY (`id`),
  UNIQUE KEY `clase_profesor_unique` (`clase_id`,`profesor_id`),
  KEY `clase_profesor_profesor_id_foreign` (`profesor_id`),
  CONSTRAINT `clase_profesor_clase_id_foreign` FOREIGN KEY (`clase_id`) REFERENCES `clases` (`id`) ON DELETE CASCADE,
  CONSTRAINT `clase_profesor_profesor_id_foreign` FOREIGN KEY (`profesor_id`) REFERENCES `profesores` (`id`) ON DELETE CASCADE
) ENGINE=InnoDB AUTO_INCREMENT=340 DEFAULT CHARSET=utf8mb4 COLLATE=utf8mb4_unicode_ci;
/*!40101 SET character_set_client = @saved_cs_client */;

--
-- Dumping data for table `clase_profesor`
--

LOCK TABLES `clase_profesor` WRITE;
/*!40000 ALTER TABLE `clase_profesor` DISABLE KEYS */;
INSERT INTO `clase_profesor` VALUES (1,1,1,'2026-04-16 11:56:42','2026-04-16 11:56:42'),(2,2,1,'2026-04-16 11:56:42','2026-04-16 11:56:42'),(3,3,1,'2026-04-16 11:56:42','2026-04-16 11:56:42'),(4,4,1,'2026-04-16 11:56:42','2026-04-16 11:56:42'),(5,5,1,'2026-04-16 11:56:42','2026-04-16 11:56:42'),(6,6,1,'2026-04-16 11:56:42','2026-04-16 11:56:42'),(7,7,1,'2026-04-16 11:56:42','2026-04-16 11:56:42'),(8,8,1,'2026-04-16 11:56:42','2026-04-16 11:56:42'),(9,9,1,'2026-04-16 11:56:42','2026-04-16 11:56:42'),(10,10,1,'2026-04-16 11:56:42','2026-04-16 11:56:42'),(11,11,1,'2026-04-16 11:56:42','2026-04-16 11:56:42'),(12,12,1,'2026-04-16 11:56:42','2026-04-16 11:56:42'),(13,13,1,'2026-04-16 11:56:42','2026-04-16 11:56:42'),(14,14,1,'2026-04-16 11:56:42','2026-04-16 11:56:42'),(15,15,1,'2026-04-16 11:56:42','2026-04-16 11:56:42'),(16,16,1,'2026-04-16 11:56:42','2026-04-16 11:56:42'),(17,17,1,'2026-04-16 11:56:42','2026-04-16 11:56:42'),(18,18,1,'2026-04-16 11:56:42','2026-04-16 11:56:42'),(19,19,1,'2026-04-16 11:56:42','2026-04-16 11:56:42'),(20,20,1,'2026-04-16 11:56:42','2026-04-16 11:56:42'),(21,21,1,'2026-04-16 11:56:42','2026-04-16 11:56:42'),(22,22,1,'2026-04-16 11:56:42','2026-04-16 11:56:42'),(23,23,1,'2026-04-16 11:56:42','2026-04-16 11:56:42'),(24,24,1,'2026-04-16 11:56:42','2026-04-16 11:56:42'),(25,25,1,'2026-04-16 11:56:42','2026-04-16 11:56:42'),(26,26,1,'2026-04-16 11:56:42','2026-04-16 11:56:42'),(27,27,1,'2026-04-16 11:56:42','2026-04-16 11:56:42'),(28,28,1,'2026-04-16 11:56:42','2026-04-16 11:56:42'),(29,29,1,'2026-04-16 11:56:42','2026-04-16 11:56:42'),(30,30,1,'2026-04-16 11:56:42','2026-04-16 11:56:42'),(31,31,1,'2026-04-16 11:56:42','2026-04-16 11:56:42'),(32,32,1,'2026-04-16 11:56:42','2026-04-16 11:56:42'),(33,33,1,'2026-04-16 11:56:42','2026-04-16 11:56:42'),(34,34,1,'2026-04-16 11:56:42','2026-04-16 11:56:42'),(35,35,1,'2026-04-16 11:56:42','2026-04-16 11:56:42'),(36,36,1,'2026-04-16 11:56:42','2026-04-16 11:56:42'),(37,37,1,'2026-04-16 11:56:43','2026-04-16 11:56:43'),(38,38,1,'2026-04-16 11:56:43','2026-04-16 11:56:43'),(39,39,1,'2026-04-16 11:56:43','2026-04-16 11:56:43'),(40,40,1,'2026-04-16 11:56:43','2026-04-16 11:56:43'),(41,41,1,'2026-04-16 11:56:43','2026-04-16 11:56:43'),(42,42,1,'2026-04-16 11:56:43','2026-04-16 11:56:43'),(43,43,1,'2026-04-16 11:56:43','2026-04-16 11:56:43'),(44,44,1,'2026-04-16 11:56:43','2026-04-16 11:56:43'),(45,45,1,'2026-04-16 11:56:43','2026-04-16 11:56:43'),(46,46,1,'2026-04-16 11:56:43','2026-04-16 11:56:43'),(47,47,1,'2026-04-16 11:56:43','2026-04-16 11:56:43'),(48,48,1,'2026-04-16 11:56:43','2026-04-16 11:56:43'),(49,49,1,'2026-04-16 11:56:43','2026-04-16 11:56:43'),(50,50,1,'2026-04-16 11:56:43','2026-04-16 11:56:43'),(51,51,1,'2026-04-16 11:56:43','2026-04-16 11:56:43'),(52,52,1,'2026-04-16 11:56:43','2026-04-16 11:56:43'),(53,53,1,'2026-04-16 11:56:43','2026-04-16 11:56:43'),(54,54,1,'2026-04-16 11:56:43','2026-04-16 11:56:43'),(55,55,1,'2026-04-16 11:56:43','2026-04-16 11:56:43'),(56,56,1,'2026-04-16 11:56:43','2026-04-16 11:56:43'),(57,57,1,'2026-04-16 11:56:43','2026-04-16 11:56:43'),(58,58,1,'2026-04-16 11:56:43','2026-04-16 11:56:43'),(59,59,1,'2026-04-16 11:56:43','2026-04-16 11:56:43'),(60,60,1,'2026-04-16 11:56:43','2026-04-16 11:56:43'),(61,61,1,'2026-04-16 11:56:43','2026-04-16 11:56:43'),(62,62,1,'2026-04-16 11:56:43','2026-04-16 11:56:43'),(63,63,1,'2026-04-16 11:56:43','2026-04-16 11:56:43'),(64,64,1,'2026-04-16 11:56:43','2026-04-16 11:56:43'),(65,65,1,'2026-04-16 11:56:43','2026-04-16 11:56:43'),(66,66,1,'2026-04-16 11:56:43','2026-04-16 11:56:43'),(67,67,1,'2026-04-16 11:56:43','2026-04-16 11:56:43'),(68,68,1,'2026-04-16 11:56:43','2026-04-16 11:56:43'),(69,69,1,'2026-04-16 11:56:43','2026-04-16 11:56:43'),(70,70,1,'2026-04-16 11:56:43','2026-04-16 11:56:43'),(71,71,1,'2026-04-16 11:56:43','2026-04-16 11:56:43'),(72,72,1,'2026-04-16 11:56:43','2026-04-16 11:56:43'),(73,73,1,'2026-04-16 11:56:43','2026-04-16 11:56:43'),(74,74,1,'2026-04-16 11:56:43','2026-04-16 11:56:43'),(75,75,1,'2026-04-16 11:56:43','2026-04-16 11:56:43'),(76,76,1,'2026-04-16 11:56:43','2026-04-16 11:56:43'),(77,77,1,'2026-04-16 11:56:43','2026-04-16 11:56:43'),(78,78,1,'2026-04-16 11:56:43','2026-04-16 11:56:43'),(79,79,1,'2026-04-16 11:56:43','2026-04-16 11:56:43'),(80,80,1,'2026-04-16 11:56:43','2026-04-16 11:56:43'),(81,81,1,'2026-04-16 11:56:43','2026-04-16 11:56:43'),(82,82,1,'2026-04-16 11:56:43','2026-04-16 11:56:43'),(83,83,1,'2026-04-16 11:56:43','2026-04-16 11:56:43'),(84,84,1,'2026-04-16 11:56:43','2026-04-16 11:56:43'),(85,85,1,'2026-04-16 11:56:43','2026-04-16 11:56:43'),(86,86,2,'2026-04-16 12:01:21','2026-04-16 12:01:21'),(87,86,1,'2026-04-16 12:01:21','2026-04-16 12:01:21'),(88,87,2,'2026-04-16 12:01:21','2026-04-16 12:01:21'),(89,87,1,'2026-04-16 12:01:21','2026-04-16 12:01:21'),(90,88,2,'2026-04-16 12:01:21','2026-04-16 12:01:21'),(91,88,1,'2026-04-16 12:01:21','2026-04-16 12:01:21'),(92,89,2,'2026-04-16 12:01:21','2026-04-16 12:01:21'),(93,89,1,'2026-04-16 12:01:21','2026-04-16 12:01:21'),(94,90,2,'2026-04-16 12:01:21','2026-04-16 12:01:21'),(95,90,1,'2026-04-16 12:01:21','2026-04-16 12:01:21'),(96,91,2,'2026-04-16 12:01:21','2026-04-16 12:01:21'),(97,91,1,'2026-04-16 12:01:21','2026-04-16 12:01:21'),(98,92,2,'2026-04-16 12:01:21','2026-04-16 12:01:21'),(99,92,1,'2026-04-16 12:01:21','2026-04-16 12:01:21'),(100,93,2,'2026-04-16 12:01:21','2026-04-16 12:01:21'),(101,93,1,'2026-04-16 12:01:21','2026-04-16 12:01:21'),(102,94,2,'2026-04-16 12:01:21','2026-04-16 12:01:21'),(103,94,1,'2026-04-16 12:01:21','2026-04-16 12:01:21'),(104,95,2,'2026-04-16 12:01:21','2026-04-16 12:01:21'),(105,95,1,'2026-04-16 12:01:21','2026-04-16 12:01:21'),(106,96,2,'2026-04-16 12:01:21','2026-04-16 12:01:21'),(107,96,1,'2026-04-16 12:01:21','2026-04-16 12:01:21'),(108,97,2,'2026-04-16 12:01:21','2026-04-16 12:01:21'),(109,97,1,'2026-04-16 12:01:21','2026-04-16 12:01:21'),(110,98,2,'2026-04-16 12:01:21','2026-04-16 12:01:21'),(111,98,1,'2026-04-16 12:01:21','2026-04-16 12:01:21'),(112,99,2,'2026-04-16 12:01:21','2026-04-16 12:01:21'),(113,99,1,'2026-04-16 12:01:21','2026-04-16 12:01:21'),(114,100,2,'2026-04-16 12:01:21','2026-04-16 12:01:21'),(115,100,1,'2026-04-16 12:01:21','2026-04-16 12:01:21'),(116,101,2,'2026-04-16 12:01:21','2026-04-16 12:01:21'),(117,101,1,'2026-04-16 12:01:21','2026-04-16 12:01:21'),(118,102,2,'2026-04-16 12:01:21','2026-04-16 12:01:21'),(119,102,1,'2026-04-16 12:01:21','2026-04-16 12:01:21'),(120,103,2,'2026-04-16 12:01:21','2026-04-16 12:01:21'),(121,103,1,'2026-04-16 12:01:21','2026-04-16 12:01:21'),(122,104,2,'2026-04-16 12:01:21','2026-04-16 12:01:21'),(123,104,1,'2026-04-16 12:01:21','2026-04-16 12:01:21'),(124,105,2,'2026-04-16 12:01:21','2026-04-16 12:01:21'),(125,105,1,'2026-04-16 12:01:21','2026-04-16 12:01:21'),(126,106,2,'2026-04-16 12:01:21','2026-04-16 12:01:21'),(127,106,1,'2026-04-16 12:01:21','2026-04-16 12:01:21'),(128,107,2,'2026-04-16 12:01:21','2026-04-16 12:01:21'),(129,107,1,'2026-04-16 12:01:21','2026-04-16 12:01:21'),(130,108,2,'2026-04-16 12:01:21','2026-04-16 12:01:21'),(131,108,1,'2026-04-16 12:01:21','2026-04-16 12:01:21'),(132,109,2,'2026-04-16 12:01:21','2026-04-16 12:01:21'),(133,109,1,'2026-04-16 12:01:21','2026-04-16 12:01:21'),(134,110,2,'2026-04-16 12:01:21','2026-04-16 12:01:21'),(135,110,1,'2026-04-16 12:01:21','2026-04-16 12:01:21'),(136,111,2,'2026-04-16 12:01:21','2026-04-16 12:01:21'),(137,111,1,'2026-04-16 12:01:21','2026-04-16 12:01:21'),(138,112,2,'2026-04-16 12:01:22','2026-04-16 12:01:22'),(139,112,1,'2026-04-16 12:01:22','2026-04-16 12:01:22'),(140,113,2,'2026-04-16 12:01:22','2026-04-16 12:01:22'),(141,113,1,'2026-04-16 12:01:22','2026-04-16 12:01:22'),(142,114,2,'2026-04-16 12:01:22','2026-04-16 12:01:22'),(143,114,1,'2026-04-16 12:01:22','2026-04-16 12:01:22'),(144,115,2,'2026-04-16 12:01:22','2026-04-16 12:01:22'),(145,115,1,'2026-04-16 12:01:22','2026-04-16 12:01:22'),(146,116,2,'2026-04-16 12:01:22','2026-04-16 12:01:22'),(147,116,1,'2026-04-16 12:01:22','2026-04-16 12:01:22'),(148,117,2,'2026-04-16 12:01:22','2026-04-16 12:01:22'),(149,117,1,'2026-04-16 12:01:22','2026-04-16 12:01:22'),(150,118,2,'2026-04-16 12:01:22','2026-04-16 12:01:22'),(151,118,1,'2026-04-16 12:01:22','2026-04-16 12:01:22'),(152,119,2,'2026-04-16 12:01:22','2026-04-16 12:01:22'),(153,119,1,'2026-04-16 12:01:22','2026-04-16 12:01:22'),(154,120,2,'2026-04-16 12:01:22','2026-04-16 12:01:22'),(155,120,1,'2026-04-16 12:01:22','2026-04-16 12:01:22'),(156,121,2,'2026-04-16 12:01:22','2026-04-16 12:01:22'),(157,121,1,'2026-04-16 12:01:22','2026-04-16 12:01:22'),(158,122,2,'2026-04-16 12:01:22','2026-04-16 12:01:22'),(159,122,1,'2026-04-16 12:01:22','2026-04-16 12:01:22'),(160,123,2,'2026-04-16 12:01:22','2026-04-16 12:01:22'),(161,123,1,'2026-04-16 12:01:22','2026-04-16 12:01:22'),(162,124,2,'2026-04-16 12:01:22','2026-04-16 12:01:22'),(163,124,1,'2026-04-16 12:01:22','2026-04-16 12:01:22'),(164,125,2,'2026-04-16 12:01:22','2026-04-16 12:01:22'),(165,125,1,'2026-04-16 12:01:22','2026-04-16 12:01:22'),(166,126,2,'2026-04-16 12:01:22','2026-04-16 12:01:22'),(167,126,1,'2026-04-16 12:01:22','2026-04-16 12:01:22'),(168,127,2,'2026-04-16 12:01:22','2026-04-16 12:01:22'),(169,127,1,'2026-04-16 12:01:22','2026-04-16 12:01:22'),(170,128,2,'2026-04-16 12:01:22','2026-04-16 12:01:22'),(171,128,1,'2026-04-16 12:01:22','2026-04-16 12:01:22'),(172,129,2,'2026-04-16 12:01:22','2026-04-16 12:01:22'),(173,129,1,'2026-04-16 12:01:22','2026-04-16 12:01:22'),(174,130,2,'2026-04-16 12:01:22','2026-04-16 12:01:22'),(175,130,1,'2026-04-16 12:01:22','2026-04-16 12:01:22'),(176,131,2,'2026-04-16 12:01:22','2026-04-16 12:01:22'),(177,131,1,'2026-04-16 12:01:22','2026-04-16 12:01:22'),(178,132,2,'2026-04-16 12:01:22','2026-04-16 12:01:22'),(179,132,1,'2026-04-16 12:01:22','2026-04-16 12:01:22'),(180,133,2,'2026-04-16 12:01:22','2026-04-16 12:01:22'),(181,133,1,'2026-04-16 12:01:22','2026-04-16 12:01:22'),(182,134,2,'2026-04-16 12:01:22','2026-04-16 12:01:22'),(183,134,1,'2026-04-16 12:01:22','2026-04-16 12:01:22'),(184,135,2,'2026-04-16 12:01:22','2026-04-16 12:01:22'),(185,135,1,'2026-04-16 12:01:22','2026-04-16 12:01:22'),(186,136,2,'2026-04-16 12:01:22','2026-04-16 12:01:22'),(187,136,1,'2026-04-16 12:01:22','2026-04-16 12:01:22'),(188,137,2,'2026-04-16 12:01:22','2026-04-16 12:01:22'),(189,137,1,'2026-04-16 12:01:22','2026-04-16 12:01:22'),(190,138,2,'2026-04-16 12:01:22','2026-04-16 12:01:22'),(191,138,1,'2026-04-16 12:01:22','2026-04-16 12:01:22'),(192,139,2,'2026-04-16 12:01:22','2026-04-16 12:01:22'),(193,139,1,'2026-04-16 12:01:22','2026-04-16 12:01:22'),(194,140,2,'2026-04-16 12:01:22','2026-04-16 12:01:22'),(195,140,1,'2026-04-16 12:01:22','2026-04-16 12:01:22'),(196,141,2,'2026-04-16 12:01:22','2026-04-16 12:01:22'),(197,141,1,'2026-04-16 12:01:22','2026-04-16 12:01:22'),(198,142,2,'2026-04-16 12:01:22','2026-04-16 12:01:22'),(199,142,1,'2026-04-16 12:01:22','2026-04-16 12:01:22'),(200,143,2,'2026-04-16 12:01:22','2026-04-16 12:01:22'),(201,143,1,'2026-04-16 12:01:22','2026-04-16 12:01:22'),(202,144,2,'2026-04-16 12:01:22','2026-04-16 12:01:22'),(203,144,1,'2026-04-16 12:01:22','2026-04-16 12:01:22'),(204,145,2,'2026-04-16 12:01:22','2026-04-16 12:01:22'),(205,145,1,'2026-04-16 12:01:22','2026-04-16 12:01:22'),(206,146,2,'2026-04-16 12:01:22','2026-04-16 12:01:22'),(207,146,1,'2026-04-16 12:01:22','2026-04-16 12:01:22'),(208,147,2,'2026-04-16 12:01:22','2026-04-16 12:01:22'),(209,147,1,'2026-04-16 12:01:22','2026-04-16 12:01:22'),(210,148,2,'2026-04-16 12:01:22','2026-04-16 12:01:22'),(211,148,1,'2026-04-16 12:01:22','2026-04-16 12:01:22'),(212,149,2,'2026-04-16 12:01:22','2026-04-16 12:01:22'),(213,149,1,'2026-04-16 12:01:22','2026-04-16 12:01:22'),(214,150,2,'2026-04-16 12:01:22','2026-04-16 12:01:22'),(215,150,1,'2026-04-16 12:01:22','2026-04-16 12:01:22'),(216,151,2,'2026-04-16 12:01:22','2026-04-16 12:01:22'),(217,151,1,'2026-04-16 12:01:22','2026-04-16 12:01:22'),(218,152,2,'2026-04-16 12:01:22','2026-04-16 12:01:22'),(219,152,1,'2026-04-16 12:01:22','2026-04-16 12:01:22'),(220,153,2,'2026-04-16 12:01:22','2026-04-16 12:01:22'),(221,153,1,'2026-04-16 12:01:22','2026-04-16 12:01:22'),(222,154,2,'2026-04-16 12:01:22','2026-04-16 12:01:22'),(223,154,1,'2026-04-16 12:01:22','2026-04-16 12:01:22'),(224,155,2,'2026-04-16 12:01:22','2026-04-16 12:01:22'),(225,155,1,'2026-04-16 12:01:22','2026-04-16 12:01:22'),(226,156,2,'2026-04-16 12:01:22','2026-04-16 12:01:22'),(227,156,1,'2026-04-16 12:01:22','2026-04-16 12:01:22'),(228,157,2,'2026-04-16 12:01:22','2026-04-16 12:01:22'),(229,157,1,'2026-04-16 12:01:22','2026-04-16 12:01:22'),(230,158,2,'2026-04-16 12:01:22','2026-04-16 12:01:22'),(231,158,1,'2026-04-16 12:01:22','2026-04-16 12:01:22'),(232,159,2,'2026-04-16 12:01:22','2026-04-16 12:01:22'),(233,159,1,'2026-04-16 12:01:22','2026-04-16 12:01:22'),(234,160,2,'2026-04-16 12:01:22','2026-04-16 12:01:22'),(235,160,1,'2026-04-16 12:01:22','2026-04-16 12:01:22'),(236,161,2,'2026-04-16 12:01:22','2026-04-16 12:01:22'),(237,161,1,'2026-04-16 12:01:22','2026-04-16 12:01:22'),(238,162,2,'2026-04-16 12:01:22','2026-04-16 12:01:22'),(239,162,1,'2026-04-16 12:01:22','2026-04-16 12:01:22'),(240,163,2,'2026-04-16 12:01:22','2026-04-16 12:01:22'),(241,163,1,'2026-04-16 12:01:22','2026-04-16 12:01:22'),(242,164,2,'2026-04-16 12:01:22','2026-04-16 12:01:22'),(243,164,1,'2026-04-16 12:01:22','2026-04-16 12:01:22'),(244,165,2,'2026-04-16 12:01:22','2026-04-16 12:01:22'),(245,165,1,'2026-04-16 12:01:22','2026-04-16 12:01:22'),(246,166,2,'2026-04-16 12:01:22','2026-04-16 12:01:22'),(247,166,1,'2026-04-16 12:01:22','2026-04-16 12:01:22'),(248,167,2,'2026-04-16 12:01:22','2026-04-16 12:01:22'),(249,167,1,'2026-04-16 12:01:22','2026-04-16 12:01:22'),(250,168,2,'2026-04-16 12:01:22','2026-04-16 12:01:22'),(251,168,1,'2026-04-16 12:01:22','2026-04-16 12:01:22'),(252,169,2,'2026-04-16 12:01:22','2026-04-16 12:01:22'),(253,169,1,'2026-04-16 12:01:22','2026-04-16 12:01:22'),(254,170,2,'2026-04-16 12:01:22','2026-04-16 12:01:22'),(255,170,1,'2026-04-16 12:01:22','2026-04-16 12:01:22'),(256,171,2,'2026-04-16 12:01:22','2026-04-16 12:01:22'),(257,171,1,'2026-04-16 12:01:22','2026-04-16 12:01:22'),(258,172,2,'2026-04-16 12:01:22','2026-04-16 12:01:22'),(259,172,1,'2026-04-16 12:01:22','2026-04-16 12:01:22'),(260,173,2,'2026-04-16 12:01:22','2026-04-16 12:01:22'),(261,173,1,'2026-04-16 12:01:22','2026-04-16 12:01:22'),(262,174,2,'2026-04-16 12:01:22','2026-04-16 12:01:22'),(263,174,1,'2026-04-16 12:01:22','2026-04-16 12:01:22'),(264,175,2,'2026-04-16 12:01:22','2026-04-16 12:01:22'),(265,175,1,'2026-04-16 12:01:22','2026-04-16 12:01:22'),(266,176,2,'2026-04-16 12:01:22','2026-04-16 12:01:22'),(267,176,1,'2026-04-16 12:01:22','2026-04-16 12:01:22'),(268,177,2,'2026-04-16 12:01:22','2026-04-16 12:01:22'),(269,177,1,'2026-04-16 12:01:22','2026-04-16 12:01:22'),(270,178,2,'2026-04-16 12:01:22','2026-04-16 12:01:22'),(271,178,1,'2026-04-16 12:01:22','2026-04-16 12:01:22'),(272,179,2,'2026-04-16 12:01:22','2026-04-16 12:01:22'),(273,179,1,'2026-04-16 12:01:22','2026-04-16 12:01:22'),(274,180,2,'2026-04-16 12:01:22','2026-04-16 12:01:22'),(275,180,1,'2026-04-16 12:01:22','2026-04-16 12:01:22'),(276,181,2,'2026-04-16 12:01:22','2026-04-16 12:01:22'),(277,181,1,'2026-04-16 12:01:22','2026-04-16 12:01:22'),(278,182,2,'2026-04-16 12:01:22','2026-04-16 12:01:22'),(279,182,1,'2026-04-16 12:01:22','2026-04-16 12:01:22'),(280,183,2,'2026-04-16 12:01:22','2026-04-16 12:01:22'),(281,183,1,'2026-04-16 12:01:22','2026-04-16 12:01:22'),(282,184,2,'2026-04-16 12:01:22','2026-04-16 12:01:22'),(283,184,1,'2026-04-16 12:01:22','2026-04-16 12:01:22'),(284,185,2,'2026-04-16 12:01:22','2026-04-16 12:01:22'),(285,185,1,'2026-04-16 12:01:22','2026-04-16 12:01:22'),(286,186,2,'2026-04-16 12:01:22','2026-04-16 12:01:22'),(287,186,1,'2026-04-16 12:01:22','2026-04-16 12:01:22'),(288,187,2,'2026-04-16 12:01:22','2026-04-16 12:01:22'),(289,187,1,'2026-04-16 12:01:22','2026-04-16 12:01:22'),(290,188,2,'2026-04-16 12:01:22','2026-04-16 12:01:22'),(291,188,1,'2026-04-16 12:01:22','2026-04-16 12:01:22'),(292,189,2,'2026-04-16 12:01:22','2026-04-16 12:01:22'),(293,189,1,'2026-04-16 12:01:22','2026-04-16 12:01:22'),(294,190,2,'2026-04-16 12:01:22','2026-04-16 12:01:22'),(295,190,1,'2026-04-16 12:01:22','2026-04-16 12:01:22'),(296,191,2,'2026-04-16 12:01:22','2026-04-16 12:01:22'),(297,191,1,'2026-04-16 12:01:22','2026-04-16 12:01:22'),(298,192,2,'2026-04-16 12:01:22','2026-04-16 12:01:22'),(299,192,1,'2026-04-16 12:01:22','2026-04-16 12:01:22'),(300,193,2,'2026-04-16 12:01:22','2026-04-16 12:01:22'),(301,193,1,'2026-04-16 12:01:22','2026-04-16 12:01:22'),(302,194,2,'2026-04-16 12:01:22','2026-04-16 12:01:22'),(303,194,1,'2026-04-16 12:01:22','2026-04-16 12:01:22'),(304,195,2,'2026-04-16 12:01:22','2026-04-16 12:01:22'),(305,195,1,'2026-04-16 12:01:22','2026-04-16 12:01:22'),(306,196,2,'2026-04-16 12:01:22','2026-04-16 12:01:22'),(307,196,1,'2026-04-16 12:01:22','2026-04-16 12:01:22'),(308,197,2,'2026-04-16 12:01:22','2026-04-16 12:01:22'),(309,197,1,'2026-04-16 12:01:22','2026-04-16 12:01:22'),(310,198,2,'2026-04-16 12:01:22','2026-04-16 12:01:22'),(311,198,1,'2026-04-16 12:01:22','2026-04-16 12:01:22'),(312,199,2,'2026-04-16 12:01:23','2026-04-16 12:01:23'),(313,199,1,'2026-04-16 12:01:23','2026-04-16 12:01:23'),(314,200,2,'2026-04-16 12:01:23','2026-04-16 12:01:23'),(315,200,1,'2026-04-16 12:01:23','2026-04-16 12:01:23'),(316,201,2,'2026-04-16 12:01:23','2026-04-16 12:01:23'),(317,201,1,'2026-04-16 12:01:23','2026-04-16 12:01:23'),(318,202,2,'2026-04-16 12:01:23','2026-04-16 12:01:23'),(319,202,1,'2026-04-16 12:01:23','2026-04-16 12:01:23'),(320,203,2,'2026-04-16 12:01:23','2026-04-16 12:01:23'),(321,203,1,'2026-04-16 12:01:23','2026-04-16 12:01:23'),(322,204,2,'2026-04-16 12:01:23','2026-04-16 12:01:23'),(323,204,1,'2026-04-16 12:01:23','2026-04-16 12:01:23'),(324,205,2,'2026-04-16 12:01:23','2026-04-16 12:01:23'),(325,205,1,'2026-04-16 12:01:23','2026-04-16 12:01:23'),(326,206,2,'2026-04-16 12:01:23','2026-04-16 12:01:23'),(327,206,1,'2026-04-16 12:01:23','2026-04-16 12:01:23'),(328,207,2,'2026-04-16 12:01:23','2026-04-16 12:01:23'),(329,207,1,'2026-04-16 12:01:23','2026-04-16 12:01:23'),(330,208,2,'2026-04-16 12:01:23','2026-04-16 12:01:23'),(331,208,1,'2026-04-16 12:01:23','2026-04-16 12:01:23'),(332,209,2,'2026-04-16 12:01:23','2026-04-16 12:01:23'),(333,209,1,'2026-04-16 12:01:23','2026-04-16 12:01:23'),(334,210,2,'2026-04-16 12:01:23','2026-04-16 12:01:23'),(335,210,1,'2026-04-16 12:01:23','2026-04-16 12:01:23'),(336,211,2,'2026-04-16 12:01:23','2026-04-16 12:01:23'),(337,211,1,'2026-04-16 12:01:23','2026-04-16 12:01:23'),(338,212,2,'2026-04-16 12:01:23','2026-04-16 12:01:23'),(339,212,1,'2026-04-16 12:01:23','2026-04-16 12:01:23');
/*!40000 ALTER TABLE `clase_profesor` ENABLE KEYS */;
UNLOCK TABLES;

--
-- Table structure for table `clases`
--

DROP TABLE IF EXISTS `clases`;
/*!40101 SET @saved_cs_client     = @@character_set_client */;
/*!40101 SET character_set_client = utf8 */;
CREATE TABLE `clases` (
  `id` bigint(20) unsigned NOT NULL AUTO_INCREMENT,
  `grupo_id` bigint(20) unsigned NOT NULL,
  `fecha` date NOT NULL,
  `hora_inicio` time NOT NULL,
  `hora_fin` time NOT NULL,
  `validada_para_liquidacion` tinyint(1) NOT NULL DEFAULT 0,
  `cancelada` tinyint(1) NOT NULL DEFAULT 0,
  `motivo_cancelacion` varchar(255) DEFAULT NULL,
  `created_at` timestamp NULL DEFAULT NULL,
  `updated_at` timestamp NULL DEFAULT NULL,
  PRIMARY KEY (`id`),
  KEY `clases_grupo_id_foreign` (`grupo_id`),
  KEY `clases_fecha_horario_index` (`fecha`,`hora_inicio`,`hora_fin`),
  CONSTRAINT `clases_grupo_id_foreign` FOREIGN KEY (`grupo_id`) REFERENCES `grupos` (`id`) ON DELETE CASCADE
) ENGINE=InnoDB AUTO_INCREMENT=213 DEFAULT CHARSET=utf8mb4 COLLATE=utf8mb4_unicode_ci;
/*!40101 SET character_set_client = @saved_cs_client */;

--
-- Dumping data for table `clases`
--

LOCK TABLES `clases` WRITE;
/*!40000 ALTER TABLE `clases` DISABLE KEYS */;
INSERT INTO `clases` VALUES (1,3,'2026-03-02','17:00:00','18:00:00',0,0,NULL,'2026-04-16 11:56:42','2026-04-16 11:56:42'),(2,3,'2026-03-06','17:00:00','18:00:00',0,0,NULL,'2026-04-16 11:56:42','2026-04-16 11:56:42'),(3,3,'2026-03-09','17:00:00','18:00:00',0,0,NULL,'2026-04-16 11:56:42','2026-04-16 11:56:42'),(4,3,'2026-03-13','17:00:00','18:00:00',0,0,NULL,'2026-04-16 11:56:42','2026-04-16 11:56:42'),(5,3,'2026-03-16','17:00:00','18:00:00',0,0,NULL,'2026-04-16 11:56:42','2026-04-16 11:56:42'),(6,3,'2026-03-20','17:00:00','18:00:00',0,0,NULL,'2026-04-16 11:56:42','2026-04-16 11:56:42'),(7,3,'2026-03-23','17:00:00','18:00:00',0,0,NULL,'2026-04-16 11:56:42','2026-04-16 11:56:42'),(8,3,'2026-03-27','17:00:00','18:00:00',0,0,NULL,'2026-04-16 11:56:42','2026-04-16 11:56:42'),(9,3,'2026-03-30','17:00:00','18:00:00',0,0,NULL,'2026-04-16 11:56:42','2026-04-16 11:56:42'),(10,3,'2026-04-03','17:00:00','18:00:00',0,0,NULL,'2026-04-16 11:56:42','2026-04-16 11:56:42'),(11,3,'2026-04-06','17:00:00','18:00:00',0,0,NULL,'2026-04-16 11:56:42','2026-04-16 11:56:42'),(12,3,'2026-04-10','17:00:00','18:00:00',0,0,NULL,'2026-04-16 11:56:42','2026-04-16 11:56:42'),(13,3,'2026-04-13','17:00:00','18:00:00',0,0,NULL,'2026-04-16 11:56:42','2026-04-16 11:56:42'),(14,3,'2026-04-17','17:00:00','18:00:00',0,0,NULL,'2026-04-16 11:56:42','2026-04-16 11:56:42'),(15,3,'2026-04-20','17:00:00','18:00:00',0,0,NULL,'2026-04-16 11:56:42','2026-04-16 11:56:42'),(16,3,'2026-04-24','17:00:00','18:00:00',0,0,NULL,'2026-04-16 11:56:42','2026-04-16 11:56:42'),(17,3,'2026-04-27','17:00:00','18:00:00',0,0,NULL,'2026-04-16 11:56:42','2026-04-16 11:56:42'),(18,3,'2026-05-01','17:00:00','18:00:00',0,0,NULL,'2026-04-16 11:56:42','2026-04-16 11:56:42'),(19,3,'2026-05-04','17:00:00','18:00:00',0,0,NULL,'2026-04-16 11:56:42','2026-04-16 11:56:42'),(20,3,'2026-05-08','17:00:00','18:00:00',0,0,NULL,'2026-04-16 11:56:42','2026-04-16 11:56:42'),(21,3,'2026-05-11','17:00:00','18:00:00',0,0,NULL,'2026-04-16 11:56:42','2026-04-16 11:56:42'),(22,3,'2026-05-15','17:00:00','18:00:00',0,0,NULL,'2026-04-16 11:56:42','2026-04-16 11:56:42'),(23,3,'2026-05-18','17:00:00','18:00:00',0,0,NULL,'2026-04-16 11:56:42','2026-04-16 11:56:42'),(24,3,'2026-05-22','17:00:00','18:00:00',0,0,NULL,'2026-04-16 11:56:42','2026-04-16 11:56:42'),(25,3,'2026-05-25','17:00:00','18:00:00',0,0,NULL,'2026-04-16 11:56:42','2026-04-16 11:56:42'),(26,3,'2026-05-29','17:00:00','18:00:00',0,0,NULL,'2026-04-16 11:56:42','2026-04-16 11:56:42'),(27,3,'2026-06-01','17:00:00','18:00:00',0,0,NULL,'2026-04-16 11:56:42','2026-04-16 11:56:42'),(28,3,'2026-06-05','17:00:00','18:00:00',0,0,NULL,'2026-04-16 11:56:42','2026-04-16 11:56:42'),(29,3,'2026-06-08','17:00:00','18:00:00',0,0,NULL,'2026-04-16 11:56:42','2026-04-16 11:56:42'),(30,3,'2026-06-12','17:00:00','18:00:00',0,0,NULL,'2026-04-16 11:56:42','2026-04-16 11:56:42'),(31,3,'2026-06-15','17:00:00','18:00:00',0,0,NULL,'2026-04-16 11:56:42','2026-04-16 11:56:42'),(32,3,'2026-06-19','17:00:00','18:00:00',0,0,NULL,'2026-04-16 11:56:42','2026-04-16 11:56:42'),(33,3,'2026-06-22','17:00:00','18:00:00',0,0,NULL,'2026-04-16 11:56:42','2026-04-16 11:56:42'),(34,3,'2026-06-26','17:00:00','18:00:00',0,0,NULL,'2026-04-16 11:56:42','2026-04-16 11:56:42'),(35,3,'2026-06-29','17:00:00','18:00:00',0,0,NULL,'2026-04-16 11:56:42','2026-04-16 11:56:42'),(36,3,'2026-07-03','17:00:00','18:00:00',0,0,NULL,'2026-04-16 11:56:42','2026-04-16 11:56:42'),(37,3,'2026-07-06','17:00:00','18:00:00',0,0,NULL,'2026-04-16 11:56:42','2026-04-16 11:56:42'),(38,3,'2026-07-10','17:00:00','18:00:00',0,0,NULL,'2026-04-16 11:56:43','2026-04-16 11:56:43'),(39,3,'2026-07-13','17:00:00','18:00:00',0,0,NULL,'2026-04-16 11:56:43','2026-04-16 11:56:43'),(40,3,'2026-07-17','17:00:00','18:00:00',0,0,NULL,'2026-04-16 11:56:43','2026-04-16 11:56:43'),(41,3,'2026-07-20','17:00:00','18:00:00',0,0,NULL,'2026-04-16 11:56:43','2026-04-16 11:56:43'),(42,3,'2026-07-24','17:00:00','18:00:00',0,0,NULL,'2026-04-16 11:56:43','2026-04-16 11:56:43'),(43,3,'2026-07-27','17:00:00','18:00:00',0,0,NULL,'2026-04-16 11:56:43','2026-04-16 11:56:43'),(44,3,'2026-07-31','17:00:00','18:00:00',0,0,NULL,'2026-04-16 11:56:43','2026-04-16 11:56:43'),(45,3,'2026-08-03','17:00:00','18:00:00',0,0,NULL,'2026-04-16 11:56:43','2026-04-16 11:56:43'),(46,3,'2026-08-07','17:00:00','18:00:00',0,0,NULL,'2026-04-16 11:56:43','2026-04-16 11:56:43'),(47,3,'2026-08-10','17:00:00','18:00:00',0,0,NULL,'2026-04-16 11:56:43','2026-04-16 11:56:43'),(48,3,'2026-08-14','17:00:00','18:00:00',0,0,NULL,'2026-04-16 11:56:43','2026-04-16 11:56:43'),(49,3,'2026-08-17','17:00:00','18:00:00',0,0,NULL,'2026-04-16 11:56:43','2026-04-16 11:56:43'),(50,3,'2026-08-21','17:00:00','18:00:00',0,0,NULL,'2026-04-16 11:56:43','2026-04-16 11:56:43'),(51,3,'2026-08-24','17:00:00','18:00:00',0,0,NULL,'2026-04-16 11:56:43','2026-04-16 11:56:43'),(52,3,'2026-08-28','17:00:00','18:00:00',0,0,NULL,'2026-04-16 11:56:43','2026-04-16 11:56:43'),(53,3,'2026-08-31','17:00:00','18:00:00',0,0,NULL,'2026-04-16 11:56:43','2026-04-16 11:56:43'),(54,3,'2026-09-04','17:00:00','18:00:00',0,0,NULL,'2026-04-16 11:56:43','2026-04-16 11:56:43'),(55,3,'2026-09-07','17:00:00','18:00:00',0,0,NULL,'2026-04-16 11:56:43','2026-04-16 11:56:43'),(56,3,'2026-09-11','17:00:00','18:00:00',0,0,NULL,'2026-04-16 11:56:43','2026-04-16 11:56:43'),(57,3,'2026-09-14','17:00:00','18:00:00',0,0,NULL,'2026-04-16 11:56:43','2026-04-16 11:56:43'),(58,3,'2026-09-18','17:00:00','18:00:00',0,0,NULL,'2026-04-16 11:56:43','2026-04-16 11:56:43'),(59,3,'2026-09-21','17:00:00','18:00:00',0,0,NULL,'2026-04-16 11:56:43','2026-04-16 11:56:43'),(60,3,'2026-09-25','17:00:00','18:00:00',0,0,NULL,'2026-04-16 11:56:43','2026-04-16 11:56:43'),(61,3,'2026-09-28','17:00:00','18:00:00',0,0,NULL,'2026-04-16 11:56:43','2026-04-16 11:56:43'),(62,3,'2026-10-02','17:00:00','18:00:00',0,0,NULL,'2026-04-16 11:56:43','2026-04-16 11:56:43'),(63,3,'2026-10-05','17:00:00','18:00:00',0,0,NULL,'2026-04-16 11:56:43','2026-04-16 11:56:43'),(64,3,'2026-10-09','17:00:00','18:00:00',0,0,NULL,'2026-04-16 11:56:43','2026-04-16 11:56:43'),(65,3,'2026-10-12','17:00:00','18:00:00',0,0,NULL,'2026-04-16 11:56:43','2026-04-16 11:56:43'),(66,3,'2026-10-16','17:00:00','18:00:00',0,0,NULL,'2026-04-16 11:56:43','2026-04-16 11:56:43'),(67,3,'2026-10-19','17:00:00','18:00:00',0,0,NULL,'2026-04-16 11:56:43','2026-04-16 11:56:43'),(68,3,'2026-10-23','17:00:00','18:00:00',0,0,NULL,'2026-04-16 11:56:43','2026-04-16 11:56:43'),(69,3,'2026-10-26','17:00:00','18:00:00',0,0,NULL,'2026-04-16 11:56:43','2026-04-16 11:56:43'),(70,3,'2026-10-30','17:00:00','18:00:00',0,0,NULL,'2026-04-16 11:56:43','2026-04-16 11:56:43'),(71,3,'2026-11-02','17:00:00','18:00:00',0,0,NULL,'2026-04-16 11:56:43','2026-04-16 11:56:43'),(72,3,'2026-11-06','17:00:00','18:00:00',0,0,NULL,'2026-04-16 11:56:43','2026-04-16 11:56:43'),(73,3,'2026-11-09','17:00:00','18:00:00',0,0,NULL,'2026-04-16 11:56:43','2026-04-16 11:56:43'),(74,3,'2026-11-13','17:00:00','18:00:00',0,0,NULL,'2026-04-16 11:56:43','2026-04-16 11:56:43'),(75,3,'2026-11-16','17:00:00','18:00:00',0,0,NULL,'2026-04-16 11:56:43','2026-04-16 11:56:43'),(76,3,'2026-11-20','17:00:00','18:00:00',0,0,NULL,'2026-04-16 11:56:43','2026-04-16 11:56:43'),(77,3,'2026-11-23','17:00:00','18:00:00',0,0,NULL,'2026-04-16 11:56:43','2026-04-16 11:56:43'),(78,3,'2026-11-27','17:00:00','18:00:00',0,0,NULL,'2026-04-16 11:56:43','2026-04-16 11:56:43'),(79,3,'2026-11-30','17:00:00','18:00:00',0,0,NULL,'2026-04-16 11:56:43','2026-04-16 11:56:43'),(80,3,'2026-12-04','17:00:00','18:00:00',0,0,NULL,'2026-04-16 11:56:43','2026-04-16 11:56:43'),(81,3,'2026-12-07','17:00:00','18:00:00',0,0,NULL,'2026-04-16 11:56:43','2026-04-16 11:56:43'),(82,3,'2026-12-11','17:00:00','18:00:00',0,0,NULL,'2026-04-16 11:56:43','2026-04-16 11:56:43'),(83,3,'2026-12-14','17:00:00','18:00:00',0,0,NULL,'2026-04-16 11:56:43','2026-04-16 11:56:43'),(84,3,'2026-12-18','17:00:00','18:00:00',0,0,NULL,'2026-04-16 11:56:43','2026-04-16 11:56:43'),(85,3,'2026-12-21','17:00:00','18:00:00',0,0,NULL,'2026-04-16 11:56:43','2026-04-16 11:56:43'),(86,5,'2026-03-03','18:00:00','19:00:00',0,0,NULL,'2026-04-16 12:01:21','2026-04-16 12:01:21'),(87,5,'2026-03-05','18:00:00','19:00:00',0,0,NULL,'2026-04-16 12:01:21','2026-04-16 12:01:21'),(88,5,'2026-03-06','18:00:00','19:00:00',0,0,NULL,'2026-04-16 12:01:21','2026-04-16 12:01:21'),(89,5,'2026-03-10','18:00:00','19:00:00',0,0,NULL,'2026-04-16 12:01:21','2026-04-16 12:01:21'),(90,5,'2026-03-12','18:00:00','19:00:00',0,0,NULL,'2026-04-16 12:01:21','2026-04-16 12:01:21'),(91,5,'2026-03-13','18:00:00','19:00:00',0,0,NULL,'2026-04-16 12:01:21','2026-04-16 12:01:21'),(92,5,'2026-03-17','18:00:00','19:00:00',0,0,NULL,'2026-04-16 12:01:21','2026-04-16 12:01:21'),(93,5,'2026-03-19','18:00:00','19:00:00',0,0,NULL,'2026-04-16 12:01:21','2026-04-16 12:01:21'),(94,5,'2026-03-20','18:00:00','19:00:00',0,0,NULL,'2026-04-16 12:01:21','2026-04-16 12:01:21'),(95,5,'2026-03-24','18:00:00','19:00:00',0,0,NULL,'2026-04-16 12:01:21','2026-04-16 12:01:21'),(96,5,'2026-03-26','18:00:00','19:00:00',0,0,NULL,'2026-04-16 12:01:21','2026-04-16 12:01:21'),(97,5,'2026-03-27','18:00:00','19:00:00',0,0,NULL,'2026-04-16 12:01:21','2026-04-16 12:01:21'),(98,5,'2026-03-31','18:00:00','19:00:00',0,0,NULL,'2026-04-16 12:01:21','2026-04-16 12:01:21'),(99,5,'2026-04-02','18:00:00','19:00:00',0,0,NULL,'2026-04-16 12:01:21','2026-04-16 12:01:21'),(100,5,'2026-04-03','18:00:00','19:00:00',0,0,NULL,'2026-04-16 12:01:21','2026-04-16 12:01:21'),(101,5,'2026-04-07','18:00:00','19:00:00',0,0,NULL,'2026-04-16 12:01:21','2026-04-16 12:01:21'),(102,5,'2026-04-09','18:00:00','19:00:00',0,0,NULL,'2026-04-16 12:01:21','2026-04-16 12:01:21'),(103,5,'2026-04-10','18:00:00','19:00:00',0,0,NULL,'2026-04-16 12:01:21','2026-04-16 12:01:21'),(104,5,'2026-04-14','18:00:00','19:00:00',0,0,NULL,'2026-04-16 12:01:21','2026-04-16 12:01:21'),(105,5,'2026-04-16','18:00:00','19:00:00',0,0,NULL,'2026-04-16 12:01:21','2026-04-16 12:01:21'),(106,5,'2026-04-17','18:00:00','19:00:00',0,0,NULL,'2026-04-16 12:01:21','2026-04-16 12:01:21'),(107,5,'2026-04-21','18:00:00','19:00:00',0,0,NULL,'2026-04-16 12:01:21','2026-04-16 12:01:21'),(108,5,'2026-04-23','18:00:00','19:00:00',0,0,NULL,'2026-04-16 12:01:21','2026-04-16 12:01:21'),(109,5,'2026-04-24','18:00:00','19:00:00',0,0,NULL,'2026-04-16 12:01:21','2026-04-16 12:01:21'),(110,5,'2026-04-28','18:00:00','19:00:00',0,0,NULL,'2026-04-16 12:01:21','2026-04-16 12:01:21'),(111,5,'2026-04-30','18:00:00','19:00:00',0,0,NULL,'2026-04-16 12:01:21','2026-04-16 12:01:21'),(112,5,'2026-05-01','18:00:00','19:00:00',0,0,NULL,'2026-04-16 12:01:21','2026-04-16 12:01:21'),(113,5,'2026-05-05','18:00:00','19:00:00',0,0,NULL,'2026-04-16 12:01:22','2026-04-16 12:01:22'),(114,5,'2026-05-07','18:00:00','19:00:00',0,0,NULL,'2026-04-16 12:01:22','2026-04-16 12:01:22'),(115,5,'2026-05-08','18:00:00','19:00:00',0,0,NULL,'2026-04-16 12:01:22','2026-04-16 12:01:22'),(116,5,'2026-05-12','18:00:00','19:00:00',0,0,NULL,'2026-04-16 12:01:22','2026-04-16 12:01:22'),(117,5,'2026-05-14','18:00:00','19:00:00',0,0,NULL,'2026-04-16 12:01:22','2026-04-16 12:01:22'),(118,5,'2026-05-15','18:00:00','19:00:00',0,0,NULL,'2026-04-16 12:01:22','2026-04-16 12:01:22'),(119,5,'2026-05-19','18:00:00','19:00:00',0,0,NULL,'2026-04-16 12:01:22','2026-04-16 12:01:22'),(120,5,'2026-05-21','18:00:00','19:00:00',0,0,NULL,'2026-04-16 12:01:22','2026-04-16 12:01:22'),(121,5,'2026-05-22','18:00:00','19:00:00',0,0,NULL,'2026-04-16 12:01:22','2026-04-16 12:01:22'),(122,5,'2026-05-26','18:00:00','19:00:00',0,0,NULL,'2026-04-16 12:01:22','2026-04-16 12:01:22'),(123,5,'2026-05-28','18:00:00','19:00:00',0,0,NULL,'2026-04-16 12:01:22','2026-04-16 12:01:22'),(124,5,'2026-05-29','18:00:00','19:00:00',0,0,NULL,'2026-04-16 12:01:22','2026-04-16 12:01:22'),(125,5,'2026-06-02','18:00:00','19:00:00',0,0,NULL,'2026-04-16 12:01:22','2026-04-16 12:01:22'),(126,5,'2026-06-04','18:00:00','19:00:00',0,0,NULL,'2026-04-16 12:01:22','2026-04-16 12:01:22'),(127,5,'2026-06-05','18:00:00','19:00:00',0,0,NULL,'2026-04-16 12:01:22','2026-04-16 12:01:22'),(128,5,'2026-06-09','18:00:00','19:00:00',0,0,NULL,'2026-04-16 12:01:22','2026-04-16 12:01:22'),(129,5,'2026-06-11','18:00:00','19:00:00',0,0,NULL,'2026-04-16 12:01:22','2026-04-16 12:01:22'),(130,5,'2026-06-12','18:00:00','19:00:00',0,0,NULL,'2026-04-16 12:01:22','2026-04-16 12:01:22'),(131,5,'2026-06-16','18:00:00','19:00:00',0,0,NULL,'2026-04-16 12:01:22','2026-04-16 12:01:22'),(132,5,'2026-06-18','18:00:00','19:00:00',0,0,NULL,'2026-04-16 12:01:22','2026-04-16 12:01:22'),(133,5,'2026-06-19','18:00:00','19:00:00',0,0,NULL,'2026-04-16 12:01:22','2026-04-16 12:01:22'),(134,5,'2026-06-23','18:00:00','19:00:00',0,0,NULL,'2026-04-16 12:01:22','2026-04-16 12:01:22'),(135,5,'2026-06-25','18:00:00','19:00:00',0,0,NULL,'2026-04-16 12:01:22','2026-04-16 12:01:22'),(136,5,'2026-06-26','18:00:00','19:00:00',0,0,NULL,'2026-04-16 12:01:22','2026-04-16 12:01:22'),(137,5,'2026-06-30','18:00:00','19:00:00',0,0,NULL,'2026-04-16 12:01:22','2026-04-16 12:01:22'),(138,5,'2026-07-02','18:00:00','19:00:00',0,0,NULL,'2026-04-16 12:01:22','2026-04-16 12:01:22'),(139,5,'2026-07-03','18:00:00','19:00:00',0,0,NULL,'2026-04-16 12:01:22','2026-04-16 12:01:22'),(140,5,'2026-07-07','18:00:00','19:00:00',0,0,NULL,'2026-04-16 12:01:22','2026-04-16 12:01:22'),(141,5,'2026-07-09','18:00:00','19:00:00',0,0,NULL,'2026-04-16 12:01:22','2026-04-16 12:01:22'),(142,5,'2026-07-10','18:00:00','19:00:00',0,0,NULL,'2026-04-16 12:01:22','2026-04-16 12:01:22'),(143,5,'2026-07-14','18:00:00','19:00:00',0,0,NULL,'2026-04-16 12:01:22','2026-04-16 12:01:22'),(144,5,'2026-07-16','18:00:00','19:00:00',0,0,NULL,'2026-04-16 12:01:22','2026-04-16 12:01:22'),(145,5,'2026-07-17','18:00:00','19:00:00',0,0,NULL,'2026-04-16 12:01:22','2026-04-16 12:01:22'),(146,5,'2026-07-21','18:00:00','19:00:00',0,0,NULL,'2026-04-16 12:01:22','2026-04-16 12:01:22'),(147,5,'2026-07-23','18:00:00','19:00:00',0,0,NULL,'2026-04-16 12:01:22','2026-04-16 12:01:22'),(148,5,'2026-07-24','18:00:00','19:00:00',0,0,NULL,'2026-04-16 12:01:22','2026-04-16 12:01:22'),(149,5,'2026-07-28','18:00:00','19:00:00',0,0,NULL,'2026-04-16 12:01:22','2026-04-16 12:01:22'),(150,5,'2026-07-30','18:00:00','19:00:00',0,0,NULL,'2026-04-16 12:01:22','2026-04-16 12:01:22'),(151,5,'2026-07-31','18:00:00','19:00:00',0,0,NULL,'2026-04-16 12:01:22','2026-04-16 12:01:22'),(152,5,'2026-08-04','18:00:00','19:00:00',0,0,NULL,'2026-04-16 12:01:22','2026-04-16 12:01:22'),(153,5,'2026-08-06','18:00:00','19:00:00',0,0,NULL,'2026-04-16 12:01:22','2026-04-16 12:01:22'),(154,5,'2026-08-07','18:00:00','19:00:00',0,0,NULL,'2026-04-16 12:01:22','2026-04-16 12:01:22'),(155,5,'2026-08-11','18:00:00','19:00:00',0,0,NULL,'2026-04-16 12:01:22','2026-04-16 12:01:22'),(156,5,'2026-08-13','18:00:00','19:00:00',0,0,NULL,'2026-04-16 12:01:22','2026-04-16 12:01:22'),(157,5,'2026-08-14','18:00:00','19:00:00',0,0,NULL,'2026-04-16 12:01:22','2026-04-16 12:01:22'),(158,5,'2026-08-18','18:00:00','19:00:00',0,0,NULL,'2026-04-16 12:01:22','2026-04-16 12:01:22'),(159,5,'2026-08-20','18:00:00','19:00:00',0,0,NULL,'2026-04-16 12:01:22','2026-04-16 12:01:22'),(160,5,'2026-08-21','18:00:00','19:00:00',0,0,NULL,'2026-04-16 12:01:22','2026-04-16 12:01:22'),(161,5,'2026-08-25','18:00:00','19:00:00',0,0,NULL,'2026-04-16 12:01:22','2026-04-16 12:01:22'),(162,5,'2026-08-27','18:00:00','19:00:00',0,0,NULL,'2026-04-16 12:01:22','2026-04-16 12:01:22'),(163,5,'2026-08-28','18:00:00','19:00:00',0,0,NULL,'2026-04-16 12:01:22','2026-04-16 12:01:22'),(164,5,'2026-09-01','18:00:00','19:00:00',0,0,NULL,'2026-04-16 12:01:22','2026-04-16 12:01:22'),(165,5,'2026-09-03','18:00:00','19:00:00',0,0,NULL,'2026-04-16 12:01:22','2026-04-16 12:01:22'),(166,5,'2026-09-04','18:00:00','19:00:00',0,0,NULL,'2026-04-16 12:01:22','2026-04-16 12:01:22'),(167,5,'2026-09-08','18:00:00','19:00:00',0,0,NULL,'2026-04-16 12:01:22','2026-04-16 12:01:22'),(168,5,'2026-09-10','18:00:00','19:00:00',0,0,NULL,'2026-04-16 12:01:22','2026-04-16 12:01:22'),(169,5,'2026-09-11','18:00:00','19:00:00',0,0,NULL,'2026-04-16 12:01:22','2026-04-16 12:01:22'),(170,5,'2026-09-15','18:00:00','19:00:00',0,0,NULL,'2026-04-16 12:01:22','2026-04-16 12:01:22'),(171,5,'2026-09-17','18:00:00','19:00:00',0,0,NULL,'2026-04-16 12:01:22','2026-04-16 12:01:22'),(172,5,'2026-09-18','18:00:00','19:00:00',0,0,NULL,'2026-04-16 12:01:22','2026-04-16 12:01:22'),(173,5,'2026-09-22','18:00:00','19:00:00',0,0,NULL,'2026-04-16 12:01:22','2026-04-16 12:01:22'),(174,5,'2026-09-24','18:00:00','19:00:00',0,0,NULL,'2026-04-16 12:01:22','2026-04-16 12:01:22'),(175,5,'2026-09-25','18:00:00','19:00:00',0,0,NULL,'2026-04-16 12:01:22','2026-04-16 12:01:22'),(176,5,'2026-09-29','18:00:00','19:00:00',0,0,NULL,'2026-04-16 12:01:22','2026-04-16 12:01:22'),(177,5,'2026-10-01','18:00:00','19:00:00',0,0,NULL,'2026-04-16 12:01:22','2026-04-16 12:01:22'),(178,5,'2026-10-02','18:00:00','19:00:00',0,0,NULL,'2026-04-16 12:01:22','2026-04-16 12:01:22'),(179,5,'2026-10-06','18:00:00','19:00:00',0,0,NULL,'2026-04-16 12:01:22','2026-04-16 12:01:22'),(180,5,'2026-10-08','18:00:00','19:00:00',0,0,NULL,'2026-04-16 12:01:22','2026-04-16 12:01:22'),(181,5,'2026-10-09','18:00:00','19:00:00',0,0,NULL,'2026-04-16 12:01:22','2026-04-16 12:01:22'),(182,5,'2026-10-13','18:00:00','19:00:00',0,0,NULL,'2026-04-16 12:01:22','2026-04-16 12:01:22'),(183,5,'2026-10-15','18:00:00','19:00:00',0,0,NULL,'2026-04-16 12:01:22','2026-04-16 12:01:22'),(184,5,'2026-10-16','18:00:00','19:00:00',0,0,NULL,'2026-04-16 12:01:22','2026-04-16 12:01:22'),(185,5,'2026-10-20','18:00:00','19:00:00',0,0,NULL,'2026-04-16 12:01:22','2026-04-16 12:01:22'),(186,5,'2026-10-22','18:00:00','19:00:00',0,0,NULL,'2026-04-16 12:01:22','2026-04-16 12:01:22'),(187,5,'2026-10-23','18:00:00','19:00:00',0,0,NULL,'2026-04-16 12:01:22','2026-04-16 12:01:22'),(188,5,'2026-10-27','18:00:00','19:00:00',0,0,NULL,'2026-04-16 12:01:22','2026-04-16 12:01:22'),(189,5,'2026-10-29','18:00:00','19:00:00',0,0,NULL,'2026-04-16 12:01:22','2026-04-16 12:01:22'),(190,5,'2026-10-30','18:00:00','19:00:00',0,0,NULL,'2026-04-16 12:01:22','2026-04-16 12:01:22'),(191,5,'2026-11-03','18:00:00','19:00:00',0,0,NULL,'2026-04-16 12:01:22','2026-04-16 12:01:22'),(192,5,'2026-11-05','18:00:00','19:00:00',0,0,NULL,'2026-04-16 12:01:22','2026-04-16 12:01:22'),(193,5,'2026-11-06','18:00:00','19:00:00',0,0,NULL,'2026-04-16 12:01:22','2026-04-16 12:01:22'),(194,5,'2026-11-10','18:00:00','19:00:00',0,0,NULL,'2026-04-16 12:01:22','2026-04-16 12:01:22'),(195,5,'2026-11-12','18:00:00','19:00:00',0,0,NULL,'2026-04-16 12:01:22','2026-04-16 12:01:22'),(196,5,'2026-11-13','18:00:00','19:00:00',0,0,NULL,'2026-04-16 12:01:22','2026-04-16 12:01:22'),(197,5,'2026-11-17','18:00:00','19:00:00',0,0,NULL,'2026-04-16 12:01:22','2026-04-16 12:01:22'),(198,5,'2026-11-19','18:00:00','19:00:00',0,0,NULL,'2026-04-16 12:01:22','2026-04-16 12:01:22'),(199,5,'2026-11-20','18:00:00','19:00:00',0,0,NULL,'2026-04-16 12:01:23','2026-04-16 12:01:23'),(200,5,'2026-11-24','18:00:00','19:00:00',0,0,NULL,'2026-04-16 12:01:23','2026-04-16 12:01:23'),(201,5,'2026-11-26','18:00:00','19:00:00',0,0,NULL,'2026-04-16 12:01:23','2026-04-16 12:01:23'),(202,5,'2026-11-27','18:00:00','19:00:00',0,0,NULL,'2026-04-16 12:01:23','2026-04-16 12:01:23'),(203,5,'2026-12-01','18:00:00','19:00:00',0,0,NULL,'2026-04-16 12:01:23','2026-04-16 12:01:23'),(204,5,'2026-12-03','18:00:00','19:00:00',0,0,NULL,'2026-04-16 12:01:23','2026-04-16 12:01:23'),(205,5,'2026-12-04','18:00:00','19:00:00',0,0,NULL,'2026-04-16 12:01:23','2026-04-16 12:01:23'),(206,5,'2026-12-08','18:00:00','19:00:00',0,0,NULL,'2026-04-16 12:01:23','2026-04-16 12:01:23'),(207,5,'2026-12-10','18:00:00','19:00:00',0,0,NULL,'2026-04-16 12:01:23','2026-04-16 12:01:23'),(208,5,'2026-12-11','18:00:00','19:00:00',0,0,NULL,'2026-04-16 12:01:23','2026-04-16 12:01:23'),(209,5,'2026-12-15','18:00:00','19:00:00',0,0,NULL,'2026-04-16 12:01:23','2026-04-16 12:01:23'),(210,5,'2026-12-17','18:00:00','19:00:00',0,0,NULL,'2026-04-16 12:01:23','2026-04-16 12:01:23'),(211,5,'2026-12-18','18:00:00','19:00:00',0,0,NULL,'2026-04-16 12:01:23','2026-04-16 12:01:23'),(212,5,'2026-12-22','18:00:00','19:00:00',0,0,NULL,'2026-04-16 12:01:23','2026-04-16 12:01:23');
/*!40000 ALTER TABLE `clases` ENABLE KEYS */;
UNLOCK TABLES;

--
-- Table structure for table `deportes`
--

DROP TABLE IF EXISTS `deportes`;
/*!40101 SET @saved_cs_client     = @@character_set_client */;
/*!40101 SET character_set_client = utf8 */;
CREATE TABLE `deportes` (
  `id` bigint(20) unsigned NOT NULL AUTO_INCREMENT,
  `nombre` varchar(255) NOT NULL,
  `tipo_liquidacion` enum('HORA','COMISION') NOT NULL DEFAULT 'HORA',
  `activo` tinyint(1) NOT NULL DEFAULT 1,
  `created_at` timestamp NULL DEFAULT NULL,
  `updated_at` timestamp NULL DEFAULT NULL,
  PRIMARY KEY (`id`)
) ENGINE=InnoDB AUTO_INCREMENT=4 DEFAULT CHARSET=utf8mb4 COLLATE=utf8mb4_unicode_ci;
/*!40101 SET character_set_client = @saved_cs_client */;

--
-- Dumping data for table `deportes`
--

LOCK TABLES `deportes` WRITE;
/*!40000 ALTER TABLE `deportes` DISABLE KEYS */;
INSERT INTO `deportes` VALUES (1,'Fútbol','COMISION',1,'2026-02-11 17:47:42','2026-03-08 21:02:55'),(2,'Patín','HORA',1,'2026-03-02 04:08:05','2026-03-02 04:08:05');
/*!40000 ALTER TABLE `deportes` ENABLE KEYS */;
UNLOCK TABLES;

--
-- Table structure for table `deuda_cuotas`
--

DROP TABLE IF EXISTS `deuda_cuotas`;
/*!40101 SET @saved_cs_client     = @@character_set_client */;
/*!40101 SET character_set_client = utf8 */;
CREATE TABLE `deuda_cuotas` (
  `id` bigint(20) unsigned NOT NULL AUTO_INCREMENT,
  `alumno_id` bigint(20) unsigned NOT NULL,
  `periodo` varchar(7) NOT NULL,
  `monto_original` decimal(10,2) NOT NULL,
  `monto_pagado` decimal(10,2) NOT NULL DEFAULT 0.00,
  `estado` enum('PENDIENTE','PAGADA','CONDONADA','AJUSTADA') NOT NULL DEFAULT 'PENDIENTE',
  `observaciones` text DEFAULT NULL,
  `created_at` timestamp NULL DEFAULT NULL,
  `updated_at` timestamp NULL DEFAULT NULL,
  PRIMARY KEY (`id`),
  UNIQUE KEY `deuda_cuotas_alumno_periodo_unique` (`alumno_id`,`periodo`),
  KEY `deuda_cuotas_alumno_id_periodo_index` (`alumno_id`,`periodo`),
  CONSTRAINT `deuda_cuotas_alumno_id_foreign` FOREIGN KEY (`alumno_id`) REFERENCES `alumnos` (`id`) ON DELETE CASCADE
) ENGINE=InnoDB AUTO_INCREMENT=12 DEFAULT CHARSET=utf8mb4 COLLATE=utf8mb4_unicode_ci;
/*!40101 SET character_set_client = @saved_cs_client */;

--
-- Dumping data for table `deuda_cuotas`
--

LOCK TABLES `deuda_cuotas` WRITE;
/*!40000 ALTER TABLE `deuda_cuotas` DISABLE KEYS */;
INSERT INTO `deuda_cuotas` VALUES (1,1,'2026-02',28000.00,0.00,'PENDIENTE',NULL,'2026-02-11 17:47:48','2026-02-11 17:47:48'),(2,1,'2026-03',28000.00,0.00,'PENDIENTE',NULL,'2026-02-11 17:47:48','2026-02-11 17:47:48'),(3,2,'2026-02',28000.00,0.00,'PENDIENTE',NULL,'2026-02-11 17:47:48','2026-02-11 17:47:48'),(4,2,'2026-03',28000.00,0.00,'PENDIENTE',NULL,'2026-02-11 17:47:48','2026-02-11 17:47:48'),(5,3,'2026-02',28000.00,0.00,'PENDIENTE',NULL,'2026-02-11 17:47:48','2026-02-11 17:47:48'),(6,3,'2026-03',28000.00,0.00,'PENDIENTE',NULL,'2026-02-11 17:47:48','2026-02-11 17:47:48'),(11,2,'2026-04',500.00,0.00,'PENDIENTE',NULL,'2026-02-11 18:29:34','2026-02-11 18:29:34');
/*!40000 ALTER TABLE `deuda_cuotas` ENABLE KEYS */;
UNLOCK TABLES;

--
-- Table structure for table `failed_jobs`
--

DROP TABLE IF EXISTS `failed_jobs`;
/*!40101 SET @saved_cs_client     = @@character_set_client */;
/*!40101 SET character_set_client = utf8 */;
CREATE TABLE `failed_jobs` (
  `id` bigint(20) unsigned NOT NULL AUTO_INCREMENT,
  `uuid` varchar(255) NOT NULL,
  `connection` text NOT NULL,
  `queue` text NOT NULL,
  `payload` longtext NOT NULL,
  `exception` longtext NOT NULL,
  `failed_at` timestamp NOT NULL DEFAULT current_timestamp(),
  PRIMARY KEY (`id`),
  UNIQUE KEY `failed_jobs_uuid_unique` (`uuid`)
) ENGINE=InnoDB DEFAULT CHARSET=utf8mb4 COLLATE=utf8mb4_unicode_ci;
/*!40101 SET character_set_client = @saved_cs_client */;

--
-- Dumping data for table `failed_jobs`
--

LOCK TABLES `failed_jobs` WRITE;
/*!40000 ALTER TABLE `failed_jobs` DISABLE KEYS */;
/*!40000 ALTER TABLE `failed_jobs` ENABLE KEYS */;
UNLOCK TABLES;

--
-- Table structure for table `formas_pago`
--

DROP TABLE IF EXISTS `formas_pago`;
/*!40101 SET @saved_cs_client     = @@character_set_client */;
/*!40101 SET character_set_client = utf8 */;
CREATE TABLE `formas_pago` (
  `id` bigint(20) unsigned NOT NULL AUTO_INCREMENT,
  `nombre` varchar(255) NOT NULL,
  `activo` tinyint(1) NOT NULL DEFAULT 1,
  `created_at` timestamp NULL DEFAULT NULL,
  `updated_at` timestamp NULL DEFAULT NULL,
  PRIMARY KEY (`id`)
) ENGINE=InnoDB AUTO_INCREMENT=5 DEFAULT CHARSET=utf8mb4 COLLATE=utf8mb4_unicode_ci;
/*!40101 SET character_set_client = @saved_cs_client */;

--
-- Dumping data for table `formas_pago`
--

LOCK TABLES `formas_pago` WRITE;
/*!40000 ALTER TABLE `formas_pago` DISABLE KEYS */;
INSERT INTO `formas_pago` VALUES (1,'Efectivo',1,'2026-02-11 17:47:42','2026-02-11 17:47:42'),(2,'Débito',1,'2026-02-11 17:47:42','2026-02-11 17:47:42'),(3,'Crédito',1,'2026-02-11 17:47:42','2026-02-11 17:47:42'),(4,'Transferencia',1,'2026-02-11 17:47:42','2026-02-11 17:47:42');
/*!40000 ALTER TABLE `formas_pago` ENABLE KEYS */;
UNLOCK TABLES;

--
-- Table structure for table `grupo_planes`
--

DROP TABLE IF EXISTS `grupo_planes`;
/*!40101 SET @saved_cs_client     = @@character_set_client */;
/*!40101 SET character_set_client = utf8 */;
CREATE TABLE `grupo_planes` (
  `id` bigint(20) unsigned NOT NULL AUTO_INCREMENT,
  `grupo_id` bigint(20) unsigned NOT NULL,
  `clases_por_semana` int(10) unsigned NOT NULL,
  `precio_mensual` decimal(10,2) unsigned NOT NULL,
  `activo` tinyint(1) NOT NULL DEFAULT 1,
  `created_at` timestamp NULL DEFAULT NULL,
  `updated_at` timestamp NULL DEFAULT NULL,
  PRIMARY KEY (`id`),
  UNIQUE KEY `unique_grupo_clases_activo` (`grupo_id`,`clases_por_semana`,`activo`),
  CONSTRAINT `grupo_planes_grupo_id_foreign` FOREIGN KEY (`grupo_id`) REFERENCES `grupos` (`id`) ON DELETE CASCADE
) ENGINE=InnoDB AUTO_INCREMENT=14 DEFAULT CHARSET=utf8mb4 COLLATE=utf8mb4_unicode_ci;
/*!40101 SET character_set_client = @saved_cs_client */;

--
-- Dumping data for table `grupo_planes`
--

LOCK TABLES `grupo_planes` WRITE;
/*!40000 ALTER TABLE `grupo_planes` DISABLE KEYS */;
INSERT INTO `grupo_planes` VALUES (1,1,2,300.00,1,'2026-02-11 17:47:42','2026-02-11 17:47:42'),(2,1,3,400.00,1,'2026-02-11 17:47:42','2026-02-11 17:47:42'),(3,1,5,600.00,1,'2026-02-11 17:47:42','2026-02-11 17:47:42'),(4,2,2,400.00,1,'2026-02-11 17:47:42','2026-02-11 17:47:42'),(5,2,3,500.00,1,'2026-02-11 17:47:42','2026-02-11 17:47:42'),(6,2,5,800.00,1,'2026-02-11 17:47:42','2026-02-11 17:47:42'),(7,3,1,28000.00,1,'2026-03-08 13:07:37','2026-03-08 13:07:37'),(8,3,2,30000.00,1,'2026-03-08 13:07:37','2026-03-08 13:07:37'),(11,5,1,43000.00,1,'2026-03-09 13:04:04','2026-03-09 13:04:04'),(12,6,1,28000.00,1,'2026-04-27 01:20:57','2026-04-27 01:20:57'),(13,6,2,33000.00,1,'2026-04-27 01:20:57','2026-04-27 01:20:57');
/*!40000 ALTER TABLE `grupo_planes` ENABLE KEYS */;
UNLOCK TABLES;

--
-- Table structure for table `grupos`
--

DROP TABLE IF EXISTS `grupos`;
/*!40101 SET @saved_cs_client     = @@character_set_client */;
/*!40101 SET character_set_client = utf8 */;
CREATE TABLE `grupos` (
  `id` bigint(20) unsigned NOT NULL AUTO_INCREMENT,
  `deporte_id` bigint(20) unsigned NOT NULL,
  `nivel_id` bigint(20) unsigned NOT NULL,
  `activo` tinyint(1) NOT NULL DEFAULT 1,
  `created_at` timestamp NULL DEFAULT NULL,
  `updated_at` timestamp NULL DEFAULT NULL,
  PRIMARY KEY (`id`),
  UNIQUE KEY `grupos_deporte_nivel_unique` (`deporte_id`,`nivel_id`),
  KEY `grupos_deporte_id_foreign` (`deporte_id`),
  KEY `grupos_nivel_id_foreign` (`nivel_id`),
  CONSTRAINT `grupos_deporte_id_foreign` FOREIGN KEY (`deporte_id`) REFERENCES `deportes` (`id`) ON DELETE CASCADE,
  CONSTRAINT `grupos_nivel_id_foreign` FOREIGN KEY (`nivel_id`) REFERENCES `niveles` (`id`)
) ENGINE=InnoDB AUTO_INCREMENT=7 DEFAULT CHARSET=utf8mb4 COLLATE=utf8mb4_unicode_ci;
/*!40101 SET character_set_client = @saved_cs_client */;

--
-- Dumping data for table `grupos`
--

LOCK TABLES `grupos` WRITE;
/*!40000 ALTER TABLE `grupos` DISABLE KEYS */;
INSERT INTO `grupos` VALUES (1,1,1,1,'2026-02-11 17:47:42','2026-02-11 17:47:42'),(2,1,2,1,'2026-02-11 17:47:42','2026-02-11 17:47:42'),(3,2,1,1,'2026-03-02 04:08:05','2026-03-02 04:08:05'),(5,2,3,1,'2026-03-09 13:04:04','2026-03-09 13:04:04'),(6,1,3,1,'2026-04-27 01:20:57','2026-04-27 01:20:57');
/*!40000 ALTER TABLE `grupos` ENABLE KEYS */;
UNLOCK TABLES;

--
-- Table structure for table `job_batches`
--

DROP TABLE IF EXISTS `job_batches`;
/*!40101 SET @saved_cs_client     = @@character_set_client */;
/*!40101 SET character_set_client = utf8 */;
CREATE TABLE `job_batches` (
  `id` varchar(255) NOT NULL,
  `name` varchar(255) NOT NULL,
  `total_jobs` int(11) NOT NULL,
  `pending_jobs` int(11) NOT NULL,
  `failed_jobs` int(11) NOT NULL,
  `failed_job_ids` longtext NOT NULL,
  `options` mediumtext DEFAULT NULL,
  `cancelled_at` int(11) DEFAULT NULL,
  `created_at` int(11) NOT NULL,
  `finished_at` int(11) DEFAULT NULL,
  PRIMARY KEY (`id`)
) ENGINE=InnoDB DEFAULT CHARSET=utf8mb4 COLLATE=utf8mb4_unicode_ci;
/*!40101 SET character_set_client = @saved_cs_client */;

--
-- Dumping data for table `job_batches`
--

LOCK TABLES `job_batches` WRITE;
/*!40000 ALTER TABLE `job_batches` DISABLE KEYS */;
/*!40000 ALTER TABLE `job_batches` ENABLE KEYS */;
UNLOCK TABLES;

--
-- Table structure for table `jobs`
--

DROP TABLE IF EXISTS `jobs`;
/*!40101 SET @saved_cs_client     = @@character_set_client */;
/*!40101 SET character_set_client = utf8 */;
CREATE TABLE `jobs` (
  `id` bigint(20) unsigned NOT NULL AUTO_INCREMENT,
  `queue` varchar(255) NOT NULL,
  `payload` longtext NOT NULL,
  `attempts` tinyint(3) unsigned NOT NULL,
  `reserved_at` int(10) unsigned DEFAULT NULL,
  `available_at` int(10) unsigned NOT NULL,
  `created_at` int(10) unsigned NOT NULL,
  PRIMARY KEY (`id`),
  KEY `jobs_queue_index` (`queue`)
) ENGINE=InnoDB DEFAULT CHARSET=utf8mb4 COLLATE=utf8mb4_unicode_ci;
/*!40101 SET character_set_client = @saved_cs_client */;

--
-- Dumping data for table `jobs`
--

LOCK TABLES `jobs` WRITE;
/*!40000 ALTER TABLE `jobs` DISABLE KEYS */;
/*!40000 ALTER TABLE `jobs` ENABLE KEYS */;
UNLOCK TABLES;

--
-- Table structure for table `liquidacion_detalles`
--

DROP TABLE IF EXISTS `liquidacion_detalles`;
/*!40101 SET @saved_cs_client     = @@character_set_client */;
/*!40101 SET character_set_client = utf8 */;
CREATE TABLE `liquidacion_detalles` (
  `id` bigint(20) unsigned NOT NULL AUTO_INCREMENT,
  `liquidacion_id` bigint(20) unsigned NOT NULL,
  `tipo_referencia` varchar(20) NOT NULL,
  `referencia_id` bigint(20) unsigned NOT NULL,
  `monto` decimal(10,2) NOT NULL,
  `descripcion` varchar(255) DEFAULT NULL,
  `created_at` timestamp NULL DEFAULT NULL,
  `updated_at` timestamp NULL DEFAULT NULL,
  PRIMARY KEY (`id`),
  KEY `liquidacion_detalles_liquidacion_id_index` (`liquidacion_id`),
  KEY `liquidacion_detalles_tipo_referencia_referencia_id_index` (`tipo_referencia`,`referencia_id`),
  CONSTRAINT `liquidacion_detalles_liquidacion_id_foreign` FOREIGN KEY (`liquidacion_id`) REFERENCES `liquidaciones` (`id`) ON DELETE CASCADE
) ENGINE=InnoDB DEFAULT CHARSET=utf8mb4 COLLATE=utf8mb4_unicode_ci;
/*!40101 SET character_set_client = @saved_cs_client */;

--
-- Dumping data for table `liquidacion_detalles`
--

LOCK TABLES `liquidacion_detalles` WRITE;
/*!40000 ALTER TABLE `liquidacion_detalles` DISABLE KEYS */;
/*!40000 ALTER TABLE `liquidacion_detalles` ENABLE KEYS */;
UNLOCK TABLES;

--
-- Table structure for table `liquidaciones`
--

DROP TABLE IF EXISTS `liquidaciones`;
/*!40101 SET @saved_cs_client     = @@character_set_client */;
/*!40101 SET character_set_client = utf8 */;
CREATE TABLE `liquidaciones` (
  `id` bigint(20) unsigned NOT NULL AUTO_INCREMENT,
  `profesor_id` bigint(20) unsigned NOT NULL,
  `mes` tinyint(3) unsigned NOT NULL,
  `anio` smallint(5) unsigned NOT NULL,
  `tipo` enum('HORA','COMISION') NOT NULL,
  `total_calculado` decimal(12,2) NOT NULL DEFAULT 0.00,
  `estado` enum('ABIERTA','CERRADA') NOT NULL DEFAULT 'ABIERTA',
  `estado_pago` enum('PENDIENTE','PAGADA') NOT NULL DEFAULT 'PENDIENTE',
  `pagada_at` datetime DEFAULT NULL,
  `created_at` timestamp NULL DEFAULT NULL,
  `updated_at` timestamp NULL DEFAULT NULL,
  `pagada_por_admin_id` bigint(20) unsigned DEFAULT NULL,
  `pagada_fecha` date DEFAULT NULL,
  `pagada_tipo_caja_id` bigint(20) unsigned DEFAULT NULL,
  `pagada_subrubro_id` bigint(20) unsigned DEFAULT NULL,
  PRIMARY KEY (`id`),
  UNIQUE KEY `liquidaciones_profesor_id_mes_anio_unique` (`profesor_id`,`mes`,`anio`),
  KEY `liquidaciones_mes_anio_index` (`mes`,`anio`),
  KEY `liquidaciones_estado_index` (`estado`),
  KEY `liquidaciones_pagada_por_admin_id_foreign` (`pagada_por_admin_id`),
  KEY `liquidaciones_pagada_tipo_caja_id_foreign` (`pagada_tipo_caja_id`),
  KEY `liquidaciones_pagada_subrubro_id_foreign` (`pagada_subrubro_id`),
  CONSTRAINT `liquidaciones_pagada_por_admin_id_foreign` FOREIGN KEY (`pagada_por_admin_id`) REFERENCES `users` (`id`),
  CONSTRAINT `liquidaciones_pagada_subrubro_id_foreign` FOREIGN KEY (`pagada_subrubro_id`) REFERENCES `subrubros` (`id`),
  CONSTRAINT `liquidaciones_pagada_tipo_caja_id_foreign` FOREIGN KEY (`pagada_tipo_caja_id`) REFERENCES `tipos_caja` (`id`),
  CONSTRAINT `liquidaciones_profesor_id_foreign` FOREIGN KEY (`profesor_id`) REFERENCES `profesores` (`id`)
) ENGINE=InnoDB DEFAULT CHARSET=utf8mb4 COLLATE=utf8mb4_unicode_ci;
/*!40101 SET character_set_client = @saved_cs_client */;

--
-- Dumping data for table `liquidaciones`
--

LOCK TABLES `liquidaciones` WRITE;
/*!40000 ALTER TABLE `liquidaciones` DISABLE KEYS */;
/*!40000 ALTER TABLE `liquidaciones` ENABLE KEYS */;
UNLOCK TABLES;

--
-- Table structure for table `migrations`
--

DROP TABLE IF EXISTS `migrations`;
/*!40101 SET @saved_cs_client     = @@character_set_client */;
/*!40101 SET character_set_client = utf8 */;
CREATE TABLE `migrations` (
  `id` int(10) unsigned NOT NULL AUTO_INCREMENT,
  `migration` varchar(255) NOT NULL,
  `batch` int(11) NOT NULL,
  PRIMARY KEY (`id`)
) ENGINE=InnoDB AUTO_INCREMENT=49 DEFAULT CHARSET=utf8mb4 COLLATE=utf8mb4_unicode_ci;
/*!40101 SET character_set_client = @saved_cs_client */;

--
-- Dumping data for table `migrations`
--

LOCK TABLES `migrations` WRITE;
/*!40000 ALTER TABLE `migrations` DISABLE KEYS */;
INSERT INTO `migrations` VALUES (1,'0001_01_01_000000_create_users_table',1),(2,'0001_01_01_000001_create_cache_table',1),(3,'0001_01_01_000002_create_jobs_table',1),(4,'2026_01_12_021412_create_deportes_table',1),(5,'2026_01_12_021419_create_grupos_table',1),(6,'2026_01_12_021505_create_alumnos_table',1),(7,'2026_01_12_023548_create_personal_access_tokens_table',1),(8,'2026_01_12_032445_remove_es_menor_from_alumnos_table',1),(9,'2026_01_12_034430_remove_horario_from_grupos_table',1),(10,'2026_01_12_034453_create_grupo_planes_table',1),(11,'2026_01_12_091852_create_reglas_primer_pago_table',1),(12,'2026_01_12_091900_create_formas_pago_table',1),(13,'2026_01_12_091912_create_pagos_table',1),(14,'2026_01_12_091959_create_alumno_planes_table',1),(15,'2026_01_25_115528_add_fecha_pago_to_pagos_table',1),(16,'2026_01_27_000001_create_profesores_table',1),(17,'2026_01_27_000002_create_clases_table',1),(18,'2026_01_27_000003_create_clase_profesor_table',1),(19,'2026_01_27_000004_create_asistencias_table',1),(20,'2026_01_28_000001_add_tipo_liquidacion_to_deportes_table',1),(21,'2026_01_28_000002_add_liquidacion_fields_to_profesores_table',1),(22,'2026_01_28_000003_add_liquidacion_fields_to_clases_table',1),(23,'2026_01_28_000004_create_liquidaciones_table',1),(24,'2026_01_28_000005_create_liquidacion_detalles_table',1),(25,'2026_02_01_000001_add_dni_to_alumnos_table',1),(26,'2026_02_01_000002_create_deuda_cuotas_table',1),(27,'2026_02_01_100001_create_rubros_table',1),(28,'2026_02_01_100002_create_subrubros_table',1),(29,'2026_02_01_100003_create_tipos_caja_table',1),(30,'2026_02_01_100004_create_cajas_operativas_table',1),(31,'2026_02_01_100005_create_movimientos_operativos_table',1),(32,'2026_02_01_100006_create_cashflow_movimientos_table',1),(33,'2026_02_01_100007_add_motivo_rechazo_to_cajas_operativas_table',1),(34,'2026_02_02_000001_add_observaciones_to_deuda_cuotas_table',1),(35,'2026_02_02_000001_add_tipo_caja_id_to_cashflow_movimientos_table',1),(36,'2026_02_02_000002_create_pago_deuda_cuota_table',1),(37,'2026_02_02_000003_add_es_reservado_sistema_to_subrubros_table',1),(38,'2026_02_03_000001_add_pago_fields_to_liquidaciones_table',1),(39,'2026_02_06_063616_add_rol_to_users_table',1),(40,'2026_02_11_000001_fix_pagos_nullable_for_cuota_flow',2),(41,'2026_02_11_000002_add_unique_nombre_to_subrubros_table',2),(42,'2026_02_12_000001_create_alumnos_revision_cobranza_table',2),(43,'2026_02_12_000002_create_asistencia_excesos_table',2),(44,'2026_03_08_181502_add_datos_personales_to_profesores_table',3),(45,'2026_04_16_081012_add_motivo_cancelacion_to_clases_table',4),(47,'2026_04_17_040409_create_niveles_table',5),(48,'2026_04_17_040414_refactor_grupos_add_nivel_remove_nombre',5);
/*!40000 ALTER TABLE `migrations` ENABLE KEYS */;
UNLOCK TABLES;

--
-- Table structure for table `movimientos_operativos`
--

DROP TABLE IF EXISTS `movimientos_operativos`;
/*!40101 SET @saved_cs_client     = @@character_set_client */;
/*!40101 SET character_set_client = utf8 */;
CREATE TABLE `movimientos_operativos` (
  `id` bigint(20) unsigned NOT NULL AUTO_INCREMENT,
  `caja_operativa_id` bigint(20) unsigned NOT NULL,
  `fecha` date DEFAULT NULL,
  `tipo_caja_id` bigint(20) unsigned NOT NULL,
  `subrubro_id` bigint(20) unsigned NOT NULL,
  `monto` decimal(12,2) NOT NULL,
  `observaciones` text DEFAULT NULL,
  `usuario_id` bigint(20) unsigned NOT NULL,
  `created_at` timestamp NULL DEFAULT NULL,
  `updated_at` timestamp NULL DEFAULT NULL,
  PRIMARY KEY (`id`),
  KEY `movimientos_operativos_caja_operativa_id_foreign` (`caja_operativa_id`),
  KEY `movimientos_operativos_tipo_caja_id_foreign` (`tipo_caja_id`),
  KEY `movimientos_operativos_subrubro_id_foreign` (`subrubro_id`),
  KEY `movimientos_operativos_usuario_id_foreign` (`usuario_id`),
  CONSTRAINT `movimientos_operativos_caja_operativa_id_foreign` FOREIGN KEY (`caja_operativa_id`) REFERENCES `cajas_operativas` (`id`) ON DELETE CASCADE,
  CONSTRAINT `movimientos_operativos_subrubro_id_foreign` FOREIGN KEY (`subrubro_id`) REFERENCES `subrubros` (`id`) ON DELETE CASCADE,
  CONSTRAINT `movimientos_operativos_tipo_caja_id_foreign` FOREIGN KEY (`tipo_caja_id`) REFERENCES `tipos_caja` (`id`) ON DELETE CASCADE,
  CONSTRAINT `movimientos_operativos_usuario_id_foreign` FOREIGN KEY (`usuario_id`) REFERENCES `users` (`id`) ON DELETE CASCADE
) ENGINE=InnoDB DEFAULT CHARSET=utf8mb4 COLLATE=utf8mb4_unicode_ci;
/*!40101 SET character_set_client = @saved_cs_client */;

--
-- Dumping data for table `movimientos_operativos`
--

LOCK TABLES `movimientos_operativos` WRITE;
/*!40000 ALTER TABLE `movimientos_operativos` DISABLE KEYS */;
/*!40000 ALTER TABLE `movimientos_operativos` ENABLE KEYS */;
UNLOCK TABLES;

--
-- Table structure for table `niveles`
--

DROP TABLE IF EXISTS `niveles`;
/*!40101 SET @saved_cs_client     = @@character_set_client */;
/*!40101 SET character_set_client = utf8 */;
CREATE TABLE `niveles` (
  `id` bigint(20) unsigned NOT NULL AUTO_INCREMENT,
  `nombre` varchar(100) NOT NULL,
  `descripcion` varchar(255) DEFAULT NULL,
  `created_at` timestamp NULL DEFAULT NULL,
  `updated_at` timestamp NULL DEFAULT NULL,
  PRIMARY KEY (`id`),
  UNIQUE KEY `niveles_nombre_unique` (`nombre`)
) ENGINE=InnoDB AUTO_INCREMENT=7 DEFAULT CHARSET=utf8mb4 COLLATE=utf8mb4_unicode_ci;
/*!40101 SET character_set_client = @saved_cs_client */;

--
-- Dumping data for table `niveles`
--

LOCK TABLES `niveles` WRITE;
/*!40000 ALTER TABLE `niveles` DISABLE KEYS */;
INSERT INTO `niveles` VALUES (1,'Principiantes','Alumnos que inician la actividad','2026-04-17 07:14:53','2026-04-17 07:14:53'),(2,'Avanzados','Alumnos con experiencia previa','2026-04-17 07:14:53','2026-04-17 07:14:53'),(3,'Federadas','Competición federada','2026-04-17 07:14:53','2026-04-17 07:14:53'),(6,'Intermedias','Nivel posterior a principiantes','2026-04-27 02:13:36','2026-04-27 02:13:36');
/*!40000 ALTER TABLE `niveles` ENABLE KEYS */;
UNLOCK TABLES;

--
-- Table structure for table `pago_deuda_cuota`
--

DROP TABLE IF EXISTS `pago_deuda_cuota`;
/*!40101 SET @saved_cs_client     = @@character_set_client */;
/*!40101 SET character_set_client = utf8 */;
CREATE TABLE `pago_deuda_cuota` (
  `id` bigint(20) unsigned NOT NULL AUTO_INCREMENT,
  `pago_id` bigint(20) unsigned NOT NULL,
  `deuda_cuota_id` bigint(20) unsigned NOT NULL,
  `monto_aplicado` decimal(12,2) NOT NULL,
  `created_at` timestamp NULL DEFAULT NULL,
  `updated_at` timestamp NULL DEFAULT NULL,
  PRIMARY KEY (`id`),
  UNIQUE KEY `pago_deuda_cuota_unique` (`pago_id`,`deuda_cuota_id`),
  KEY `pago_deuda_cuota_deuda_cuota_id_foreign` (`deuda_cuota_id`),
  CONSTRAINT `pago_deuda_cuota_deuda_cuota_id_foreign` FOREIGN KEY (`deuda_cuota_id`) REFERENCES `deuda_cuotas` (`id`) ON DELETE CASCADE,
  CONSTRAINT `pago_deuda_cuota_pago_id_foreign` FOREIGN KEY (`pago_id`) REFERENCES `pagos` (`id`) ON DELETE CASCADE
) ENGINE=InnoDB DEFAULT CHARSET=utf8mb4 COLLATE=utf8mb4_unicode_ci;
/*!40101 SET character_set_client = @saved_cs_client */;

--
-- Dumping data for table `pago_deuda_cuota`
--

LOCK TABLES `pago_deuda_cuota` WRITE;
/*!40000 ALTER TABLE `pago_deuda_cuota` DISABLE KEYS */;
/*!40000 ALTER TABLE `pago_deuda_cuota` ENABLE KEYS */;
UNLOCK TABLES;

--
-- Table structure for table `pagos`
--

DROP TABLE IF EXISTS `pagos`;
/*!40101 SET @saved_cs_client     = @@character_set_client */;
/*!40101 SET character_set_client = utf8 */;
CREATE TABLE `pagos` (
  `id` bigint(20) unsigned NOT NULL AUTO_INCREMENT,
  `alumno_id` bigint(20) unsigned NOT NULL,
  `plan_id` bigint(20) unsigned DEFAULT NULL,
  `regla_primer_pago_id` bigint(20) unsigned DEFAULT NULL,
  `mes` tinyint(3) unsigned NOT NULL,
  `anio` smallint(5) unsigned NOT NULL,
  `monto_base` decimal(10,2) NOT NULL,
  `porcentaje_aplicado` decimal(5,2) NOT NULL,
  `monto_final` decimal(10,2) NOT NULL,
  `forma_pago_id` bigint(20) unsigned DEFAULT NULL,
  `fecha_pago` date NOT NULL,
  `observaciones` text DEFAULT NULL,
  `estado` enum('pagado','parcial','adeuda','COMPLETADO') NOT NULL DEFAULT 'pagado',
  `created_at` timestamp NULL DEFAULT NULL,
  `updated_at` timestamp NULL DEFAULT NULL,
  PRIMARY KEY (`id`),
  KEY `pagos_alumno_id_foreign` (`alumno_id`),
  KEY `pagos_plan_id_foreign` (`plan_id`),
  KEY `pagos_regla_primer_pago_id_foreign` (`regla_primer_pago_id`),
  KEY `pagos_forma_pago_id_foreign` (`forma_pago_id`),
  CONSTRAINT `pagos_alumno_id_foreign` FOREIGN KEY (`alumno_id`) REFERENCES `alumnos` (`id`) ON DELETE CASCADE,
  CONSTRAINT `pagos_forma_pago_id_foreign` FOREIGN KEY (`forma_pago_id`) REFERENCES `formas_pago` (`id`),
  CONSTRAINT `pagos_plan_id_foreign` FOREIGN KEY (`plan_id`) REFERENCES `grupo_planes` (`id`),
  CONSTRAINT `pagos_regla_primer_pago_id_foreign` FOREIGN KEY (`regla_primer_pago_id`) REFERENCES `reglas_primer_pago` (`id`) ON DELETE SET NULL
) ENGINE=InnoDB AUTO_INCREMENT=3 DEFAULT CHARSET=utf8mb4 COLLATE=utf8mb4_unicode_ci;
/*!40101 SET character_set_client = @saved_cs_client */;

--
-- Dumping data for table `pagos`
--

LOCK TABLES `pagos` WRITE;
/*!40000 ALTER TABLE `pagos` DISABLE KEYS */;
INSERT INTO `pagos` VALUES (1,1,NULL,NULL,8,2025,20000.00,100.00,20000.00,NULL,'2025-08-15',NULL,'COMPLETADO','2026-02-11 18:29:34','2026-02-11 18:29:34'),(2,2,NULL,NULL,3,2026,25000.00,100.00,25000.00,NULL,'2026-03-10',NULL,'COMPLETADO','2026-02-11 18:29:34','2026-02-11 18:29:34');
/*!40000 ALTER TABLE `pagos` ENABLE KEYS */;
UNLOCK TABLES;

--
-- Table structure for table `password_reset_tokens`
--

DROP TABLE IF EXISTS `password_reset_tokens`;
/*!40101 SET @saved_cs_client     = @@character_set_client */;
/*!40101 SET character_set_client = utf8 */;
CREATE TABLE `password_reset_tokens` (
  `email` varchar(255) NOT NULL,
  `token` varchar(255) NOT NULL,
  `created_at` timestamp NULL DEFAULT NULL,
  PRIMARY KEY (`email`)
) ENGINE=InnoDB DEFAULT CHARSET=utf8mb4 COLLATE=utf8mb4_unicode_ci;
/*!40101 SET character_set_client = @saved_cs_client */;

--
-- Dumping data for table `password_reset_tokens`
--

LOCK TABLES `password_reset_tokens` WRITE;
/*!40000 ALTER TABLE `password_reset_tokens` DISABLE KEYS */;
/*!40000 ALTER TABLE `password_reset_tokens` ENABLE KEYS */;
UNLOCK TABLES;

--
-- Table structure for table `personal_access_tokens`
--

DROP TABLE IF EXISTS `personal_access_tokens`;
/*!40101 SET @saved_cs_client     = @@character_set_client */;
/*!40101 SET character_set_client = utf8 */;
CREATE TABLE `personal_access_tokens` (
  `id` bigint(20) unsigned NOT NULL AUTO_INCREMENT,
  `tokenable_type` varchar(255) NOT NULL,
  `tokenable_id` bigint(20) unsigned NOT NULL,
  `name` text NOT NULL,
  `token` varchar(64) NOT NULL,
  `abilities` text DEFAULT NULL,
  `last_used_at` timestamp NULL DEFAULT NULL,
  `expires_at` timestamp NULL DEFAULT NULL,
  `created_at` timestamp NULL DEFAULT NULL,
  `updated_at` timestamp NULL DEFAULT NULL,
  PRIMARY KEY (`id`),
  UNIQUE KEY `personal_access_tokens_token_unique` (`token`),
  KEY `personal_access_tokens_tokenable_type_tokenable_id_index` (`tokenable_type`,`tokenable_id`),
  KEY `personal_access_tokens_expires_at_index` (`expires_at`)
) ENGINE=InnoDB AUTO_INCREMENT=4 DEFAULT CHARSET=utf8mb4 COLLATE=utf8mb4_unicode_ci;
/*!40101 SET character_set_client = @saved_cs_client */;

--
-- Dumping data for table `personal_access_tokens`
--

LOCK TABLES `personal_access_tokens` WRITE;
/*!40000 ALTER TABLE `personal_access_tokens` DISABLE KEYS */;
INSERT INTO `personal_access_tokens` VALUES (1,'App\\Models\\User',1,'test','2f7f4f8c0c39a24b94997bc00f1dbd20ab82d8b6cf284a068a35be07752bd7e2','[\"*\"]',NULL,NULL,'2026-02-11 22:12:27','2026-02-11 22:12:27'),(2,'App\\Models\\User',2,'test','87120abf769768dc39b9e501cbe5da3c7ec9a498dae51f9683909ae0aa3cb863','[\"*\"]',NULL,NULL,'2026-02-11 22:12:27','2026-02-11 22:12:27'),(3,'App\\Models\\User',1,'auth-token','440c9e251c5036566129544357c1a8df8194eefd1c13097953a12f87dcc3ad42','[\"*\"]',NULL,NULL,'2026-02-11 22:13:13','2026-02-11 22:13:13');
/*!40000 ALTER TABLE `personal_access_tokens` ENABLE KEYS */;
UNLOCK TABLES;

--
-- Table structure for table `profesores`
--

DROP TABLE IF EXISTS `profesores`;
/*!40101 SET @saved_cs_client     = @@character_set_client */;
/*!40101 SET character_set_client = utf8 */;
CREATE TABLE `profesores` (
  `id` bigint(20) unsigned NOT NULL AUTO_INCREMENT,
  `deporte_id` bigint(20) unsigned DEFAULT NULL,
  `nombre` varchar(255) NOT NULL,
  `apellido` varchar(255) NOT NULL,
  `dni` varchar(20) NOT NULL,
  `fecha_nacimiento` date NOT NULL,
  `direccion` varchar(255) NOT NULL,
  `localidad` varchar(255) NOT NULL,
  `email` varchar(255) DEFAULT NULL,
  `telefono` varchar(255) DEFAULT NULL,
  `valor_hora` decimal(10,2) DEFAULT NULL,
  `porcentaje_comision` decimal(5,2) DEFAULT NULL,
  `activo` tinyint(1) NOT NULL DEFAULT 1,
  `created_at` timestamp NULL DEFAULT NULL,
  `updated_at` timestamp NULL DEFAULT NULL,
  PRIMARY KEY (`id`),
  UNIQUE KEY `profesores_dni_unique` (`dni`),
  KEY `profesores_deporte_id_foreign` (`deporte_id`),
  CONSTRAINT `profesores_deporte_id_foreign` FOREIGN KEY (`deporte_id`) REFERENCES `deportes` (`id`)
) ENGINE=InnoDB AUTO_INCREMENT=4 DEFAULT CHARSET=utf8mb4 COLLATE=utf8mb4_unicode_ci;
/*!40101 SET character_set_client = @saved_cs_client */;

--
-- Dumping data for table `profesores`
--

LOCK TABLES `profesores` WRITE;
/*!40000 ALTER TABLE `profesores` DISABLE KEYS */;
INSERT INTO `profesores` VALUES (1,2,'Jorge','Mitre','22333444','1977-12-13','Peru 1185','CABA','jmitre@gmail.com','1155554444',10000.00,NULL,1,'2026-03-08 21:35:00','2026-03-08 21:35:00'),(2,2,'Romina','Heredia','29888777','1986-10-10','Calle Falsa 1345','San Justo','rheredia@gmail.com','1199998888',8000.00,NULL,1,'2026-03-08 21:37:59','2026-03-08 21:37:59'),(3,1,'Joaquin','Perez','99555666','1995-01-08','Mitre 1234','CABA','jperez@gmail.com','1177778888',NULL,25.00,1,'2026-03-08 21:41:15','2026-03-08 21:41:15');
/*!40000 ALTER TABLE `profesores` ENABLE KEYS */;
UNLOCK TABLES;

--
-- Table structure for table `reglas_primer_pago`
--

DROP TABLE IF EXISTS `reglas_primer_pago`;
/*!40101 SET @saved_cs_client     = @@character_set_client */;
/*!40101 SET character_set_client = utf8 */;
CREATE TABLE `reglas_primer_pago` (
  `id` bigint(20) unsigned NOT NULL AUTO_INCREMENT,
  `nombre` varchar(255) NOT NULL,
  `dia_desde` tinyint(3) unsigned NOT NULL,
  `dia_hasta` tinyint(3) unsigned NOT NULL,
  `porcentaje` decimal(5,2) NOT NULL,
  `activo` tinyint(1) NOT NULL DEFAULT 1,
  `created_at` timestamp NULL DEFAULT NULL,
  `updated_at` timestamp NULL DEFAULT NULL,
  PRIMARY KEY (`id`)
) ENGINE=InnoDB AUTO_INCREMENT=4 DEFAULT CHARSET=utf8mb4 COLLATE=utf8mb4_unicode_ci;
/*!40101 SET character_set_client = @saved_cs_client */;

--
-- Dumping data for table `reglas_primer_pago`
--

LOCK TABLES `reglas_primer_pago` WRITE;
/*!40000 ALTER TABLE `reglas_primer_pago` DISABLE KEYS */;
INSERT INTO `reglas_primer_pago` VALUES (1,'Primera quincena (1-15)',1,15,100.00,1,'2026-02-11 17:47:42','2026-02-11 17:47:42'),(2,'Segunda quincena (16-23)',16,23,70.00,1,'2026-02-11 17:47:42','2026-02-11 17:47:42'),(3,'Fin de mes (24-31)',24,31,40.00,1,'2026-02-11 17:47:42','2026-02-11 17:47:42');
/*!40000 ALTER TABLE `reglas_primer_pago` ENABLE KEYS */;
UNLOCK TABLES;

--
-- Table structure for table `rubros`
--

DROP TABLE IF EXISTS `rubros`;
/*!40101 SET @saved_cs_client     = @@character_set_client */;
/*!40101 SET character_set_client = utf8 */;
CREATE TABLE `rubros` (
  `id` bigint(20) unsigned NOT NULL AUTO_INCREMENT,
  `nombre` varchar(255) NOT NULL,
  `tipo` enum('INGRESO','EGRESO') NOT NULL,
  `observacion` text NOT NULL,
  `created_at` timestamp NULL DEFAULT NULL,
  `updated_at` timestamp NULL DEFAULT NULL,
  PRIMARY KEY (`id`)
) ENGINE=InnoDB AUTO_INCREMENT=7 DEFAULT CHARSET=utf8mb4 COLLATE=utf8mb4_unicode_ci;
/*!40101 SET character_set_client = @saved_cs_client */;

--
-- Dumping data for table `rubros`
--

LOCK TABLES `rubros` WRITE;
/*!40000 ALTER TABLE `rubros` DISABLE KEYS */;
INSERT INTO `rubros` VALUES (1,'Cuotas','INGRESO','Cobro de cuotas mensuales de alumnos','2026-02-11 17:47:48','2026-02-11 17:47:48'),(2,'Ingresos Varios','INGRESO','Otros ingresos operativos (inscripciones, torneos, etc.)','2026-02-11 17:47:48','2026-02-11 17:47:48'),(3,'Intereses','INGRESO','Intereses generados por cuentas bancarias o plataformas de pago','2026-02-11 17:47:48','2026-02-11 17:47:48'),(4,'Sueldos','EGRESO','Pagos al personal docente y administrativo','2026-02-11 17:47:48','2026-02-11 17:47:48'),(5,'Servicios','EGRESO','Pagos de servicios (luz, agua, internet, alquiler)','2026-02-11 17:47:48','2026-02-11 17:47:48'),(6,'Gastos Operativos','EGRESO','Gastos menores del día a día (limpieza, librería, insumos)','2026-02-11 17:47:48','2026-02-11 17:47:48');
/*!40000 ALTER TABLE `rubros` ENABLE KEYS */;
UNLOCK TABLES;

--
-- Table structure for table `sessions`
--

DROP TABLE IF EXISTS `sessions`;
/*!40101 SET @saved_cs_client     = @@character_set_client */;
/*!40101 SET character_set_client = utf8 */;
CREATE TABLE `sessions` (
  `id` varchar(255) NOT NULL,
  `user_id` bigint(20) unsigned DEFAULT NULL,
  `ip_address` varchar(45) DEFAULT NULL,
  `user_agent` text DEFAULT NULL,
  `payload` longtext NOT NULL,
  `last_activity` int(11) NOT NULL,
  PRIMARY KEY (`id`),
  KEY `sessions_user_id_index` (`user_id`),
  KEY `sessions_last_activity_index` (`last_activity`)
) ENGINE=InnoDB DEFAULT CHARSET=utf8mb4 COLLATE=utf8mb4_unicode_ci;
/*!40101 SET character_set_client = @saved_cs_client */;

--
-- Dumping data for table `sessions`
--

LOCK TABLES `sessions` WRITE;
/*!40000 ALTER TABLE `sessions` DISABLE KEYS */;
INSERT INTO `sessions` VALUES ('128GAeB7EdyLi9NnPJxIlunZS11yAHBT3r7Fwl52',1,'127.0.0.1','Mozilla/5.0 (Windows NT 10.0; Win64; x64) AppleWebKit/537.36 (KHTML, like Gecko) Chrome/145.0.0.0 Safari/537.36 Edg/145.0.0.0','YTo1OntzOjY6Il90b2tlbiI7czo0MDoiTjlQT245Qnh6cDh6eE0xcHNqcVlCNHVWSVQ5RnRLNnljUE1Nc245TSI7czozOiJ1cmwiO2E6MTp7czo4OiJpbnRlbmRlZCI7czoyNzoiaHR0cDovL2dlc3Rpb24td2luZ3MvcnVicm9zIjt9czo5OiJfcHJldmlvdXMiO2E6Mjp7czozOiJ1cmwiO3M6Mjc6Imh0dHA6Ly9nZXN0aW9uLXdpbmdzL3J1YnJvcyI7czo1OiJyb3V0ZSI7czoxNjoid2ViLnJ1YnJvcy5pbmRleCI7fXM6NjoiX2ZsYXNoIjthOjI6e3M6Mzoib2xkIjthOjA6e31zOjM6Im5ldyI7YTowOnt9fXM6NTA6ImxvZ2luX3dlYl81OWJhMzZhZGRjMmIyZjk0MDE1ODBmMDE0YzdmNThlYTRlMzA5ODlkIjtpOjE7fQ==',1773141890),('8EyJd2QdwvT3AhRMRUiobOJk4B7mKRlMqBb5Rg6Q',1,'127.0.0.1','Mozilla/5.0 (Windows NT 10.0; Win64; x64) AppleWebKit/537.36 (KHTML, like Gecko) Chrome/147.0.0.0 Safari/537.36','YTo1OntzOjY6Il90b2tlbiI7czo0MDoiR0JGS3ZaUkxkdENHUURmbElTMWVCY2Jaa29ydHk4ejlPVDNRSU94OSI7czozOiJ1cmwiO2E6MTp7czo4OiJpbnRlbmRlZCI7czoyNzoiaHR0cDovL2dlc3Rpb24td2luZ3MvY2xhc2VzIjt9czo5OiJfcHJldmlvdXMiO2E6Mjp7czozOiJ1cmwiO3M6Mjc6Imh0dHA6Ly9nZXN0aW9uLXdpbmdzL2NsYXNlcyI7czo1OiJyb3V0ZSI7czoxNjoid2ViLmNsYXNlcy5pbmRleCI7fXM6NjoiX2ZsYXNoIjthOjI6e3M6Mzoib2xkIjthOjA6e31zOjM6Im5ldyI7YTowOnt9fXM6NTA6ImxvZ2luX3dlYl81OWJhMzZhZGRjMmIyZjk0MDE1ODBmMDE0YzdmNThlYTRlMzA5ODlkIjtpOjE7fQ==',1777255482),('9WEuOHZTrMe9JRAH9Q7N4nxUqLNFOjMQ7rQTezHx',1,'127.0.0.1','Mozilla/5.0 (Windows NT 10.0; Win64; x64) AppleWebKit/537.36 (KHTML, like Gecko) Chrome/145.0.0.0 Safari/537.36','YTo1OntzOjY6Il90b2tlbiI7czo0MDoiMGNscGo0em5sTnJXS2NsSFBsNHhQWUxhNjhQQTlvTDlUU0gzc04wcyI7czozOiJ1cmwiO2E6MTp7czo4OiJpbnRlbmRlZCI7czoyNzoiaHR0cDovL2dlc3Rpb24td2luZ3MvcnVicm9zIjt9czo5OiJfcHJldmlvdXMiO2E6Mjp7czozOiJ1cmwiO3M6NDY6Imh0dHA6Ly9nZXN0aW9uLXdpbmdzL3J1YnJvcy8xL3N1YnJ1YnJvcy9jcmVhdGUiO3M6NToicm91dGUiO3M6MjA6IndlYi5zdWJydWJyb3MuY3JlYXRlIjt9czo2OiJfZmxhc2giO2E6Mjp7czozOiJvbGQiO2E6MDp7fXM6MzoibmV3IjthOjA6e319czo1MDoibG9naW5fd2ViXzU5YmEzNmFkZGMyYjJmOTQwMTU4MGYwMTRjN2Y1OGVhNGUzMDk4OWQiO2k6MTt9',1773159940),('AoiTVKriRrqbT2GjBnVAPEFkmdL6oXUkeDKa73Bg',1,'127.0.0.1','Mozilla/5.0 (Windows NT 10.0; Win64; x64) AppleWebKit/537.36 (KHTML, like Gecko) Chrome/147.0.0.0 Safari/537.36','YTo1OntzOjY6Il90b2tlbiI7czo0MDoib3I4THBqeE94ZDNscEdtYzJ4djdKQzB6aEREek52bzRLcnc3RjVoVCI7czozOiJ1cmwiO2E6MTp7czo4OiJpbnRlbmRlZCI7czoyODoiaHR0cDovL2dlc3Rpb24td2luZ3MvYWx1bW5vcyI7fXM6OToiX3ByZXZpb3VzIjthOjI6e3M6MzoidXJsIjtzOjI3OiJodHRwOi8vZ2VzdGlvbi13aW5ncy9ncnVwb3MiO3M6NToicm91dGUiO3M6MTY6IndlYi5ncnVwb3MuaW5kZXgiO31zOjY6Il9mbGFzaCI7YToyOntzOjM6Im9sZCI7YTowOnt9czozOiJuZXciO2E6MDp7fX1zOjUwOiJsb2dpbl93ZWJfNTliYTM2YWRkYzJiMmY5NDAxNTgwZjAxNGM3ZjU4ZWE0ZTMwOTg5ZCI7aToxO30=',1776330362),('F0qShrj7fc7V2zbNsh5kKJ0LwuGa8RCp99w38h3C',1,'127.0.0.1','Mozilla/5.0 (Windows NT 10.0; Win64; x64) AppleWebKit/537.36 (KHTML, like Gecko) Chrome/147.0.0.0 Safari/537.36','YTo1OntzOjY6Il90b2tlbiI7czo0MDoiTG9NbjZaaExHVEdORnlFRDRiZnBhSUVNdUdwVk1WeG1KNmpCd2Q3UiI7czozOiJ1cmwiO2E6MTp7czo4OiJpbnRlbmRlZCI7czoyODoiaHR0cDovL2dlc3Rpb24td2luZ3MvYWx1bW5vcyI7fXM6OToiX3ByZXZpb3VzIjthOjI6e3M6MzoidXJsIjtzOjI3OiJodHRwOi8vZ2VzdGlvbi13aW5ncy9ncnVwb3MiO3M6NToicm91dGUiO3M6MTY6IndlYi5ncnVwb3MuaW5kZXgiO31zOjY6Il9mbGFzaCI7YToyOntzOjM6Im9sZCI7YTowOnt9czozOiJuZXciO2E6MDp7fX1zOjUwOiJsb2dpbl93ZWJfNTliYTM2YWRkYzJiMmY5NDAxNTgwZjAxNGM3ZjU4ZWE0ZTMwOTg5ZCI7aToxO30=',1777245808),('ghfPqpwZ7cxMpXwwJyepIpEa4ce1D1v1CsgcMiFa',NULL,'127.0.0.1','Mozilla/5.0 (Windows NT 10.0; Win64; x64) AppleWebKit/537.36 (KHTML, like Gecko) Chrome/146.0.0.0 Safari/537.36','YTozOntzOjY6Il90b2tlbiI7czo0MDoicFU1bVI3SnNHcjFxUEVSMHdhbDVoUEFXRUQ4QWFkZ3dwN1VkdXFMVSI7czo5OiJfcHJldmlvdXMiO2E6Mjp7czozOiJ1cmwiO3M6MjY6Imh0dHA6Ly9nZXN0aW9uLXdpbmdzL2xvZ2luIjtzOjU6InJvdXRlIjtzOjU6ImxvZ2luIjt9czo2OiJfZmxhc2giO2E6Mjp7czozOiJvbGQiO2E6MDp7fXM6MzoibmV3IjthOjA6e319fQ==',1774511919),('HXoXIxQSYEqNal3RXk5dQDljAK06ZafbxNfDzktr',1,'127.0.0.1','Mozilla/5.0 (Windows NT 10.0; Win64; x64) AppleWebKit/537.36 (KHTML, like Gecko) Chrome/145.0.0.0 Safari/537.36','YTo1OntzOjY6Il90b2tlbiI7czo0MDoieE9IcVNiZWdvWDhEeWw5cmZPMGdKdzlHdk9FcDd1RHZ3VEJEQW9PdSI7czo2OiJfZmxhc2giO2E6Mjp7czozOiJvbGQiO2E6MDp7fXM6MzoibmV3IjthOjA6e319czo5OiJfcHJldmlvdXMiO2E6Mjp7czozOiJ1cmwiO3M6Mjc6Imh0dHA6Ly9nZXN0aW9uLXdpbmdzL3J1YnJvcyI7czo1OiJyb3V0ZSI7czoxNjoid2ViLnJ1YnJvcy5pbmRleCI7fXM6MzoidXJsIjthOjE6e3M6ODoiaW50ZW5kZWQiO3M6Mjc6Imh0dHA6Ly9nZXN0aW9uLXdpbmdzL3J1YnJvcyI7fXM6NTA6ImxvZ2luX3dlYl81OWJhMzZhZGRjMmIyZjk0MDE1ODBmMDE0YzdmNThlYTRlMzA5ODlkIjtpOjE7fQ==',1773143362),('iHunGrPvP0H6acJN1a13n6MhOPHRjqgg9EZr7laS',1,'127.0.0.1','Mozilla/5.0 (Windows NT 10.0; Win64; x64) AppleWebKit/537.36 (KHTML, like Gecko) Chrome/147.0.0.0 Safari/537.36','YTo0OntzOjY6Il90b2tlbiI7czo0MDoiczMzSllIUTFXcjR4TGV5blQwbXRTRmxQaUpMMzU5YlNFVWpqbkkzQyI7czo5OiJfcHJldmlvdXMiO2E6Mjp7czozOiJ1cmwiO3M6Mjg6Imh0dHA6Ly9nZXN0aW9uLXdpbmdzL25pdmVsZXMiO3M6NToicm91dGUiO3M6MTc6IndlYi5uaXZlbGVzLmluZGV4Ijt9czo2OiJfZmxhc2giO2E6Mjp7czozOiJvbGQiO2E6MDp7fXM6MzoibmV3IjthOjA6e319czo1MDoibG9naW5fd2ViXzU5YmEzNmFkZGMyYjJmOTQwMTU4MGYwMTRjN2Y1OGVhNGUzMDk4OWQiO2k6MTt9',1776400051),('lmWdhlZzEpj0r1Z5eduXZSz3JAmMFhxmupFAOOEa',1,'127.0.0.1','Mozilla/5.0 (Windows NT 10.0; Win64; x64) AppleWebKit/537.36 (KHTML, like Gecko) Chrome/147.0.0.0 Safari/537.36','YTo1OntzOjY6Il90b2tlbiI7czo0MDoic0lmdHNEbEtFaU1MeFN6OUUxQ1hpSzdTR1lHNFU3d0F0SUg2WmxQMCI7czozOiJ1cmwiO2E6MTp7czo4OiJpbnRlbmRlZCI7czoyODoiaHR0cDovL2dlc3Rpb24td2luZ3Mvbml2ZWxlcyI7fXM6OToiX3ByZXZpb3VzIjthOjI6e3M6MzoidXJsIjtzOjI3OiJodHRwOi8vZ2VzdGlvbi13aW5ncy9ncnVwb3MiO3M6NToicm91dGUiO3M6MTY6IndlYi5ncnVwb3MuaW5kZXgiO31zOjY6Il9mbGFzaCI7YToyOntzOjM6Im9sZCI7YTowOnt9czozOiJuZXciO2E6MDp7fX1zOjUwOiJsb2dpbl93ZWJfNTliYTM2YWRkYzJiMmY5NDAxNTgwZjAxNGM3ZjU4ZWE0ZTMwOTg5ZCI7aToxO30=',1776590041),('t0jy5LIXzlyAeflopaoG709tbkFGH2GttJywHVUU',1,'127.0.0.1','Mozilla/5.0 (Windows NT 10.0; Win64; x64) AppleWebKit/537.36 (KHTML, like Gecko) Chrome/145.0.0.0 Safari/537.36 Edg/145.0.0.0','YTo1OntzOjY6Il90b2tlbiI7czo0MDoiVmpKQmtSem93OVdRWEN2R0VPZWR0OXB2SDJBclVXM09aU1FtS0NIbyI7czozOiJ1cmwiO2E6MTp7czo4OiJpbnRlbmRlZCI7czoyNzoiaHR0cDovL2dlc3Rpb24td2luZ3MvcnVicm9zIjt9czo5OiJfcHJldmlvdXMiO2E6Mjp7czozOiJ1cmwiO3M6Mjc6Imh0dHA6Ly9nZXN0aW9uLXdpbmdzL3J1YnJvcyI7czo1OiJyb3V0ZSI7czoxNjoid2ViLnJ1YnJvcy5pbmRleCI7fXM6NjoiX2ZsYXNoIjthOjI6e3M6Mzoib2xkIjthOjA6e31zOjM6Im5ldyI7YTowOnt9fXM6NTA6ImxvZ2luX3dlYl81OWJhMzZhZGRjMmIyZjk0MDE1ODBmMDE0YzdmNThlYTRlMzA5ODlkIjtpOjE7fQ==',1773170850),('TiGT8fAzSpJt2495qV3psIxGcQD3qxLgGMUbjAoc',NULL,'127.0.0.1','Mozilla/5.0 (Windows NT 10.0; Win64; x64) AppleWebKit/537.36 (KHTML, like Gecko) Chrome/146.0.0.0 Safari/537.36','YTozOntzOjY6Il90b2tlbiI7czo0MDoiV0IxQ1ltdGEzVG80bFF1c044UGRycXNTY2dRT0pUZFpmTW5VbU5ybCI7czo5OiJfcHJldmlvdXMiO2E6Mjp7czozOiJ1cmwiO3M6MjY6Imh0dHA6Ly9nZXN0aW9uLXdpbmdzL2xvZ2luIjtzOjU6InJvdXRlIjtzOjU6ImxvZ2luIjt9czo2OiJfZmxhc2giO2E6Mjp7czozOiJvbGQiO2E6MDp7fXM6MzoibmV3IjthOjA6e319fQ==',1774472723),('tKmTXSFbVRqlk5aR8jjOSlQqFEnxACWButV0sm4n',NULL,'127.0.0.1','Mozilla/5.0 (Windows NT 10.0; Win64; x64) AppleWebKit/537.36 (KHTML, like Gecko) Chrome/146.0.0.0 Safari/537.36','YTo0OntzOjY6Il90b2tlbiI7czo0MDoiOUpMUEo0YnpicnY0dU9kUjQ0dUdyRG1UTWtmNEJseHBFR2VuM0YyciI7czozOiJ1cmwiO2E6MTp7czo4OiJpbnRlbmRlZCI7czo0NjoiaHR0cDovL2dlc3Rpb24td2luZ3MvcnVicm9zLzEvc3VicnVicm9zL2NyZWF0ZSI7fXM6OToiX3ByZXZpb3VzIjthOjI6e3M6MzoidXJsIjtzOjQ2OiJodHRwOi8vZ2VzdGlvbi13aW5ncy9ydWJyb3MvMS9zdWJydWJyb3MvY3JlYXRlIjtzOjU6InJvdXRlIjtzOjIwOiJ3ZWIuc3VicnVicm9zLmNyZWF0ZSI7fXM6NjoiX2ZsYXNoIjthOjI6e3M6Mzoib2xkIjthOjA6e31zOjM6Im5ldyI7YTowOnt9fX0=',1774472723),('wOZd8JIWrAcKpvlqdIVL9wwKsWjIs0xUcumsHigi',NULL,'127.0.0.1','Mozilla/5.0 (Windows NT 10.0; Win64; x64) AppleWebKit/537.36 (KHTML, like Gecko) Chrome/146.0.0.0 Safari/537.36','YTozOntzOjY6Il90b2tlbiI7czo0MDoiWVc1NVh4ZDJPWnVQbjBqOUJNbUtPUVNaYURCa1hLbVBpazBUZXBVNSI7czo5OiJfcHJldmlvdXMiO2E6Mjp7czozOiJ1cmwiO3M6MjY6Imh0dHA6Ly9nZXN0aW9uLXdpbmdzL2xvZ2luIjtzOjU6InJvdXRlIjtzOjU6ImxvZ2luIjt9czo2OiJfZmxhc2giO2E6Mjp7czozOiJvbGQiO2E6MDp7fXM6MzoibmV3IjthOjA6e319fQ==',1774219102),('ycAUCLiCG4fGmG4XyPXx7KTJz43n0sCrGfBriPui',1,'127.0.0.1','Mozilla/5.0 (Windows NT 10.0; Win64; x64) AppleWebKit/537.36 (KHTML, like Gecko) Chrome/147.0.0.0 Safari/537.36','YTo1OntzOjY6Il90b2tlbiI7czo0MDoiR0FCOU5ucHIxNWdlbk5GSmU4M0NnemVrZ2RmZ3p0RENpZXdJMEVyWiI7czozOiJ1cmwiO2E6MTp7czo4OiJpbnRlbmRlZCI7czoyODoiaHR0cDovL2dlc3Rpb24td2luZ3MvYWx1bW5vcyI7fXM6OToiX3ByZXZpb3VzIjthOjI6e3M6MzoidXJsIjtzOjI2OiJodHRwOi8vZ2VzdGlvbi13aW5ncy9sb2dpbiI7czo1OiJyb3V0ZSI7czo1OiJsb2dpbiI7fXM6NjoiX2ZsYXNoIjthOjI6e3M6Mzoib2xkIjthOjA6e31zOjM6Im5ldyI7YTowOnt9fXM6NTA6ImxvZ2luX3dlYl81OWJhMzZhZGRjMmIyZjk0MDE1ODBmMDE0YzdmNThlYTRlMzA5ODlkIjtpOjE7fQ==',1777239496);
/*!40000 ALTER TABLE `sessions` ENABLE KEYS */;
UNLOCK TABLES;

--
-- Table structure for table `subrubros`
--

DROP TABLE IF EXISTS `subrubros`;
/*!40101 SET @saved_cs_client     = @@character_set_client */;
/*!40101 SET character_set_client = utf8 */;
CREATE TABLE `subrubros` (
  `id` bigint(20) unsigned NOT NULL AUTO_INCREMENT,
  `rubro_id` bigint(20) unsigned NOT NULL,
  `nombre` varchar(255) NOT NULL,
  `permitido_para` enum('ADMIN','OPERATIVO') NOT NULL,
  `afecta_caja` tinyint(1) NOT NULL DEFAULT 1,
  `es_reservado_sistema` tinyint(1) NOT NULL DEFAULT 0,
  `created_at` timestamp NULL DEFAULT NULL,
  `updated_at` timestamp NULL DEFAULT NULL,
  PRIMARY KEY (`id`),
  UNIQUE KEY `subrubros_nombre_unique` (`nombre`),
  KEY `subrubros_rubro_id_foreign` (`rubro_id`),
  CONSTRAINT `subrubros_rubro_id_foreign` FOREIGN KEY (`rubro_id`) REFERENCES `rubros` (`id`) ON DELETE CASCADE
) ENGINE=InnoDB AUTO_INCREMENT=18 DEFAULT CHARSET=utf8mb4 COLLATE=utf8mb4_unicode_ci;
/*!40101 SET character_set_client = @saved_cs_client */;

--
-- Dumping data for table `subrubros`
--

LOCK TABLES `subrubros` WRITE;
/*!40000 ALTER TABLE `subrubros` DISABLE KEYS */;
INSERT INTO `subrubros` VALUES (1,1,'Cuota Mensual','OPERATIVO',1,1,'2026-02-11 17:47:48','2026-02-11 17:47:48'),(2,2,'Inscripción Torneo','OPERATIVO',1,0,'2026-02-11 17:47:48','2026-02-11 17:47:48'),(3,2,'Venta de Indumentaria','OPERATIVO',1,0,'2026-02-11 17:47:48','2026-02-11 17:47:48'),(4,3,'Intereses Mercado Pago','ADMIN',0,0,'2026-02-11 17:47:48','2026-02-11 17:47:48'),(5,3,'Intereses Banco','ADMIN',0,0,'2026-02-11 17:47:48','2026-02-11 17:47:48'),(6,4,'Sueldo Patín - Romina','ADMIN',0,0,'2026-02-11 17:47:48','2026-02-11 17:47:48'),(7,4,'Sueldo Hockey - Lucas','ADMIN',0,0,'2026-02-11 17:47:48','2026-02-11 17:47:48'),(8,4,'Sueldo Administrativo','ADMIN',0,0,'2026-02-11 17:47:48','2026-02-11 17:47:48'),(9,5,'Alquiler','ADMIN',0,0,'2026-02-11 17:47:48','2026-02-11 17:47:48'),(10,5,'Luz','ADMIN',0,0,'2026-02-11 17:47:48','2026-02-11 17:47:48'),(11,5,'Internet','ADMIN',0,0,'2026-02-11 17:47:48','2026-02-11 17:47:48'),(12,6,'Limpieza','OPERATIVO',1,0,'2026-02-11 17:47:48','2026-02-11 17:47:48'),(13,6,'Librería','OPERATIVO',1,0,'2026-02-11 17:47:48','2026-02-11 17:47:48'),(14,6,'Insumos Varios','OPERATIVO',1,0,'2026-02-11 17:47:48','2026-02-11 17:47:48'),(15,4,'Patín-Jorge Mitre','ADMIN',0,1,'2026-03-08 21:35:00','2026-03-08 21:35:00'),(16,4,'Patín-Romina Heredia','ADMIN',0,1,'2026-03-08 21:37:59','2026-03-08 21:37:59'),(17,4,'Fútbol-Joaquin Perez','ADMIN',0,1,'2026-03-08 21:41:15','2026-03-08 21:41:15');
/*!40000 ALTER TABLE `subrubros` ENABLE KEYS */;
UNLOCK TABLES;

--
-- Table structure for table `tipos_caja`
--

DROP TABLE IF EXISTS `tipos_caja`;
/*!40101 SET @saved_cs_client     = @@character_set_client */;
/*!40101 SET character_set_client = utf8 */;
CREATE TABLE `tipos_caja` (
  `id` bigint(20) unsigned NOT NULL AUTO_INCREMENT,
  `nombre` varchar(255) NOT NULL,
  `activo` tinyint(1) NOT NULL DEFAULT 1,
  `created_at` timestamp NULL DEFAULT NULL,
  `updated_at` timestamp NULL DEFAULT NULL,
  PRIMARY KEY (`id`)
) ENGINE=InnoDB AUTO_INCREMENT=4 DEFAULT CHARSET=utf8mb4 COLLATE=utf8mb4_unicode_ci;
/*!40101 SET character_set_client = @saved_cs_client */;

--
-- Dumping data for table `tipos_caja`
--

LOCK TABLES `tipos_caja` WRITE;
/*!40000 ALTER TABLE `tipos_caja` DISABLE KEYS */;
INSERT INTO `tipos_caja` VALUES (1,'Efectivo',1,'2026-03-08 19:28:19','2026-03-08 19:28:19'),(2,'Banco',1,'2026-03-08 19:28:19','2026-03-08 19:28:19'),(3,'Mercado Pago',1,'2026-03-08 19:28:19','2026-03-08 19:28:19');
/*!40000 ALTER TABLE `tipos_caja` ENABLE KEYS */;
UNLOCK TABLES;

--
-- Table structure for table `users`
--

DROP TABLE IF EXISTS `users`;
/*!40101 SET @saved_cs_client     = @@character_set_client */;
/*!40101 SET character_set_client = utf8 */;
CREATE TABLE `users` (
  `id` bigint(20) unsigned NOT NULL AUTO_INCREMENT,
  `name` varchar(255) NOT NULL,
  `email` varchar(255) NOT NULL,
  `rol` enum('ADMIN','OPERATIVO') NOT NULL DEFAULT 'OPERATIVO',
  `email_verified_at` timestamp NULL DEFAULT NULL,
  `password` varchar(255) NOT NULL,
  `remember_token` varchar(100) DEFAULT NULL,
  `created_at` timestamp NULL DEFAULT NULL,
  `updated_at` timestamp NULL DEFAULT NULL,
  PRIMARY KEY (`id`),
  UNIQUE KEY `users_email_unique` (`email`)
) ENGINE=InnoDB AUTO_INCREMENT=3 DEFAULT CHARSET=utf8mb4 COLLATE=utf8mb4_unicode_ci;
/*!40101 SET character_set_client = @saved_cs_client */;

--
-- Dumping data for table `users`
--

LOCK TABLES `users` WRITE;
/*!40000 ALTER TABLE `users` DISABLE KEYS */;
INSERT INTO `users` VALUES (1,'Admin Test','admin@wings.com','ADMIN',NULL,'$2y$12$fJB9bHRM.C8XL42nSbh18uYF/OOa/qbWKAEZi5zBFcs1Kq4c9L1na',NULL,'2026-02-11 22:12:27','2026-03-02 06:03:20'),(2,'Operativo Test','operativo@wings.com','OPERATIVO',NULL,'$2y$12$fJB9bHRM.C8XL42nSbh18uYF/OOa/qbWKAEZi5zBFcs1Kq4c9L1na',NULL,'2026-02-11 22:12:27','2026-03-02 06:03:20');
/*!40000 ALTER TABLE `users` ENABLE KEYS */;
UNLOCK TABLES;
/*!40103 SET TIME_ZONE=@OLD_TIME_ZONE */;

/*!40101 SET SQL_MODE=@OLD_SQL_MODE */;
/*!40014 SET FOREIGN_KEY_CHECKS=@OLD_FOREIGN_KEY_CHECKS */;
/*!40014 SET UNIQUE_CHECKS=@OLD_UNIQUE_CHECKS */;
/*!40101 SET CHARACTER_SET_CLIENT=@OLD_CHARACTER_SET_CLIENT */;
/*!40101 SET CHARACTER_SET_RESULTS=@OLD_CHARACTER_SET_RESULTS */;
/*!40101 SET COLLATION_CONNECTION=@OLD_COLLATION_CONNECTION */;
/*!40111 SET SQL_NOTES=@OLD_SQL_NOTES */;

-- Dump completed on 2026-04-26 23:41:29
